ALTER TABLE `base_area` COMMENT '行政区域信息';
ALTER TABLE `base_api` COMMENT 'API信息';
ALTER TABLE `base_config` COMMENT '参数配置';
ALTER TABLE `base_dict` COMMENT '字典信息';
ALTER TABLE `base_dict_item` COMMENT '字典属性信息';
ALTER TABLE `base_job` COMMENT '定时任务信息';
ALTER TABLE `base_job_log` COMMENT '定时任务日志信息';
ALTER TABLE `base_dept` COMMENT '部门信息';
ALTER TABLE `base_log` COMMENT '系统日志信息';
ALTER TABLE `base_menu` COMMENT '菜单信息';
ALTER TABLE `base_role` COMMENT '角色信息';
ALTER TABLE `base_user` COMMENT '用户信息';
ALTER TABLE `goods_category` COMMENT '商品分类信息';
ALTER TABLE `casbin_rule` COMMENT 'Casbin权限信息';
ALTER TABLE `goods_info` COMMENT '商品信息';
ALTER TABLE `goods_prop` COMMENT '商品属性信息';
ALTER TABLE `goods_sku` COMMENT '商品SKU信息';
ALTER TABLE `goods_spec` COMMENT '商品规格信息';
ALTER TABLE `goods_stat_day` COMMENT '商品日统计表';
ALTER TABLE `order_address` COMMENT '订单地址信息';
ALTER TABLE `order_cancel` COMMENT '订单取消信息';
ALTER TABLE `order_goods` COMMENT '订单商品信息';
ALTER TABLE `order_info` COMMENT '订单信息表';
ALTER TABLE `order_logistics` COMMENT '订单物流信息';
ALTER TABLE `order_payment` COMMENT '订单支付信息';
ALTER TABLE `order_refund` COMMENT '订单退款信息';
ALTER TABLE `order_stat_day` COMMENT '订单日统计表';
ALTER TABLE `pay_bill` COMMENT '支付对帐单信息';
ALTER TABLE `recommend_exposure` COMMENT '推荐曝光记录信息';
ALTER TABLE `recommend_exposure_item` COMMENT '推荐曝光商品明细信息';
ALTER TABLE `recommend_goods_action` COMMENT '推荐商品行为明细信息';
ALTER TABLE `recommend_goods_relation` COMMENT '商品关联聚合信息';
ALTER TABLE `recommend_goods_stat_day` COMMENT '推荐商品日统计表';
ALTER TABLE `recommend_request` COMMENT '推荐请求记录信息';
ALTER TABLE `recommend_request_item` COMMENT '推荐请求商品明细信息';
ALTER TABLE `recommend_user_preference` COMMENT '用户偏好聚合信息';
ALTER TABLE `recommend_user_goods_preference` COMMENT '用户商品偏好聚合信息';
ALTER TABLE `shop_banner` COMMENT '商城轮播图信息';
ALTER TABLE `shop_hot` COMMENT '商城热门信息';
ALTER TABLE `shop_hot_item` COMMENT '商城热门选项信息';
ALTER TABLE `shop_hot_goods` COMMENT '商城热门推荐商品信息';
ALTER TABLE `shop_service` COMMENT '商城服务信息';
ALTER TABLE `user_address` COMMENT '用户地址信息';
ALTER TABLE `user_cart` COMMENT '用户购物车信息';
ALTER TABLE `user_collect` COMMENT '用户收藏信息';
ALTER TABLE `user_store` COMMENT '用户门店信息';

TRUNCATE TABLE `base_api`;
INSERT INTO `base_api` (`id`, `service_name`, `service_desc`, `desc`, `operation`, `method`, `path`, `deleted_at`) VALUES (1, 'admin.AuthService', 'Admin用户登录认证服务', '获取已经登录的用户按钮', '/admin.AuthService/GetUserButton', 'GET', '/api/admin/auth/button', NULL);
INSERT INTO `base_api` (`id`, `service_name`, `service_desc`, `desc`, `operation`, `method`, `path`, `deleted_at`) VALUES (2, 'admin.AuthService', 'Admin用户登录认证服务', '获取已经登录的用户的数据', '/admin.AuthService/GetUserInfo', 'GET', '/api/admin/auth/user', NULL);
INSERT INTO `base_api` (`id`, `service_name`, `service_desc`, `desc`, `operation`, `method`, `path`, `deleted_at`) VALUES (3, 'admin.AuthService', 'Admin用户登录认证服务', '获取已经登录的用户菜单', '/admin.AuthService/GetUserMenu', 'GET', '/api/admin/auth/menu', NULL);
INSERT INTO `base_api` (`id`, `service_name`, `service_desc`, `desc`, `operation`, `method`, `path`, `deleted_at`) VALUES (4, 'admin.AuthService', 'Admin用户登录认证服务', '获取个人中心用户信息', '/admin.AuthService/GetUserProfile', 'GET', '/api/admin/auth/profile', NULL);
INSERT INTO `base_api` (`id`, `service_name`, `service_desc`, `desc`, `operation`, `method`, `path`, `deleted_at`) VALUES (5, 'admin.AuthService', 'Admin用户登录认证服务', '发送手机号验证码', '/admin.AuthService/SendPhoneCode', 'POST', '/api/admin/auth/phone/code', NULL);
INSERT INTO `base_api` (`id`, `service_name`, `service_desc`, `desc`, `operation`, `method`, `path`, `deleted_at`) VALUES (6, 'admin.AuthService', 'Admin用户登录认证服务', '修改个人中心密码', '/admin.AuthService/UpdateUserPassword', 'PUT', '/api/admin/auth/password', NULL);
INSERT INTO `base_api` (`id`, `service_name`, `service_desc`, `desc`, `operation`, `method`, `path`, `deleted_at`) VALUES (7, 'admin.AuthService', 'Admin用户登录认证服务', '修改个人中心手机号', '/admin.AuthService/UpdateUserPhone', 'PUT', '/api/admin/auth/phone', NULL);
INSERT INTO `base_api` (`id`, `service_name`, `service_desc`, `desc`, `operation`, `method`, `path`, `deleted_at`) VALUES (8, 'admin.AuthService', 'Admin用户登录认证服务', '修改个人中心用户信息', '/admin.AuthService/UpdateUserProfile', 'PUT', '/api/admin/auth/profile', NULL);
INSERT INTO `base_api` (`id`, `service_name`, `service_desc`, `desc`, `operation`, `method`, `path`, `deleted_at`) VALUES (9, 'admin.BaseApiService', 'AdminAPI服务', '查询API列表', '/admin.BaseApiService/ListBaseApi', 'GET', '/api/admin/base/api', NULL);
INSERT INTO `base_api` (`id`, `service_name`, `service_desc`, `desc`, `operation`, `method`, `path`, `deleted_at`) VALUES (10, 'admin.BaseConfigService', 'Admin系统配置服务', '创建系统配置', '/admin.BaseConfigService/CreateBaseConfig', 'POST', '/api/admin/base/config', NULL);
INSERT INTO `base_api` (`id`, `service_name`, `service_desc`, `desc`, `operation`, `method`, `path`, `deleted_at`) VALUES (11, 'admin.BaseConfigService', 'Admin系统配置服务', '删除系统配置', '/admin.BaseConfigService/DeleteBaseConfig', 'DELETE', '/api/admin/base/config/{value}', NULL);
INSERT INTO `base_api` (`id`, `service_name`, `service_desc`, `desc`, `operation`, `method`, `path`, `deleted_at`) VALUES (12, 'admin.BaseConfigService', 'Admin系统配置服务', '查询系统配置', '/admin.BaseConfigService/GetBaseConfig', 'GET', '/api/admin/base/config/{value}', NULL);
INSERT INTO `base_api` (`id`, `service_name`, `service_desc`, `desc`, `operation`, `method`, `path`, `deleted_at`) VALUES (13, 'admin.BaseConfigService', 'Admin系统配置服务', '查询系统配置分页列表', '/admin.BaseConfigService/PageBaseConfig', 'GET', '/api/admin/base/config', NULL);
INSERT INTO `base_api` (`id`, `service_name`, `service_desc`, `desc`, `operation`, `method`, `path`, `deleted_at`) VALUES (14, 'admin.BaseConfigService', 'Admin系统配置服务', '刷新缓存', '/admin.BaseConfigService/RefreshBaseConfigCache', 'PUT', '/api/admin/base/config/cache', NULL);
INSERT INTO `base_api` (`id`, `service_name`, `service_desc`, `desc`, `operation`, `method`, `path`, `deleted_at`) VALUES (15, 'admin.BaseConfigService', 'Admin系统配置服务', '设置状态', '/admin.BaseConfigService/SetBaseConfigStatus', 'PUT', '/api/admin/base/config/{id}/status', NULL);
INSERT INTO `base_api` (`id`, `service_name`, `service_desc`, `desc`, `operation`, `method`, `path`, `deleted_at`) VALUES (16, 'admin.BaseConfigService', 'Admin系统配置服务', '更新系统配置', '/admin.BaseConfigService/UpdateBaseConfig', 'PUT', '/api/admin/base/config/{id}', NULL);
INSERT INTO `base_api` (`id`, `service_name`, `service_desc`, `desc`, `operation`, `method`, `path`, `deleted_at`) VALUES (17, 'admin.BaseDeptService', 'Admin部门服务', '创建部门', '/admin.BaseDeptService/CreateBaseDept', 'POST', '/api/admin/base/dept', NULL);
INSERT INTO `base_api` (`id`, `service_name`, `service_desc`, `desc`, `operation`, `method`, `path`, `deleted_at`) VALUES (18, 'admin.BaseDeptService', 'Admin部门服务', '删除部门', '/admin.BaseDeptService/DeleteBaseDept', 'DELETE', '/api/admin/base/dept/{value}', NULL);
INSERT INTO `base_api` (`id`, `service_name`, `service_desc`, `desc`, `operation`, `method`, `path`, `deleted_at`) VALUES (19, 'admin.BaseDeptService', 'Admin部门服务', '查询部门', '/admin.BaseDeptService/GetBaseDept', 'GET', '/api/admin/base/dept/{value}', NULL);
INSERT INTO `base_api` (`id`, `service_name`, `service_desc`, `desc`, `operation`, `method`, `path`, `deleted_at`) VALUES (20, 'admin.BaseDeptService', 'Admin部门服务', '查询部门树形选择', '/admin.BaseDeptService/OptionBaseDept', 'GET', '/api/admin/base/dept/option', NULL);
INSERT INTO `base_api` (`id`, `service_name`, `service_desc`, `desc`, `operation`, `method`, `path`, `deleted_at`) VALUES (21, 'admin.BaseDeptService', 'Admin部门服务', '设置状态', '/admin.BaseDeptService/SetBaseDeptStatus', 'PUT', '/api/admin/base/dept/{id}/status', NULL);
INSERT INTO `base_api` (`id`, `service_name`, `service_desc`, `desc`, `operation`, `method`, `path`, `deleted_at`) VALUES (22, 'admin.BaseDeptService', 'Admin部门服务', '查询部门树形列表', '/admin.BaseDeptService/TreeBaseDept', 'GET', '/api/admin/base/dept/tree', NULL);
INSERT INTO `base_api` (`id`, `service_name`, `service_desc`, `desc`, `operation`, `method`, `path`, `deleted_at`) VALUES (23, 'admin.BaseDeptService', 'Admin部门服务', '更新部门', '/admin.BaseDeptService/UpdateBaseDept', 'PUT', '/api/admin/base/dept/{id}', NULL);
INSERT INTO `base_api` (`id`, `service_name`, `service_desc`, `desc`, `operation`, `method`, `path`, `deleted_at`) VALUES (24, 'admin.BaseDictService', 'Admin字典服务', '创建字典', '/admin.BaseDictService/CreateBaseDict', 'POST', '/api/admin/base/dict', NULL);
INSERT INTO `base_api` (`id`, `service_name`, `service_desc`, `desc`, `operation`, `method`, `path`, `deleted_at`) VALUES (25, 'admin.BaseDictService', 'Admin字典服务', '创建字典属性', '/admin.BaseDictService/CreateBaseDictItem', 'POST', '/api/admin/base/dict-item', NULL);
INSERT INTO `base_api` (`id`, `service_name`, `service_desc`, `desc`, `operation`, `method`, `path`, `deleted_at`) VALUES (26, 'admin.BaseDictService', 'Admin字典服务', '删除字典', '/admin.BaseDictService/DeleteBaseDict', 'DELETE', '/api/admin/base/dict/{value}', NULL);
INSERT INTO `base_api` (`id`, `service_name`, `service_desc`, `desc`, `operation`, `method`, `path`, `deleted_at`) VALUES (27, 'admin.BaseDictService', 'Admin字典服务', '删除字典属性', '/admin.BaseDictService/DeleteBaseDictItem', 'DELETE', '/api/admin/base/dict-item/{value}', NULL);
INSERT INTO `base_api` (`id`, `service_name`, `service_desc`, `desc`, `operation`, `method`, `path`, `deleted_at`) VALUES (28, 'admin.BaseDictService', 'Admin字典服务', '查询字典', '/admin.BaseDictService/GetBaseDict', 'GET', '/api/admin/base/dict/{value}', NULL);
INSERT INTO `base_api` (`id`, `service_name`, `service_desc`, `desc`, `operation`, `method`, `path`, `deleted_at`) VALUES (29, 'admin.BaseDictService', 'Admin字典服务', '查询字典属性', '/admin.BaseDictService/GetBaseDictItem', 'GET', '/api/admin/base/dict-item/{value}', NULL);
INSERT INTO `base_api` (`id`, `service_name`, `service_desc`, `desc`, `operation`, `method`, `path`, `deleted_at`) VALUES (30, 'admin.BaseDictService', 'Admin字典服务', '查询字典列表', '/admin.BaseDictService/OptionBaseDict', 'GET', '/api/admin/base/dict/option', NULL);
INSERT INTO `base_api` (`id`, `service_name`, `service_desc`, `desc`, `operation`, `method`, `path`, `deleted_at`) VALUES (31, 'admin.BaseDictService', 'Admin字典服务', '查询字典分页列表', '/admin.BaseDictService/PageBaseDict', 'GET', '/api/admin/base/dict', NULL);
INSERT INTO `base_api` (`id`, `service_name`, `service_desc`, `desc`, `operation`, `method`, `path`, `deleted_at`) VALUES (32, 'admin.BaseDictService', 'Admin字典服务', '查询字典属性分页列表', '/admin.BaseDictService/PageBaseDictItem', 'GET', '/api/admin/base/dict-item', NULL);
INSERT INTO `base_api` (`id`, `service_name`, `service_desc`, `desc`, `operation`, `method`, `path`, `deleted_at`) VALUES (33, 'admin.BaseDictService', 'Admin字典服务', '设置状态', '/admin.BaseDictService/SetBaseDictItemStatus', 'PUT', '/api/admin/base/dict-item/{id}/status', NULL);
INSERT INTO `base_api` (`id`, `service_name`, `service_desc`, `desc`, `operation`, `method`, `path`, `deleted_at`) VALUES (34, 'admin.BaseDictService', 'Admin字典服务', '设置状态', '/admin.BaseDictService/SetBaseDictStatus', 'PUT', '/api/admin/base/dict/{id}/status', NULL);
INSERT INTO `base_api` (`id`, `service_name`, `service_desc`, `desc`, `operation`, `method`, `path`, `deleted_at`) VALUES (35, 'admin.BaseDictService', 'Admin字典服务', '更新字典', '/admin.BaseDictService/UpdateBaseDict', 'PUT', '/api/admin/base/dict/{id}', NULL);
INSERT INTO `base_api` (`id`, `service_name`, `service_desc`, `desc`, `operation`, `method`, `path`, `deleted_at`) VALUES (36, 'admin.BaseDictService', 'Admin字典服务', '更新字典属性', '/admin.BaseDictService/UpdateBaseDictItem', 'PUT', '/api/admin/base/dict-item/{id}', NULL);
INSERT INTO `base_api` (`id`, `service_name`, `service_desc`, `desc`, `operation`, `method`, `path`, `deleted_at`) VALUES (37, 'admin.BaseJobService', 'Admin定时任务服务', '创建定时任务', '/admin.BaseJobService/CreateBaseJob', 'POST', '/api/admin/base/job', NULL);
INSERT INTO `base_api` (`id`, `service_name`, `service_desc`, `desc`, `operation`, `method`, `path`, `deleted_at`) VALUES (38, 'admin.BaseJobService', 'Admin定时任务服务', '删除定时任务', '/admin.BaseJobService/DeleteBaseJob', 'DELETE', '/api/admin/base/job/{value}', NULL);
INSERT INTO `base_api` (`id`, `service_name`, `service_desc`, `desc`, `operation`, `method`, `path`, `deleted_at`) VALUES (39, 'admin.BaseJobService', 'Admin定时任务服务', '执行任务', '/admin.BaseJobService/ExecuteBaseJob', 'POST', '/api/admin/base/job/{id}/execution', NULL);
INSERT INTO `base_api` (`id`, `service_name`, `service_desc`, `desc`, `operation`, `method`, `path`, `deleted_at`) VALUES (40, 'admin.BaseJobService', 'Admin定时任务服务', '查询定时任务', '/admin.BaseJobService/GetBaseJob', 'GET', '/api/admin/base/job/{value}', NULL);
INSERT INTO `base_api` (`id`, `service_name`, `service_desc`, `desc`, `operation`, `method`, `path`, `deleted_at`) VALUES (41, 'admin.BaseJobService', 'Admin定时任务服务', '查询定时任务日志', '/admin.BaseJobService/GetBaseJobLog', 'GET', '/api/admin/base/job-log/{value}', NULL);
INSERT INTO `base_api` (`id`, `service_name`, `service_desc`, `desc`, `operation`, `method`, `path`, `deleted_at`) VALUES (42, 'admin.BaseJobService', 'Admin定时任务服务', '查询定时任务分页列表', '/admin.BaseJobService/PageBaseJob', 'GET', '/api/admin/base/job', NULL);
INSERT INTO `base_api` (`id`, `service_name`, `service_desc`, `desc`, `operation`, `method`, `path`, `deleted_at`) VALUES (43, 'admin.BaseJobService', 'Admin定时任务服务', '查询定时任务日志分页列表', '/admin.BaseJobService/PageBaseJobLog', 'GET', '/api/admin/base/job-log', NULL);
INSERT INTO `base_api` (`id`, `service_name`, `service_desc`, `desc`, `operation`, `method`, `path`, `deleted_at`) VALUES (44, 'admin.BaseJobService', 'Admin定时任务服务', '设置状态', '/admin.BaseJobService/SetBaseJobStatus', 'PUT', '/api/admin/base/job/{id}/status', NULL);
INSERT INTO `base_api` (`id`, `service_name`, `service_desc`, `desc`, `operation`, `method`, `path`, `deleted_at`) VALUES (45, 'admin.BaseJobService', 'Admin定时任务服务', '启动任务', '/admin.BaseJobService/StartBaseJob', 'PUT', '/api/admin/base/job/{id}/running', NULL);
INSERT INTO `base_api` (`id`, `service_name`, `service_desc`, `desc`, `operation`, `method`, `path`, `deleted_at`) VALUES (46, 'admin.BaseJobService', 'Admin定时任务服务', '停止任务', '/admin.BaseJobService/StopBaseJob', 'DELETE', '/api/admin/base/job/{id}/running', NULL);
INSERT INTO `base_api` (`id`, `service_name`, `service_desc`, `desc`, `operation`, `method`, `path`, `deleted_at`) VALUES (47, 'admin.BaseJobService', 'Admin定时任务服务', '更新定时任务', '/admin.BaseJobService/UpdateBaseJob', 'PUT', '/api/admin/base/job/{id}', NULL);
INSERT INTO `base_api` (`id`, `service_name`, `service_desc`, `desc`, `operation`, `method`, `path`, `deleted_at`) VALUES (48, 'admin.BaseLogService', 'Admin日志服务', '查询日志', '/admin.BaseLogService/GetBaseLog', 'GET', '/api/admin/base/log/{value}', NULL);
INSERT INTO `base_api` (`id`, `service_name`, `service_desc`, `desc`, `operation`, `method`, `path`, `deleted_at`) VALUES (49, 'admin.BaseLogService', 'Admin日志服务', '查询日志分页列表', '/admin.BaseLogService/PageBaseLog', 'GET', '/api/admin/base/log', NULL);
INSERT INTO `base_api` (`id`, `service_name`, `service_desc`, `desc`, `operation`, `method`, `path`, `deleted_at`) VALUES (50, 'admin.BaseMenuService', 'Admin菜单管理服务', '创建菜单', '/admin.BaseMenuService/CreateBaseMenu', 'POST', '/api/admin/base/menu', NULL);
INSERT INTO `base_api` (`id`, `service_name`, `service_desc`, `desc`, `operation`, `method`, `path`, `deleted_at`) VALUES (51, 'admin.BaseMenuService', 'Admin菜单管理服务', '删除菜单', '/admin.BaseMenuService/DeleteBaseMenu', 'DELETE', '/api/admin/base/menu/{value}', NULL);
INSERT INTO `base_api` (`id`, `service_name`, `service_desc`, `desc`, `operation`, `method`, `path`, `deleted_at`) VALUES (52, 'admin.BaseMenuService', 'Admin菜单管理服务', '查询菜单', '/admin.BaseMenuService/GetBaseMenu', 'GET', '/api/admin/base/menu/{value}', NULL);
INSERT INTO `base_api` (`id`, `service_name`, `service_desc`, `desc`, `operation`, `method`, `path`, `deleted_at`) VALUES (53, 'admin.BaseMenuService', 'Admin菜单管理服务', '查询菜单树形选择', '/admin.BaseMenuService/OptionBaseMenu', 'GET', '/api/admin/base/menu/option', NULL);
INSERT INTO `base_api` (`id`, `service_name`, `service_desc`, `desc`, `operation`, `method`, `path`, `deleted_at`) VALUES (54, 'admin.BaseMenuService', 'Admin菜单管理服务', '设置状态', '/admin.BaseMenuService/SetBaseMenuStatus', 'PUT', '/api/admin/base/menu/{id}/status', NULL);
INSERT INTO `base_api` (`id`, `service_name`, `service_desc`, `desc`, `operation`, `method`, `path`, `deleted_at`) VALUES (55, 'admin.BaseMenuService', 'Admin菜单管理服务', '查询菜单树形列表', '/admin.BaseMenuService/TreeBaseMenu', 'GET', '/api/admin/base/menu/tree', NULL);
INSERT INTO `base_api` (`id`, `service_name`, `service_desc`, `desc`, `operation`, `method`, `path`, `deleted_at`) VALUES (56, 'admin.BaseMenuService', 'Admin菜单管理服务', '更新菜单', '/admin.BaseMenuService/UpdateBaseMenu', 'PUT', '/api/admin/base/menu/{id}', NULL);
INSERT INTO `base_api` (`id`, `service_name`, `service_desc`, `desc`, `operation`, `method`, `path`, `deleted_at`) VALUES (57, 'admin.BaseRoleService', 'Admin角色管理服务', '创建角色', '/admin.BaseRoleService/CreateBaseRole', 'POST', '/api/admin/base/role', NULL);
INSERT INTO `base_api` (`id`, `service_name`, `service_desc`, `desc`, `operation`, `method`, `path`, `deleted_at`) VALUES (58, 'admin.BaseRoleService', 'Admin角色管理服务', '删除角色', '/admin.BaseRoleService/DeleteBaseRole', 'DELETE', '/api/admin/base/role/{value}', NULL);
INSERT INTO `base_api` (`id`, `service_name`, `service_desc`, `desc`, `operation`, `method`, `path`, `deleted_at`) VALUES (59, 'admin.BaseRoleService', 'Admin角色管理服务', '查询角色', '/admin.BaseRoleService/GetBaseRole', 'GET', '/api/admin/base/role/{value}', NULL);
INSERT INTO `base_api` (`id`, `service_name`, `service_desc`, `desc`, `operation`, `method`, `path`, `deleted_at`) VALUES (60, 'admin.BaseRoleService', 'Admin角色管理服务', '查询角色下拉选择', '/admin.BaseRoleService/OptionBaseRole', 'GET', '/api/admin/base/role/option', NULL);
INSERT INTO `base_api` (`id`, `service_name`, `service_desc`, `desc`, `operation`, `method`, `path`, `deleted_at`) VALUES (61, 'admin.BaseRoleService', 'Admin角色管理服务', '查询角色分页列表', '/admin.BaseRoleService/PageBaseRole', 'GET', '/api/admin/base/role', NULL);
INSERT INTO `base_api` (`id`, `service_name`, `service_desc`, `desc`, `operation`, `method`, `path`, `deleted_at`) VALUES (62, 'admin.BaseRoleService', 'Admin角色管理服务', '设置角色菜单权限', '/admin.BaseRoleService/SetBaseRoleMenu', 'PUT', '/api/admin/base/role/{id}/menu', NULL);
INSERT INTO `base_api` (`id`, `service_name`, `service_desc`, `desc`, `operation`, `method`, `path`, `deleted_at`) VALUES (63, 'admin.BaseRoleService', 'Admin角色管理服务', '设置状态', '/admin.BaseRoleService/SetBaseRoleStatus', 'PUT', '/api/admin/base/role/{id}/status', NULL);
INSERT INTO `base_api` (`id`, `service_name`, `service_desc`, `desc`, `operation`, `method`, `path`, `deleted_at`) VALUES (64, 'admin.BaseRoleService', 'Admin角色管理服务', '更新角色', '/admin.BaseRoleService/UpdateBaseRole', 'PUT', '/api/admin/base/role/{id}', NULL);
INSERT INTO `base_api` (`id`, `service_name`, `service_desc`, `desc`, `operation`, `method`, `path`, `deleted_at`) VALUES (65, 'admin.BaseUserService', 'Admin用户管理服务', '创建用户', '/admin.BaseUserService/CreateBaseUser', 'POST', '/api/admin/base/user', NULL);
INSERT INTO `base_api` (`id`, `service_name`, `service_desc`, `desc`, `operation`, `method`, `path`, `deleted_at`) VALUES (66, 'admin.BaseUserService', 'Admin用户管理服务', '删除用户', '/admin.BaseUserService/DeleteBaseUser', 'DELETE', '/api/admin/base/user/{value}', NULL);
INSERT INTO `base_api` (`id`, `service_name`, `service_desc`, `desc`, `operation`, `method`, `path`, `deleted_at`) VALUES (67, 'admin.BaseUserService', 'Admin用户管理服务', '查询用户', '/admin.BaseUserService/GetBaseUser', 'GET', '/api/admin/base/user/{value}', NULL);
INSERT INTO `base_api` (`id`, `service_name`, `service_desc`, `desc`, `operation`, `method`, `path`, `deleted_at`) VALUES (68, 'admin.BaseUserService', 'Admin用户管理服务', '查询用户下拉选择', '/admin.BaseUserService/OptionBaseUser', 'GET', '/api/admin/base/user/option', NULL);
INSERT INTO `base_api` (`id`, `service_name`, `service_desc`, `desc`, `operation`, `method`, `path`, `deleted_at`) VALUES (69, 'admin.BaseUserService', 'Admin用户管理服务', '查询用户分页列表', '/admin.BaseUserService/PageBaseUser', 'GET', '/api/admin/base/user', NULL);
INSERT INTO `base_api` (`id`, `service_name`, `service_desc`, `desc`, `operation`, `method`, `path`, `deleted_at`) VALUES (70, 'admin.BaseUserService', 'Admin用户管理服务', '重置密码', '/admin.BaseUserService/ResetBaseUserPassword', 'PUT', '/api/admin/base/user/{id}/password', NULL);
INSERT INTO `base_api` (`id`, `service_name`, `service_desc`, `desc`, `operation`, `method`, `path`, `deleted_at`) VALUES (71, 'admin.BaseUserService', 'Admin用户管理服务', '设置状态', '/admin.BaseUserService/SetBaseUserStatus', 'PUT', '/api/admin/base/user/{id}/status', NULL);
INSERT INTO `base_api` (`id`, `service_name`, `service_desc`, `desc`, `operation`, `method`, `path`, `deleted_at`) VALUES (72, 'admin.BaseUserService', 'Admin用户管理服务', '更新用户', '/admin.BaseUserService/UpdateBaseUser', 'PUT', '/api/admin/base/user/{id}', NULL);
INSERT INTO `base_api` (`id`, `service_name`, `service_desc`, `desc`, `operation`, `method`, `path`, `deleted_at`) VALUES (73, 'admin.GoodsAnalyticsService', 'Admin商品分析服务', '查询商品分类分布', '/admin.GoodsAnalyticsService/GetGoodsAnalyticsPie', 'GET', '/api/admin/analytics/goods/pie', NULL);
INSERT INTO `base_api` (`id`, `service_name`, `service_desc`, `desc`, `operation`, `method`, `path`, `deleted_at`) VALUES (74, 'admin.GoodsAnalyticsService', 'Admin商品分析服务', '查询商品摘要指标', '/admin.GoodsAnalyticsService/GetGoodsAnalyticsSummary', 'GET', '/api/admin/analytics/goods/summary', NULL);
INSERT INTO `base_api` (`id`, `service_name`, `service_desc`, `desc`, `operation`, `method`, `path`, `deleted_at`) VALUES (75, 'admin.GoodsAnalyticsService', 'Admin商品分析服务', '查询商品趋势', '/admin.GoodsAnalyticsService/GetGoodsAnalyticsTrend', 'GET', '/api/admin/analytics/goods/trend', NULL);
INSERT INTO `base_api` (`id`, `service_name`, `service_desc`, `desc`, `operation`, `method`, `path`, `deleted_at`) VALUES (76, 'admin.GoodsCategoryService', 'Admin商品分类服务', '创建商品分类', '/admin.GoodsCategoryService/CreateGoodsCategory', 'POST', '/api/admin/goods/category', NULL);
INSERT INTO `base_api` (`id`, `service_name`, `service_desc`, `desc`, `operation`, `method`, `path`, `deleted_at`) VALUES (77, 'admin.GoodsCategoryService', 'Admin商品分类服务', '删除商品分类', '/admin.GoodsCategoryService/DeleteGoodsCategory', 'DELETE', '/api/admin/goods/category/{value}', NULL);
INSERT INTO `base_api` (`id`, `service_name`, `service_desc`, `desc`, `operation`, `method`, `path`, `deleted_at`) VALUES (78, 'admin.GoodsCategoryService', 'Admin商品分类服务', '查询商品分类', '/admin.GoodsCategoryService/GetGoodsCategory', 'GET', '/api/admin/goods/category/{value}', NULL);
INSERT INTO `base_api` (`id`, `service_name`, `service_desc`, `desc`, `operation`, `method`, `path`, `deleted_at`) VALUES (79, 'admin.GoodsCategoryService', 'Admin商品分类服务', '查询商品分类树形选择', '/admin.GoodsCategoryService/OptionGoodsCategory', 'GET', '/api/admin/goods/category/option', NULL);
INSERT INTO `base_api` (`id`, `service_name`, `service_desc`, `desc`, `operation`, `method`, `path`, `deleted_at`) VALUES (80, 'admin.GoodsCategoryService', 'Admin商品分类服务', '设置状态', '/admin.GoodsCategoryService/SetGoodsCategoryStatus', 'PUT', '/api/admin/goods/category/{id}/status', NULL);
INSERT INTO `base_api` (`id`, `service_name`, `service_desc`, `desc`, `operation`, `method`, `path`, `deleted_at`) VALUES (81, 'admin.GoodsCategoryService', 'Admin商品分类服务', '查询商品分类树形列表', '/admin.GoodsCategoryService/TreeGoodsCategory', 'GET', '/api/admin/goods/category/tree', NULL);
INSERT INTO `base_api` (`id`, `service_name`, `service_desc`, `desc`, `operation`, `method`, `path`, `deleted_at`) VALUES (82, 'admin.GoodsCategoryService', 'Admin商品分类服务', '更新商品分类', '/admin.GoodsCategoryService/UpdateGoodsCategory', 'PUT', '/api/admin/goods/category/{id}', NULL);
INSERT INTO `base_api` (`id`, `service_name`, `service_desc`, `desc`, `operation`, `method`, `path`, `deleted_at`) VALUES (83, 'admin.GoodsInfoService', 'Admin商品信息服务', '创建商品信息', '/admin.GoodsInfoService/CreateGoodsInfo', 'POST', '/api/admin/goods/info', NULL);
INSERT INTO `base_api` (`id`, `service_name`, `service_desc`, `desc`, `operation`, `method`, `path`, `deleted_at`) VALUES (84, 'admin.GoodsInfoService', 'Admin商品信息服务', '删除商品信息', '/admin.GoodsInfoService/DeleteGoodsInfo', 'DELETE', '/api/admin/goods/info/{value}', NULL);
INSERT INTO `base_api` (`id`, `service_name`, `service_desc`, `desc`, `operation`, `method`, `path`, `deleted_at`) VALUES (85, 'admin.GoodsInfoService', 'Admin商品信息服务', '查询商品信息', '/admin.GoodsInfoService/GetGoodsInfo', 'GET', '/api/admin/goods/info/{value}', NULL);
INSERT INTO `base_api` (`id`, `service_name`, `service_desc`, `desc`, `operation`, `method`, `path`, `deleted_at`) VALUES (86, 'admin.GoodsInfoService', 'Admin商品信息服务', '查询商品信息下拉选择', '/admin.GoodsInfoService/OptionGoodsInfo', 'GET', '/api/admin/goods/info/option', NULL);
INSERT INTO `base_api` (`id`, `service_name`, `service_desc`, `desc`, `operation`, `method`, `path`, `deleted_at`) VALUES (87, 'admin.GoodsInfoService', 'Admin商品信息服务', '查询商品信息分页列表', '/admin.GoodsInfoService/PageGoodsInfo', 'GET', '/api/admin/goods/info', NULL);
INSERT INTO `base_api` (`id`, `service_name`, `service_desc`, `desc`, `operation`, `method`, `path`, `deleted_at`) VALUES (88, 'admin.GoodsInfoService', 'Admin商品信息服务', '设置状态', '/admin.GoodsInfoService/SetGoodsInfoStatus', 'PUT', '/api/admin/goods/info/{id}/status', NULL);
INSERT INTO `base_api` (`id`, `service_name`, `service_desc`, `desc`, `operation`, `method`, `path`, `deleted_at`) VALUES (89, 'admin.GoodsInfoService', 'Admin商品信息服务', '更新商品信息', '/admin.GoodsInfoService/UpdateGoodsInfo', 'PUT', '/api/admin/goods/info/{id}', NULL);
INSERT INTO `base_api` (`id`, `service_name`, `service_desc`, `desc`, `operation`, `method`, `path`, `deleted_at`) VALUES (90, 'admin.GoodsPropService', 'Admin商品属性服务', '创建商品属性', '/admin.GoodsPropService/CreateGoodsProp', 'POST', '/api/admin/goods/prop', NULL);
INSERT INTO `base_api` (`id`, `service_name`, `service_desc`, `desc`, `operation`, `method`, `path`, `deleted_at`) VALUES (91, 'admin.GoodsPropService', 'Admin商品属性服务', '删除商品属性', '/admin.GoodsPropService/DeleteGoodsProp', 'DELETE', '/api/admin/goods/prop/{value}', NULL);
INSERT INTO `base_api` (`id`, `service_name`, `service_desc`, `desc`, `operation`, `method`, `path`, `deleted_at`) VALUES (92, 'admin.GoodsPropService', 'Admin商品属性服务', '查询商品属性', '/admin.GoodsPropService/GetGoodsProp', 'GET', '/api/admin/goods/prop/{value}', NULL);
INSERT INTO `base_api` (`id`, `service_name`, `service_desc`, `desc`, `operation`, `method`, `path`, `deleted_at`) VALUES (93, 'admin.GoodsPropService', 'Admin商品属性服务', '查询商品属性分页列表', '/admin.GoodsPropService/PageGoodsProp', 'GET', '/api/admin/goods/prop', NULL);
INSERT INTO `base_api` (`id`, `service_name`, `service_desc`, `desc`, `operation`, `method`, `path`, `deleted_at`) VALUES (94, 'admin.GoodsPropService', 'Admin商品属性服务', '更新商品属性', '/admin.GoodsPropService/UpdateGoodsProp', 'PUT', '/api/admin/goods/prop/{id}', NULL);
INSERT INTO `base_api` (`id`, `service_name`, `service_desc`, `desc`, `operation`, `method`, `path`, `deleted_at`) VALUES (95, 'admin.GoodsSkuService', 'Admin商品SKU服务', '查询商品SKU', '/admin.GoodsSkuService/GetGoodsSku', 'GET', '/api/admin/goods/sku/{value}', NULL);
INSERT INTO `base_api` (`id`, `service_name`, `service_desc`, `desc`, `operation`, `method`, `path`, `deleted_at`) VALUES (96, 'admin.GoodsSkuService', 'Admin商品SKU服务', '查询商品SKU分页列表', '/admin.GoodsSkuService/PageGoodsSku', 'GET', '/api/admin/goods/sku', NULL);
INSERT INTO `base_api` (`id`, `service_name`, `service_desc`, `desc`, `operation`, `method`, `path`, `deleted_at`) VALUES (97, 'admin.GoodsSkuService', 'Admin商品SKU服务', '更新商品SKU', '/admin.GoodsSkuService/UpdateGoodsSku', 'PUT', '/api/admin/goods/sku/{id}', NULL);
INSERT INTO `base_api` (`id`, `service_name`, `service_desc`, `desc`, `operation`, `method`, `path`, `deleted_at`) VALUES (98, 'admin.GoodsSpecService', 'Admin商品规格服务', '查询商品规格列表', '/admin.GoodsSpecService/ListGoodsSpec', 'GET', '/api/admin/goods/spec', NULL);
INSERT INTO `base_api` (`id`, `service_name`, `service_desc`, `desc`, `operation`, `method`, `path`, `deleted_at`) VALUES (99, 'admin.OrderAnalyticsService', 'Admin订单分析服务', '查询订单状态分布', '/admin.OrderAnalyticsService/GetOrderAnalyticsPie', 'GET', '/api/admin/analytics/order/pie', NULL);
INSERT INTO `base_api` (`id`, `service_name`, `service_desc`, `desc`, `operation`, `method`, `path`, `deleted_at`) VALUES (100, 'admin.OrderAnalyticsService', 'Admin订单分析服务', '查询订单摘要指标', '/admin.OrderAnalyticsService/GetOrderAnalyticsSummary', 'GET', '/api/admin/analytics/order/summary', NULL);
INSERT INTO `base_api` (`id`, `service_name`, `service_desc`, `desc`, `operation`, `method`, `path`, `deleted_at`) VALUES (101, 'admin.OrderAnalyticsService', 'Admin订单分析服务', '查询订单趋势', '/admin.OrderAnalyticsService/GetOrderAnalyticsTrend', 'GET', '/api/admin/analytics/order/trend', NULL);
INSERT INTO `base_api` (`id`, `service_name`, `service_desc`, `desc`, `operation`, `method`, `path`, `deleted_at`) VALUES (102, 'admin.OrderInfoService', 'Admin订单信息服务', '查询订单信息', '/admin.OrderInfoService/GetOrderInfo', 'GET', '/api/admin/order/info/{value}', NULL);
INSERT INTO `base_api` (`id`, `service_name`, `service_desc`, `desc`, `operation`, `method`, `path`, `deleted_at`) VALUES (103, 'admin.OrderInfoService', 'Admin订单信息服务', '查询订单信息退款信息', '/admin.OrderInfoService/GetOrderInfoRefund', 'GET', '/api/admin/order/info/{value}/refund', NULL);
INSERT INTO `base_api` (`id`, `service_name`, `service_desc`, `desc`, `operation`, `method`, `path`, `deleted_at`) VALUES (104, 'admin.OrderInfoService', 'Admin订单信息服务', '查询订单信息发货信息', '/admin.OrderInfoService/GetOrderInfoShipment', 'GET', '/api/admin/order/info/{value}/shipment', NULL);
INSERT INTO `base_api` (`id`, `service_name`, `service_desc`, `desc`, `operation`, `method`, `path`, `deleted_at`) VALUES (105, 'admin.OrderInfoService', 'Admin订单信息服务', '查询订单信息分页列表', '/admin.OrderInfoService/PageOrderInfo', 'GET', '/api/admin/order/info', NULL);
INSERT INTO `base_api` (`id`, `service_name`, `service_desc`, `desc`, `operation`, `method`, `path`, `deleted_at`) VALUES (106, 'admin.OrderInfoService', 'Admin订单信息服务', '订单信息退款', '/admin.OrderInfoService/RefundOrderInfo', 'PUT', '/api/admin/order/info/{orderId}/refund', NULL);
INSERT INTO `base_api` (`id`, `service_name`, `service_desc`, `desc`, `operation`, `method`, `path`, `deleted_at`) VALUES (107, 'admin.OrderInfoService', 'Admin订单信息服务', '订单信息发货', '/admin.OrderInfoService/ShipOrderInfo', 'PUT', '/api/admin/order/info/{orderId}/shipment', NULL);
INSERT INTO `base_api` (`id`, `service_name`, `service_desc`, `desc`, `operation`, `method`, `path`, `deleted_at`) VALUES (108, 'admin.OrderReportService', 'Admin订单报表服务', '查询订单日报明细', '/admin.OrderReportService/OrderDayReportList', 'GET', '/api/admin/report/order/day/detail', NULL);
INSERT INTO `base_api` (`id`, `service_name`, `service_desc`, `desc`, `operation`, `method`, `path`, `deleted_at`) VALUES (109, 'admin.OrderReportService', 'Admin订单报表服务', '查询订单日报汇总', '/admin.OrderReportService/OrderDayReportSummary', 'GET', '/api/admin/report/order/day/summary', NULL);
INSERT INTO `base_api` (`id`, `service_name`, `service_desc`, `desc`, `operation`, `method`, `path`, `deleted_at`) VALUES (110, 'admin.OrderReportService', 'Admin订单报表服务', '查询订单月报明细', '/admin.OrderReportService/OrderMonthReportList', 'GET', '/api/admin/report/order/month/detail', NULL);
INSERT INTO `base_api` (`id`, `service_name`, `service_desc`, `desc`, `operation`, `method`, `path`, `deleted_at`) VALUES (111, 'admin.OrderReportService', 'Admin订单报表服务', '查询订单月报汇总', '/admin.OrderReportService/OrderMonthReportSummary', 'GET', '/api/admin/report/order/month/summary', NULL);
INSERT INTO `base_api` (`id`, `service_name`, `service_desc`, `desc`, `operation`, `method`, `path`, `deleted_at`) VALUES (112, 'admin.PayBillService', 'Admin支付账单服务', '查询支付账单分页列表', '/admin.PayBillService/PagePayBill', 'GET', '/api/admin/pay/bill', NULL);
INSERT INTO `base_api` (`id`, `service_name`, `service_desc`, `desc`, `operation`, `method`, `path`, `deleted_at`) VALUES (113, 'admin.ShopBannerService', 'Admin商城轮播图服务', '创建商城轮播图', '/admin.ShopBannerService/CreateShopBanner', 'POST', '/api/admin/shop/banner', NULL);
INSERT INTO `base_api` (`id`, `service_name`, `service_desc`, `desc`, `operation`, `method`, `path`, `deleted_at`) VALUES (114, 'admin.ShopBannerService', 'Admin商城轮播图服务', '删除商城轮播图', '/admin.ShopBannerService/DeleteShopBanner', 'DELETE', '/api/admin/shop/banner/{value}', NULL);
INSERT INTO `base_api` (`id`, `service_name`, `service_desc`, `desc`, `operation`, `method`, `path`, `deleted_at`) VALUES (115, 'admin.ShopBannerService', 'Admin商城轮播图服务', '查询商城轮播图', '/admin.ShopBannerService/GetShopBanner', 'GET', '/api/admin/shop/banner/{value}', NULL);
INSERT INTO `base_api` (`id`, `service_name`, `service_desc`, `desc`, `operation`, `method`, `path`, `deleted_at`) VALUES (116, 'admin.ShopBannerService', 'Admin商城轮播图服务', '查询商城轮播图分页列表', '/admin.ShopBannerService/PageShopBanner', 'GET', '/api/admin/shop/banner', NULL);
INSERT INTO `base_api` (`id`, `service_name`, `service_desc`, `desc`, `operation`, `method`, `path`, `deleted_at`) VALUES (117, 'admin.ShopBannerService', 'Admin商城轮播图服务', '设置状态', '/admin.ShopBannerService/SetShopBannerStatus', 'PUT', '/api/admin/shop/banner/{id}/status', NULL);
INSERT INTO `base_api` (`id`, `service_name`, `service_desc`, `desc`, `operation`, `method`, `path`, `deleted_at`) VALUES (118, 'admin.ShopBannerService', 'Admin商城轮播图服务', '更新商城轮播图', '/admin.ShopBannerService/UpdateShopBanner', 'PUT', '/api/admin/shop/banner/{id}', NULL);
INSERT INTO `base_api` (`id`, `service_name`, `service_desc`, `desc`, `operation`, `method`, `path`, `deleted_at`) VALUES (119, 'admin.ShopHotService', 'Admin商城热门推荐服务', '创建商城热门推荐', '/admin.ShopHotService/CreateShopHot', 'POST', '/api/admin/shop/hot', NULL);
INSERT INTO `base_api` (`id`, `service_name`, `service_desc`, `desc`, `operation`, `method`, `path`, `deleted_at`) VALUES (120, 'admin.ShopHotService', 'Admin商城热门推荐服务', '创建商城热门推荐属性', '/admin.ShopHotService/CreateShopHotItem', 'POST', '/api/admin/shop/hot-item', NULL);
INSERT INTO `base_api` (`id`, `service_name`, `service_desc`, `desc`, `operation`, `method`, `path`, `deleted_at`) VALUES (121, 'admin.ShopHotService', 'Admin商城热门推荐服务', '删除商城热门推荐', '/admin.ShopHotService/DeleteShopHot', 'DELETE', '/api/admin/shop/hot/{value}', NULL);
INSERT INTO `base_api` (`id`, `service_name`, `service_desc`, `desc`, `operation`, `method`, `path`, `deleted_at`) VALUES (122, 'admin.ShopHotService', 'Admin商城热门推荐服务', '删除商城热门推荐属性', '/admin.ShopHotService/DeleteShopHotItem', 'DELETE', '/api/admin/shop/hot-item/{value}', NULL);
INSERT INTO `base_api` (`id`, `service_name`, `service_desc`, `desc`, `operation`, `method`, `path`, `deleted_at`) VALUES (123, 'admin.ShopHotService', 'Admin商城热门推荐服务', '查询商城热门推荐', '/admin.ShopHotService/GetShopHot', 'GET', '/api/admin/shop/hot/{value}', NULL);
INSERT INTO `base_api` (`id`, `service_name`, `service_desc`, `desc`, `operation`, `method`, `path`, `deleted_at`) VALUES (124, 'admin.ShopHotService', 'Admin商城热门推荐服务', '查询商城热门推荐属性', '/admin.ShopHotService/GetShopHotItem', 'GET', '/api/admin/shop/hot-item/{value}', NULL);
INSERT INTO `base_api` (`id`, `service_name`, `service_desc`, `desc`, `operation`, `method`, `path`, `deleted_at`) VALUES (125, 'admin.ShopHotService', 'Admin商城热门推荐服务', '查询商城热门推荐分页列表', '/admin.ShopHotService/PageShopHot', 'GET', '/api/admin/shop/hot', NULL);
INSERT INTO `base_api` (`id`, `service_name`, `service_desc`, `desc`, `operation`, `method`, `path`, `deleted_at`) VALUES (126, 'admin.ShopHotService', 'Admin商城热门推荐服务', '查询商城热门推荐属性分页列表', '/admin.ShopHotService/PageShopHotItem', 'GET', '/api/admin/shop/hot-item', NULL);
INSERT INTO `base_api` (`id`, `service_name`, `service_desc`, `desc`, `operation`, `method`, `path`, `deleted_at`) VALUES (127, 'admin.ShopHotService', 'Admin商城热门推荐服务', '设置状态', '/admin.ShopHotService/SetShopHotItemStatus', 'PUT', '/api/admin/shop/hot-item/{id}/status', NULL);
INSERT INTO `base_api` (`id`, `service_name`, `service_desc`, `desc`, `operation`, `method`, `path`, `deleted_at`) VALUES (128, 'admin.ShopHotService', 'Admin商城热门推荐服务', '设置状态', '/admin.ShopHotService/SetShopHotStatus', 'PUT', '/api/admin/shop/hot/{id}/status', NULL);
INSERT INTO `base_api` (`id`, `service_name`, `service_desc`, `desc`, `operation`, `method`, `path`, `deleted_at`) VALUES (129, 'admin.ShopHotService', 'Admin商城热门推荐服务', '更新商城热门推荐', '/admin.ShopHotService/UpdateShopHot', 'PUT', '/api/admin/shop/hot/{id}', NULL);
INSERT INTO `base_api` (`id`, `service_name`, `service_desc`, `desc`, `operation`, `method`, `path`, `deleted_at`) VALUES (130, 'admin.ShopHotService', 'Admin商城热门推荐服务', '更新商城热门推荐属性', '/admin.ShopHotService/UpdateShopHotItem', 'PUT', '/api/admin/shop/hot-item/{id}', NULL);
INSERT INTO `base_api` (`id`, `service_name`, `service_desc`, `desc`, `operation`, `method`, `path`, `deleted_at`) VALUES (131, 'admin.ShopServiceService', 'Admin商城服务', '创建商城服务', '/admin.ShopServiceService/CreateShopService', 'POST', '/api/admin/shop/service', NULL);
INSERT INTO `base_api` (`id`, `service_name`, `service_desc`, `desc`, `operation`, `method`, `path`, `deleted_at`) VALUES (132, 'admin.ShopServiceService', 'Admin商城服务', '删除商城服务', '/admin.ShopServiceService/DeleteShopService', 'DELETE', '/api/admin/shop/service/{value}', NULL);
INSERT INTO `base_api` (`id`, `service_name`, `service_desc`, `desc`, `operation`, `method`, `path`, `deleted_at`) VALUES (133, 'admin.ShopServiceService', 'Admin商城服务', '查询商城服务', '/admin.ShopServiceService/GetShopService', 'GET', '/api/admin/shop/service/{value}', NULL);
INSERT INTO `base_api` (`id`, `service_name`, `service_desc`, `desc`, `operation`, `method`, `path`, `deleted_at`) VALUES (134, 'admin.ShopServiceService', 'Admin商城服务', '查询商城服务分页列表', '/admin.ShopServiceService/PageShopService', 'GET', '/api/admin/shop/service', NULL);
INSERT INTO `base_api` (`id`, `service_name`, `service_desc`, `desc`, `operation`, `method`, `path`, `deleted_at`) VALUES (135, 'admin.ShopServiceService', 'Admin商城服务', '设置状态', '/admin.ShopServiceService/SetShopServiceStatus', 'PUT', '/api/admin/shop/service/{id}/status', NULL);
INSERT INTO `base_api` (`id`, `service_name`, `service_desc`, `desc`, `operation`, `method`, `path`, `deleted_at`) VALUES (136, 'admin.ShopServiceService', 'Admin商城服务', '更新商城服务', '/admin.ShopServiceService/UpdateShopService', 'PUT', '/api/admin/shop/service/{id}', NULL);
INSERT INTO `base_api` (`id`, `service_name`, `service_desc`, `desc`, `operation`, `method`, `path`, `deleted_at`) VALUES (137, 'admin.UserAnalyticsService', 'Admin用户分析服务', '查询用户行为覆盖排行', '/admin.UserAnalyticsService/GetUserAnalyticsRank', 'GET', '/api/admin/analytics/user/rank', NULL);
INSERT INTO `base_api` (`id`, `service_name`, `service_desc`, `desc`, `operation`, `method`, `path`, `deleted_at`) VALUES (138, 'admin.UserAnalyticsService', 'Admin用户分析服务', '查询用户摘要指标', '/admin.UserAnalyticsService/GetUserAnalyticsSummary', 'GET', '/api/admin/analytics/user/summary', NULL);
INSERT INTO `base_api` (`id`, `service_name`, `service_desc`, `desc`, `operation`, `method`, `path`, `deleted_at`) VALUES (139, 'admin.UserAnalyticsService', 'Admin用户分析服务', '查询用户趋势', '/admin.UserAnalyticsService/GetUserAnalyticsTrend', 'GET', '/api/admin/analytics/user/trend', NULL);
INSERT INTO `base_api` (`id`, `service_name`, `service_desc`, `desc`, `operation`, `method`, `path`, `deleted_at`) VALUES (140, 'admin.UserStoreService', 'Admin用户门店管理服务', '门店认证', '/admin.UserStoreService/AuditUserStore', 'PUT', '/api/admin/user/store/{id}/audit', NULL);
INSERT INTO `base_api` (`id`, `service_name`, `service_desc`, `desc`, `operation`, `method`, `path`, `deleted_at`) VALUES (141, 'admin.UserStoreService', 'Admin用户门店管理服务', '查询用户门店', '/admin.UserStoreService/GetUserStore', 'GET', '/api/admin/user/store/{value}', NULL);
INSERT INTO `base_api` (`id`, `service_name`, `service_desc`, `desc`, `operation`, `method`, `path`, `deleted_at`) VALUES (142, 'admin.UserStoreService', 'Admin用户门店管理服务', '查询用户门店列表', '/admin.UserStoreService/PageUserStore', 'GET', '/api/admin/user/store', NULL);
INSERT INTO `base_api` (`id`, `service_name`, `service_desc`, `desc`, `operation`, `method`, `path`, `deleted_at`) VALUES (143, 'admin.WorkspaceService', 'Admin工作台服务', '查询工作台顶部指标', '/admin.WorkspaceService/GetWorkspaceMetrics', 'GET', '/api/admin/workspace/metric', NULL);
INSERT INTO `base_api` (`id`, `service_name`, `service_desc`, `desc`, `operation`, `method`, `path`, `deleted_at`) VALUES (144, 'admin.WorkspaceService', 'Admin工作台服务', '查询工作台风险提醒', '/admin.WorkspaceService/GetWorkspaceRiskList', 'GET', '/api/admin/workspace/risk', NULL);
INSERT INTO `base_api` (`id`, `service_name`, `service_desc`, `desc`, `operation`, `method`, `path`, `deleted_at`) VALUES (145, 'admin.WorkspaceService', 'Admin工作台服务', '查询工作台待处理事项', '/admin.WorkspaceService/GetWorkspaceTodoList', 'GET', '/api/admin/workspace/todo', NULL);
INSERT INTO `base_api` (`id`, `service_name`, `service_desc`, `desc`, `operation`, `method`, `path`, `deleted_at`) VALUES (146, 'app.AuthService', 'App用户登录认证服务', '手机号授权', '/app.AuthService/BindUserPhone', 'PUT', '/api/app/auth/phone', NULL);
INSERT INTO `base_api` (`id`, `service_name`, `service_desc`, `desc`, `operation`, `method`, `path`, `deleted_at`) VALUES (147, 'app.AuthService', 'App用户登录认证服务', '获取已经登录的用户的数据', '/app.AuthService/GetUserProfile', 'GET', '/api/app/auth/profile', NULL);
INSERT INTO `base_api` (`id`, `service_name`, `service_desc`, `desc`, `operation`, `method`, `path`, `deleted_at`) VALUES (148, 'app.AuthService', 'App用户登录认证服务', '修改个人中心用户信息', '/app.AuthService/UpdateUserProfile', 'PUT', '/api/app/auth/profile', NULL);
INSERT INTO `base_api` (`id`, `service_name`, `service_desc`, `desc`, `operation`, `method`, `path`, `deleted_at`) VALUES (149, 'app.AuthService', 'App用户登录认证服务', '微信登录', '/app.AuthService/WechatLogin', 'POST', '/api/app/auth/wechat', NULL);
INSERT INTO `base_api` (`id`, `service_name`, `service_desc`, `desc`, `operation`, `method`, `path`, `deleted_at`) VALUES (150, 'app.BaseAreaService', 'App行政区域服务', '查询行政区域树形列表', '/app.BaseAreaService/TreeBaseArea', 'GET', '/api/app/base/area/tree', NULL);
INSERT INTO `base_api` (`id`, `service_name`, `service_desc`, `desc`, `operation`, `method`, `path`, `deleted_at`) VALUES (151, 'app.BaseDictService', 'App字典服务', '查询字典', '/app.BaseDictService/GetBaseDict', 'GET', '/api/app/base/dict/{value}', NULL);
INSERT INTO `base_api` (`id`, `service_name`, `service_desc`, `desc`, `operation`, `method`, `path`, `deleted_at`) VALUES (152, 'app.GoodsCategoryService', 'App商品分类服务', '查询商品分类列表', '/app.GoodsCategoryService/ListGoodsCategory', 'GET', '/api/app/goods/category', NULL);
INSERT INTO `base_api` (`id`, `service_name`, `service_desc`, `desc`, `operation`, `method`, `path`, `deleted_at`) VALUES (153, 'app.GoodsInfoService', 'App商品信息服务', '查询商品信息', '/app.GoodsInfoService/GetGoodsInfo', 'GET', '/api/app/goods/info/{value}', NULL);
INSERT INTO `base_api` (`id`, `service_name`, `service_desc`, `desc`, `operation`, `method`, `path`, `deleted_at`) VALUES (154, 'app.GoodsInfoService', 'App商品信息服务', '查询商品信息分页列表', '/app.GoodsInfoService/PageGoodsInfo', 'GET', '/api/app/goods/info', NULL);
INSERT INTO `base_api` (`id`, `service_name`, `service_desc`, `desc`, `operation`, `method`, `path`, `deleted_at`) VALUES (155, 'app.OrderInfoService', 'App订单信息服务', '立即购买订单信息', '/app.OrderInfoService/BuyNowOrderInfo', 'POST', '/api/app/order/confirm/buy-now', NULL);
INSERT INTO `base_api` (`id`, `service_name`, `service_desc`, `desc`, `operation`, `method`, `path`, `deleted_at`) VALUES (156, 'app.OrderInfoService', 'App订单信息服务', '取消订单信息', '/app.OrderInfoService/CancelOrderInfo', 'PUT', '/api/app/order/info/{orderId}/cancellation', NULL);
INSERT INTO `base_api` (`id`, `service_name`, `service_desc`, `desc`, `operation`, `method`, `path`, `deleted_at`) VALUES (157, 'app.OrderInfoService', 'App订单信息服务', '确认订单信息', '/app.OrderInfoService/ConfirmOrderInfo', 'POST', '/api/app/order/confirm', NULL);
INSERT INTO `base_api` (`id`, `service_name`, `service_desc`, `desc`, `operation`, `method`, `path`, `deleted_at`) VALUES (158, 'app.OrderInfoService', 'App订单信息服务', '查询订单信息数量汇总', '/app.OrderInfoService/CountOrderInfo', 'GET', '/api/app/order/info/count', NULL);
INSERT INTO `base_api` (`id`, `service_name`, `service_desc`, `desc`, `operation`, `method`, `path`, `deleted_at`) VALUES (159, 'app.OrderInfoService', 'App订单信息服务', '创建订单信息', '/app.OrderInfoService/CreateOrderInfo', 'POST', '/api/app/order/info', NULL);
INSERT INTO `base_api` (`id`, `service_name`, `service_desc`, `desc`, `operation`, `method`, `path`, `deleted_at`) VALUES (160, 'app.OrderInfoService', 'App订单信息服务', '删除订单信息', '/app.OrderInfoService/DeleteOrderInfo', 'DELETE', '/api/app/order/info/{value}', NULL);
INSERT INTO `base_api` (`id`, `service_name`, `service_desc`, `desc`, `operation`, `method`, `path`, `deleted_at`) VALUES (161, 'app.OrderInfoService', 'App订单信息服务', '根据订单信息id查询订单信息', '/app.OrderInfoService/GetOrderInfoById', 'GET', '/api/app/order/info/{value}', NULL);
INSERT INTO `base_api` (`id`, `service_name`, `service_desc`, `desc`, `operation`, `method`, `path`, `deleted_at`) VALUES (162, 'app.OrderInfoService', 'App订单信息服务', '根据订单信息编号查询订单信息id', '/app.OrderInfoService/GetOrderInfoIdByOrderNo', 'GET', '/api/app/order/info/no/{value}', NULL);
INSERT INTO `base_api` (`id`, `service_name`, `service_desc`, `desc`, `operation`, `method`, `path`, `deleted_at`) VALUES (163, 'app.OrderInfoService', 'App订单信息服务', '查询订单信息分页列表', '/app.OrderInfoService/PageOrderInfo', 'GET', '/api/app/order/info', NULL);
INSERT INTO `base_api` (`id`, `service_name`, `service_desc`, `desc`, `operation`, `method`, `path`, `deleted_at`) VALUES (164, 'app.OrderInfoService', 'App订单信息服务', '确认收货', '/app.OrderInfoService/ReceiveOrderInfo', 'PUT', '/api/app/order/info/{orderId}/receipt', NULL);
INSERT INTO `base_api` (`id`, `service_name`, `service_desc`, `desc`, `operation`, `method`, `path`, `deleted_at`) VALUES (165, 'app.OrderInfoService', 'App订单信息服务', '订单信息退款', '/app.OrderInfoService/RefundOrderInfo', 'PUT', '/api/app/order/info/{orderId}/refund', NULL);
INSERT INTO `base_api` (`id`, `service_name`, `service_desc`, `desc`, `operation`, `method`, `path`, `deleted_at`) VALUES (166, 'app.OrderInfoService', 'App订单信息服务', '再次购买订单信息', '/app.OrderInfoService/RepurchaseOrderInfo', 'POST', '/api/app/order/confirm/repurchase', NULL);
INSERT INTO `base_api` (`id`, `service_name`, `service_desc`, `desc`, `operation`, `method`, `path`, `deleted_at`) VALUES (167, 'app.PayService', 'App支付服务', 'H5支付', '/app.PayService/H5Pay', 'POST', '/api/app/pay/{orderId}/h5', NULL);
INSERT INTO `base_api` (`id`, `service_name`, `service_desc`, `desc`, `operation`, `method`, `path`, `deleted_at`) VALUES (168, 'app.PayService', 'App支付服务', '小程序支付', '/app.PayService/JsapiPay', 'POST', '/api/app/pay/{orderId}/jsapi', NULL);
INSERT INTO `base_api` (`id`, `service_name`, `service_desc`, `desc`, `operation`, `method`, `path`, `deleted_at`) VALUES (169, 'app.PayService', 'App支付服务', '支付通知', '/app.PayService/PayNotify', 'POST', '/api/app/pay/notify', NULL);
INSERT INTO `base_api` (`id`, `service_name`, `service_desc`, `desc`, `operation`, `method`, `path`, `deleted_at`) VALUES (170, 'app.RecommendService', 'App推荐服务', '绑定匿名推荐主体到当前登录用户', '/app.RecommendService/BindRecommendAnonymousActor', 'POST', '/api/app/recommend/actor/binding', NULL);
INSERT INTO `base_api` (`id`, `service_name`, `service_desc`, `desc`, `operation`, `method`, `path`, `deleted_at`) VALUES (171, 'app.RecommendService', 'App推荐服务', '获取匿名推荐主体', '/app.RecommendService/RecommendAnonymousActor', 'GET', '/api/app/recommend/actor/anonymous', NULL);
INSERT INTO `base_api` (`id`, `service_name`, `service_desc`, `desc`, `operation`, `method`, `path`, `deleted_at`) VALUES (172, 'app.RecommendService', 'App推荐服务', '上报推荐曝光事件', '/app.RecommendService/RecommendExposureReport', 'POST', '/api/app/recommend/event/exposure', NULL);
INSERT INTO `base_api` (`id`, `service_name`, `service_desc`, `desc`, `operation`, `method`, `path`, `deleted_at`) VALUES (173, 'app.RecommendService', 'App推荐服务', '查询推荐商品列表', '/app.RecommendService/RecommendGoods', 'GET', '/api/app/recommend/goods', NULL);
INSERT INTO `base_api` (`id`, `service_name`, `service_desc`, `desc`, `operation`, `method`, `path`, `deleted_at`) VALUES (174, 'app.RecommendService', 'App推荐服务', '上报推荐商品行为事件', '/app.RecommendService/RecommendGoodsActionReport', 'POST', '/api/app/recommend/event/goods', NULL);
INSERT INTO `base_api` (`id`, `service_name`, `service_desc`, `desc`, `operation`, `method`, `path`, `deleted_at`) VALUES (175, 'app.ShopBannerService', 'App商城轮播图服务', '查询商城轮播图列表', '/app.ShopBannerService/ListShopBanner', 'GET', '/api/app/shop/banner', NULL);
INSERT INTO `base_api` (`id`, `service_name`, `service_desc`, `desc`, `operation`, `method`, `path`, `deleted_at`) VALUES (176, 'app.ShopHotService', 'App热门推荐服务', '查询热门推荐列表', '/app.ShopHotService/ListShopHot', 'GET', '/api/app/shop/hot', NULL);
INSERT INTO `base_api` (`id`, `service_name`, `service_desc`, `desc`, `operation`, `method`, `path`, `deleted_at`) VALUES (177, 'app.ShopHotService', 'App热门推荐服务', '查询热门推荐选项', '/app.ShopHotService/ListShopHotItem', 'GET', '/api/app/shop/hot/item', NULL);
INSERT INTO `base_api` (`id`, `service_name`, `service_desc`, `desc`, `operation`, `method`, `path`, `deleted_at`) VALUES (178, 'app.ShopHotService', 'App热门推荐服务', '查询热门推荐商品', '/app.ShopHotService/PageShopHotGoods', 'GET', '/api/app/shop/hot/goods', NULL);
INSERT INTO `base_api` (`id`, `service_name`, `service_desc`, `desc`, `operation`, `method`, `path`, `deleted_at`) VALUES (179, 'app.ShopServiceService', 'App商城服务', '查询商城服务列表', '/app.ShopServiceService/ListShopService', 'GET', '/api/app/shop/service', NULL);
INSERT INTO `base_api` (`id`, `service_name`, `service_desc`, `desc`, `operation`, `method`, `path`, `deleted_at`) VALUES (180, 'app.UserAddressService', 'App用户地址管理服务', '创建用户地址', '/app.UserAddressService/CreateUserAddress', 'POST', '/api/app/user/address', NULL);
INSERT INTO `base_api` (`id`, `service_name`, `service_desc`, `desc`, `operation`, `method`, `path`, `deleted_at`) VALUES (181, 'app.UserAddressService', 'App用户地址管理服务', '删除用户地址', '/app.UserAddressService/DeleteUserAddress', 'DELETE', '/api/app/user/address/{value}', NULL);
INSERT INTO `base_api` (`id`, `service_name`, `service_desc`, `desc`, `operation`, `method`, `path`, `deleted_at`) VALUES (182, 'app.UserAddressService', 'App用户地址管理服务', '查询用户地址', '/app.UserAddressService/GetUserAddress', 'GET', '/api/app/user/address/{value}', NULL);
INSERT INTO `base_api` (`id`, `service_name`, `service_desc`, `desc`, `operation`, `method`, `path`, `deleted_at`) VALUES (183, 'app.UserAddressService', 'App用户地址管理服务', '查询用户地址列表', '/app.UserAddressService/ListUserAddress', 'GET', '/api/app/user/address', NULL);
INSERT INTO `base_api` (`id`, `service_name`, `service_desc`, `desc`, `operation`, `method`, `path`, `deleted_at`) VALUES (184, 'app.UserAddressService', 'App用户地址管理服务', '更新用户地址', '/app.UserAddressService/UpdateUserAddress', 'PUT', '/api/app/user/address/{id}', NULL);
INSERT INTO `base_api` (`id`, `service_name`, `service_desc`, `desc`, `operation`, `method`, `path`, `deleted_at`) VALUES (185, 'app.UserCartService', 'App用户购物车管理服务', '查询用户购物车数量', '/app.UserCartService/CountUserCart', 'GET', '/api/app/user/cart/count', NULL);
INSERT INTO `base_api` (`id`, `service_name`, `service_desc`, `desc`, `operation`, `method`, `path`, `deleted_at`) VALUES (186, 'app.UserCartService', 'App用户购物车管理服务', '创建用户购物车', '/app.UserCartService/CreateUserCart', 'POST', '/api/app/user/cart', NULL);
INSERT INTO `base_api` (`id`, `service_name`, `service_desc`, `desc`, `operation`, `method`, `path`, `deleted_at`) VALUES (187, 'app.UserCartService', 'App用户购物车管理服务', '删除用户购物车', '/app.UserCartService/DeleteUserCart', 'DELETE', '/api/app/user/cart/{value}', NULL);
INSERT INTO `base_api` (`id`, `service_name`, `service_desc`, `desc`, `operation`, `method`, `path`, `deleted_at`) VALUES (188, 'app.UserCartService', 'App用户购物车管理服务', '查询用户购物车列表', '/app.UserCartService/ListUserCart', 'GET', '/api/app/user/cart', NULL);
INSERT INTO `base_api` (`id`, `service_name`, `service_desc`, `desc`, `operation`, `method`, `path`, `deleted_at`) VALUES (189, 'app.UserCartService', 'App用户购物车管理服务', '设置全选', '/app.UserCartService/SetUserCartSelection', 'PUT', '/api/app/user/cart/selection', NULL);
INSERT INTO `base_api` (`id`, `service_name`, `service_desc`, `desc`, `operation`, `method`, `path`, `deleted_at`) VALUES (190, 'app.UserCartService', 'App用户购物车管理服务', '设置状态', '/app.UserCartService/SetUserCartStatus', 'PUT', '/api/app/user/cart/{id}/status', NULL);
INSERT INTO `base_api` (`id`, `service_name`, `service_desc`, `desc`, `operation`, `method`, `path`, `deleted_at`) VALUES (191, 'app.UserCartService', 'App用户购物车管理服务', '更新用户购物车', '/app.UserCartService/UpdateUserCart', 'PUT', '/api/app/user/cart/{id}', NULL);
INSERT INTO `base_api` (`id`, `service_name`, `service_desc`, `desc`, `operation`, `method`, `path`, `deleted_at`) VALUES (192, 'app.UserCollectService', 'App用户收藏管理服务', '创建用户收藏', '/app.UserCollectService/CreateUserCollect', 'POST', '/api/app/user/collect', NULL);
INSERT INTO `base_api` (`id`, `service_name`, `service_desc`, `desc`, `operation`, `method`, `path`, `deleted_at`) VALUES (193, 'app.UserCollectService', 'App用户收藏管理服务', '删除用户收藏', '/app.UserCollectService/DeleteUserCollect', 'DELETE', '/api/app/user/collect/{value}', NULL);
INSERT INTO `base_api` (`id`, `service_name`, `service_desc`, `desc`, `operation`, `method`, `path`, `deleted_at`) VALUES (194, 'app.UserCollectService', 'App用户收藏管理服务', '查询用户是否收藏', '/app.UserCollectService/GetIsCollect', 'GET', '/api/app/user/collect/status', NULL);
INSERT INTO `base_api` (`id`, `service_name`, `service_desc`, `desc`, `operation`, `method`, `path`, `deleted_at`) VALUES (195, 'app.UserCollectService', 'App用户收藏管理服务', '查询用户收藏列表', '/app.UserCollectService/PageUserCollect', 'GET', '/api/app/user/collect', NULL);
INSERT INTO `base_api` (`id`, `service_name`, `service_desc`, `desc`, `operation`, `method`, `path`, `deleted_at`) VALUES (196, 'app.UserStoreService', 'App用户门店管理服务', '创建用户门店', '/app.UserStoreService/CreateUserStore', 'POST', '/api/app/user/store', NULL);
INSERT INTO `base_api` (`id`, `service_name`, `service_desc`, `desc`, `operation`, `method`, `path`, `deleted_at`) VALUES (197, 'app.UserStoreService', 'App用户门店管理服务', '查询用户门店', '/app.UserStoreService/GetUserStore', 'GET', '/api/app/user/store', NULL);
INSERT INTO `base_api` (`id`, `service_name`, `service_desc`, `desc`, `operation`, `method`, `path`, `deleted_at`) VALUES (198, 'app.UserStoreService', 'App用户门店管理服务', '更新用户门店', '/app.UserStoreService/UpdateUserStore', 'PUT', '/api/app/user/store/{id}', NULL);
INSERT INTO `base_api` (`id`, `service_name`, `service_desc`, `desc`, `operation`, `method`, `path`, `deleted_at`) VALUES (199, 'base.ConfigService', 'Base系统配置公共服务', '获取系统配置', '/base.ConfigService/GetConfig', 'GET', '/api/config', NULL);
INSERT INTO `base_api` (`id`, `service_name`, `service_desc`, `desc`, `operation`, `method`, `path`, `deleted_at`) VALUES (200, 'base.FileService', 'Base文件服务', '下载文件', '/base.FileService/DownloadFile', 'GET', '/api/file', NULL);
INSERT INTO `base_api` (`id`, `service_name`, `service_desc`, `desc`, `operation`, `method`, `path`, `deleted_at`) VALUES (201, 'base.FileService', 'Base文件服务', '多个文件上传', '/base.FileService/MultiUploadFile', 'POST', '/api/file/multi', NULL);
INSERT INTO `base_api` (`id`, `service_name`, `service_desc`, `desc`, `operation`, `method`, `path`, `deleted_at`) VALUES (202, 'base.FileService', 'Base文件服务', '单个文件上传', '/base.FileService/UploadFile', 'POST', '/api/file', NULL);
INSERT INTO `base_api` (`id`, `service_name`, `service_desc`, `desc`, `operation`, `method`, `path`, `deleted_at`) VALUES (203, 'base.LoginService', 'Base登录公共服务', '验证码', '/base.LoginService/Captcha', 'GET', '/api/login/captcha', NULL);
INSERT INTO `base_api` (`id`, `service_name`, `service_desc`, `desc`, `operation`, `method`, `path`, `deleted_at`) VALUES (204, 'base.LoginService', 'Base登录公共服务', '登录', '/base.LoginService/Login', 'POST', '/api/auth', NULL);
INSERT INTO `base_api` (`id`, `service_name`, `service_desc`, `desc`, `operation`, `method`, `path`, `deleted_at`) VALUES (205, 'base.LoginService', 'Base登录公共服务', '登出', '/base.LoginService/Logout', 'DELETE', '/api/auth', NULL);
INSERT INTO `base_api` (`id`, `service_name`, `service_desc`, `desc`, `operation`, `method`, `path`, `deleted_at`) VALUES (206, 'base.LoginService', 'Base登录公共服务', '刷新认证令牌', '/base.LoginService/RefreshToken', 'POST', '/api/auth/token', NULL);

TRUNCATE TABLE `base_config`;
INSERT INTO `base_config` (`id`, `site`, `name`, `type`, `key`, `value`, `status`, `created_by`, `updated_by`, `created_at`, `updated_at`, `deleted_at`) VALUES (1000, 1, '支付超时时间（单位：分钟）', 1, 'payTimeout', '30', 1, 1, 1, '2025-04-24 09:55:48', '2025-04-24 09:55:48', NULL);
INSERT INTO `base_config` (`id`, `site`, `name`, `type`, `key`, `value`, `status`, `created_by`, `updated_by`, `created_at`, `updated_at`, `deleted_at`) VALUES (2000, 2, 'Copyright', 1, 'copyright', 'Copyright © 2025 - 2030 haiwofeng.shop All Rights Reserved. 海沃丰农业科技有限公司 版权所有', 1, 1, 1, '2025-04-24 09:57:35', '2025-04-24 09:57:35', NULL);
INSERT INTO `base_config` (`id`, `site`, `name`, `type`, `key`, `value`, `status`, `created_by`, `updated_by`, `created_at`, `updated_at`, `deleted_at`) VALUES (2001, 2, 'ICP备案号', 1, 'icp', '琼ICP备2025053245号-2', 1, 1, 1, '2025-04-24 09:58:16', '2025-04-24 09:58:16', NULL);
INSERT INTO `base_config` (`id`, `site`, `name`, `type`, `key`, `value`, `status`, `created_by`, `updated_by`, `created_at`, `updated_at`, `deleted_at`) VALUES (2002, 2, '系统名称', 1, 'sysName', '商城管理系统', 1, 1, 1, '2025-04-24 10:21:53', '2025-04-24 10:21:53', NULL);
INSERT INTO `base_config` (`id`, `site`, `name`, `type`, `key`, `value`, `status`, `created_by`, `updated_by`, `created_at`, `updated_at`, `deleted_at`) VALUES (2003, 2, 'LOGO', 2, 'adminLogo', '', 1, 0, 0, '2026-03-30 18:38:55', '2026-03-30 18:38:55', NULL);
INSERT INTO `base_config` (`id`, `site`, `name`, `type`, `key`, `value`, `status`, `created_by`, `updated_by`, `created_at`, `updated_at`, `deleted_at`) VALUES (2004, 2, '水印', 1, 'watermark', 'Shop Admin', 1, 0, 0, '2026-03-30 18:39:29', '2026-03-30 18:39:29', NULL);
INSERT INTO `base_config` (`id`, `site`, `name`, `type`, `key`, `value`, `status`, `created_by`, `updated_by`, `created_at`, `updated_at`, `deleted_at`) VALUES (2005, 2, '背景图', 2, 'background', '', 1, 0, 0, '2026-03-30 18:39:29', '2026-03-30 18:39:29', NULL);
INSERT INTO `base_config` (`id`, `site`, `name`, `type`, `key`, `value`, `status`, `created_by`, `updated_by`, `created_at`, `updated_at`, `deleted_at`) VALUES (3000, 3, '主标题', 1, 'mainTitle', '批发商城', 1, 1, 1, '2025-04-24 10:03:17', '2025-04-24 10:03:17', NULL);
INSERT INTO `base_config` (`id`, `site`, `name`, `type`, `key`, `value`, `status`, `created_by`, `updated_by`, `created_at`, `updated_at`, `deleted_at`) VALUES (3001, 3, '副标题', 1, 'subTitle', '一站式作物整体解决方案集成商', 1, 1, 1, '2025-04-24 10:03:46', '2025-04-24 10:03:46', NULL);
INSERT INTO `base_config` (`id`, `site`, `name`, `type`, `key`, `value`, `status`, `created_by`, `updated_by`, `created_at`, `updated_at`, `deleted_at`) VALUES (3002, 3, 'LOGO', 2, 'appLogo', '', 1, 1, 1, '2025-04-24 10:04:04', '2025-04-24 10:16:56', NULL);
INSERT INTO `base_config` (`id`, `site`, `name`, `type`, `key`, `value`, `status`, `created_by`, `updated_by`, `created_at`, `updated_at`, `deleted_at`) VALUES (3003,3,'隐私协议',3,'privacyProtocol','<h2>海沃丰农资批发商城用户服务协议</h2><p>版本生效日期：2025年5月1日</p><h3>一、服务条款的确认及接受</h3><p>(一)<strong> 海沃丰农资批发商城 网站各项电子服务的所有权和运作权归属于"海沃丰农业科技有限公司"所有！</strong>本网站提供的服务将完全按照其发布的服务条款和操作规则严格执行。您确认所有服务条款并完成注册程序时，本协议在您与本网站间成立并发生法律效力，同时您成为本网站正式用户。</p>...<h3>七、不可抗力或其他免责事由</h3>',1,1,1,'2025-04-24 13:41:47','2025-04-24 13:45:11',NULL);
INSERT INTO `base_config` (`id`, `site`, `name`, `type`, `key`, `value`, `status`, `created_by`, `updated_by`, `created_at`, `updated_at`, `deleted_at`) VALUES (3004,3,'服务条款',3,'serviceProtocol','<h2>海沃丰农资批发商城用户服务协议</h2><p>版本生效日期：2025年5月1日</p><h3>一、服务条款的确认及接受</h3><p>(一)<strong> 海沃丰农资批发商城 网站各项电子服务的所有权和运作权归属于"海沃丰农业科技有限公司"所有！</strong>本网站提供的服务将完全按照其发布的服务条款和操作规则严格执行。您确认所有服务条款并完成注册程序时，本协议在您与本网站间成立并发生法律效力，同时您成为本网站正式用户。</p>...<h3>七、不可抗力或其他免责事由</h3>',1,1,1,'2025-04-24 13:41:47','2025-04-24 13:45:11',NULL);

TRUNCATE TABLE `base_dept`;
INSERT INTO `base_dept` (`id`, `parent_id`, `path`, `name`, `sort`, `status`, `remark`, `created_by`, `updated_by`, `created_at`, `updated_at`, `deleted_at`) VALUES (1, 0, '/0/1', '系统管理员', 0, 1, '', 1, 1, '2025-03-13 09:52:36', '2025-03-13 09:52:36', NULL);
INSERT INTO `base_dept` (`id`, `parent_id`, `path`, `name`, `sort`, `status`, `remark`, `created_by`, `updated_by`, `created_at`, `updated_at`, `deleted_at`) VALUES (2, 1, '/0/1/2', '超级管理员', 1, 1, '', 1, 1, '2025-03-13 09:52:36', '2025-03-13 09:52:36', NULL);
INSERT INTO `base_dept` (`id`, `parent_id`, `path`, `name`, `sort`, `status`, `remark`, `created_by`, `updated_by`, `created_at`, `updated_at`, `deleted_at`) VALUES (3, 1, '/0/1/3', '普通管理员', 2, 1, '', 1, 1, '2025-03-13 09:52:36', '2025-03-13 09:52:36', NULL);
INSERT INTO `base_dept` (`id`, `parent_id`, `path`, `name`, `sort`, `status`, `remark`, `created_by`, `updated_by`, `created_at`, `updated_at`, `deleted_at`) VALUES (4, 0, '/0/4', '移动端用户', 1, 1, '注册用户', 1, 1, '2025-04-10 09:11:22', '2025-04-10 09:11:38', NULL);
INSERT INTO `base_dept` (`id`, `parent_id`, `path`, `name`, `sort`, `status`, `remark`, `created_by`, `updated_by`, `created_at`, `updated_at`, `deleted_at`) VALUES (5, 4, '/0/4/5', '自动注册', 1, 1, '自动注册用户', 1, 1, '2025-04-10 09:11:31', '2025-04-10 09:11:31', NULL);
INSERT INTO `base_dept` (`id`, `parent_id`, `path`, `name`, `sort`, `status`, `remark`, `created_by`, `updated_by`, `created_at`, `updated_at`, `deleted_at`) VALUES (6, 4, '/0/4/6', '手动导入', 1, 1, '手动导入用户', 1, 1, '2025-04-10 09:11:31', '2025-04-10 09:11:31', NULL);

TRUNCATE TABLE `base_dict`;
INSERT INTO `base_dict` (`id`, `code`, `name`, `status`, `created_by`, `updated_by`, `created_at`, `updated_at`, `deleted_at`) VALUES (1, 'status', '状态', 1, 1, 1, '2025-03-13 09:52:25', '2025-03-13 09:52:25', NULL);
INSERT INTO `base_dict` (`id`, `code`, `name`, `status`, `created_by`, `updated_by`, `created_at`, `updated_at`, `deleted_at`) VALUES (1000, 'base_config_site', '系统配置位置', 1, 1, 1, '2025-04-24 09:50:03', '2025-04-24 09:50:03', NULL);
INSERT INTO `base_dict` (`id`, `code`, `name`, `status`, `created_by`, `updated_by`, `created_at`, `updated_at`, `deleted_at`) VALUES (1010, 'base_config_type', '系统配置类型', 1, 1, 1, '2025-04-23 17:29:11', '2025-04-23 17:29:23', NULL);
INSERT INTO `base_dict` (`id`, `code`, `name`, `status`, `created_by`, `updated_by`, `created_at`, `updated_at`, `deleted_at`) VALUES (1100, 'base_job_log_status', '定时任务日志状态', 1, 1, 1, '2025-04-21 15:05:07', '2025-04-21 15:05:07', NULL);
INSERT INTO `base_dict` (`id`, `code`, `name`, `status`, `created_by`, `updated_by`, `created_at`, `updated_at`, `deleted_at`) VALUES (1200, 'base_menu_type', '菜单类型', 1, 1, 1, '2025-03-13 09:52:25', '2025-03-13 09:52:25', NULL);
INSERT INTO `base_dict` (`id`, `code`, `name`, `status`, `created_by`, `updated_by`, `created_at`, `updated_at`, `deleted_at`) VALUES (1300, 'base_role_data_scope', '用户角色数据范围', 1, 1, 1, '2025-03-13 09:52:25', '2025-03-13 09:52:25', NULL);
INSERT INTO `base_dict` (`id`, `code`, `name`, `status`, `created_by`, `updated_by`, `created_at`, `updated_at`, `deleted_at`) VALUES (2000, 'base_user_gender', '用户性别', 1, 1, 1, '2025-03-13 09:52:25', '2025-03-13 09:52:25', NULL);
INSERT INTO `base_dict` (`id`, `code`, `name`, `status`, `created_by`, `updated_by`, `created_at`, `updated_at`, `deleted_at`) VALUES (2100, 'user_store_status', '门店认证状态', 1, 1, 1, '2025-03-26 08:54:21', '2025-03-26 08:54:21', NULL);
INSERT INTO `base_dict` (`id`, `code`, `name`, `status`, `created_by`, `updated_by`, `created_at`, `updated_at`, `deleted_at`) VALUES (3000, 'goods_status', '商品状态', 1, 1, 1, '2025-03-26 08:54:21', '2025-03-26 08:54:21', NULL);
INSERT INTO `base_dict` (`id`, `code`, `name`, `status`, `created_by`, `updated_by`, `created_at`, `updated_at`, `deleted_at`) VALUES (4000, 'order_status', '订单状态', 1, 1, 1, '2025-03-26 09:10:44', '2025-03-26 09:10:44', NULL);
INSERT INTO `base_dict` (`id`, `code`, `name`, `status`, `created_by`, `updated_by`, `created_at`, `updated_at`, `deleted_at`) VALUES (4010, 'order_pay_type', '订单支付方式', 1, 1, 1, '2025-03-26 08:54:49', '2025-03-26 08:54:49', NULL);
INSERT INTO `base_dict` (`id`, `code`, `name`, `status`, `created_by`, `updated_by`, `created_at`, `updated_at`, `deleted_at`) VALUES (4020, 'order_pay_channel', '订单支付渠道', 1, 1, 1, '2025-03-26 09:09:39', '2025-03-26 09:09:39', NULL);
INSERT INTO `base_dict` (`id`, `code`, `name`, `status`, `created_by`, `updated_by`, `created_at`, `updated_at`, `deleted_at`) VALUES (4030, 'order_delivery_time', '订单配送时间', 1, 1, 1, '2025-03-26 09:10:02', '2025-03-26 09:10:02', NULL);
INSERT INTO `base_dict` (`id`, `code`, `name`, `status`, `created_by`, `updated_by`, `created_at`, `updated_at`, `deleted_at`) VALUES (4040, 'order_cancel_reason', '订单取消原因', 1, 1, 1, '2025-03-26 09:17:54', '2025-03-26 09:17:54', NULL);
INSERT INTO `base_dict` (`id`, `code`, `name`, `status`, `created_by`, `updated_by`, `created_at`, `updated_at`, `deleted_at`) VALUES (4050, 'order_refund_reason', '订单退款原因', 1, 1, 1, '2025-03-26 09:17:54', '2025-03-26 09:17:54', NULL);
INSERT INTO `base_dict` (`id`, `code`, `name`, `status`, `created_by`, `updated_by`, `created_at`, `updated_at`, `deleted_at`) VALUES (4060, 'order_bill_status', '订单对帐状态', 1, 1, 1, '2025-04-21 23:35:56', '2025-04-21 23:35:56', NULL);
INSERT INTO `base_dict` (`id`, `code`, `name`, `status`, `created_by`, `updated_by`, `created_at`, `updated_at`, `deleted_at`) VALUES (5000, 'shop_banner_site', '商城轮播图位置', 1, 1, 1, '2025-03-17 02:17:55', '2025-03-17 02:17:55', NULL);
INSERT INTO `base_dict` (`id`, `code`, `name`, `status`, `created_by`, `updated_by`, `created_at`, `updated_at`, `deleted_at`) VALUES (5010, 'shop_banner_type', '商城轮播图类型', 1, 1, 1, '2025-03-17 02:18:17', '2025-03-17 02:18:17', NULL);
INSERT INTO `base_dict` (`id`, `code`, `name`, `status`, `created_by`, `updated_by`, `created_at`, `updated_at`, `deleted_at`) VALUES (6000, 'pay_bill_status', '支付对账单状态', 1, 1, 1, '2025-04-22 13:43:34', '2025-04-22 13:43:37', NULL);

TRUNCATE TABLE `base_dict_item`;
INSERT INTO `base_dict_item` (`id`, `dict_id`, `value`, `label`, `tag_type`, `sort`, `status`, `created_by`, `updated_by`, `created_at`, `updated_at`, `deleted_at`) VALUES (1, 1, '1', '启用', 'success', 1, 1, 1, 1, '2025-03-13 09:52:30', '2025-03-13 09:52:30', NULL);
INSERT INTO `base_dict_item` (`id`, `dict_id`, `value`, `label`, `tag_type`, `sort`, `status`, `created_by`, `updated_by`, `created_at`, `updated_at`, `deleted_at`) VALUES (2, 1, '2', '禁用', 'danger', 2, 1, 1, 1, '2025-03-13 09:52:30', '2025-03-13 09:52:30', NULL);
INSERT INTO `base_dict_item` (`id`, `dict_id`, `value`, `label`, `tag_type`, `sort`, `status`, `created_by`, `updated_by`, `created_at`, `updated_at`, `deleted_at`) VALUES (10001, 1000, '1', '系统内置', '', 1, 1, 1, 1, '2025-04-24 09:50:53', '2025-04-24 09:50:53', NULL);
INSERT INTO `base_dict_item` (`id`, `dict_id`, `value`, `label`, `tag_type`, `sort`, `status`, `created_by`, `updated_by`, `created_at`, `updated_at`, `deleted_at`) VALUES (10002, 1000, '2', '管理端', '', 2, 1, 1, 1, '2025-04-24 09:51:20', '2025-04-24 09:51:20', NULL);
INSERT INTO `base_dict_item` (`id`, `dict_id`, `value`, `label`, `tag_type`, `sort`, `status`, `created_by`, `updated_by`, `created_at`, `updated_at`, `deleted_at`) VALUES (10003, 1000, '3', '移动端', '', 3, 1, 1, 1, '2025-04-24 09:52:04', '2025-04-24 09:52:04', NULL);
INSERT INTO `base_dict_item` (`id`, `dict_id`, `value`, `label`, `tag_type`, `sort`, `status`, `created_by`, `updated_by`, `created_at`, `updated_at`, `deleted_at`) VALUES (10101, 1010, '1', '文本', '', 1, 1, 1, 1, '2025-04-23 17:29:35', '2025-04-23 17:29:35', NULL);
INSERT INTO `base_dict_item` (`id`, `dict_id`, `value`, `label`, `tag_type`, `sort`, `status`, `created_by`, `updated_by`, `created_at`, `updated_at`, `deleted_at`) VALUES (10102, 1010, '2', '图片', '', 2, 1, 1, 1, '2025-04-23 17:29:42', '2025-04-23 17:29:42', NULL);
INSERT INTO `base_dict_item` (`id`, `dict_id`, `value`, `label`, `tag_type`, `sort`, `status`, `created_by`, `updated_by`, `created_at`, `updated_at`, `deleted_at`) VALUES (10103, 1010, '3', '富文本', '', 3, 1, 1, 1, '2025-04-23 17:29:50', '2025-04-23 17:29:50', NULL);
INSERT INTO `base_dict_item` (`id`, `dict_id`, `value`, `label`, `tag_type`, `sort`, `status`, `created_by`, `updated_by`, `created_at`, `updated_at`, `deleted_at`) VALUES (11001, 1100, '1', '成功', 'success', 1, 1, 1, 1, '2025-04-21 15:06:58', '2025-04-21 15:06:58', NULL);
INSERT INTO `base_dict_item` (`id`, `dict_id`, `value`, `label`, `tag_type`, `sort`, `status`, `created_by`, `updated_by`, `created_at`, `updated_at`, `deleted_at`) VALUES (11002, 1100, '2', '失败', 'danger', 1, 1, 1, 1, '2025-04-21 15:07:08', '2025-04-21 15:07:08', NULL);
INSERT INTO `base_dict_item` (`id`, `dict_id`, `value`, `label`, `tag_type`, `sort`, `status`, `created_by`, `updated_by`, `created_at`, `updated_at`, `deleted_at`) VALUES (12001, 1200, '1', '目录', '', 1, 1, 1, 1, '2025-03-13 09:52:30', '2025-03-13 09:52:30', NULL);
INSERT INTO `base_dict_item` (`id`, `dict_id`, `value`, `label`, `tag_type`, `sort`, `status`, `created_by`, `updated_by`, `created_at`, `updated_at`, `deleted_at`) VALUES (12002, 1200, '2', '菜单', '', 2, 1, 1, 1, '2025-03-13 09:52:30', '2025-03-13 09:52:30', NULL);
INSERT INTO `base_dict_item` (`id`, `dict_id`, `value`, `label`, `tag_type`, `sort`, `status`, `created_by`, `updated_by`, `created_at`, `updated_at`, `deleted_at`) VALUES (12003, 1200, '3', '按钮', '', 3, 1, 1, 1, '2025-03-13 09:52:30', '2025-03-13 09:52:30', NULL);
INSERT INTO `base_dict_item` (`id`, `dict_id`, `value`, `label`, `tag_type`, `sort`, `status`, `created_by`, `updated_by`, `created_at`, `updated_at`, `deleted_at`) VALUES (12004, 1200, '4', '外部链接', '', 4, 1, 1, 1, '2025-03-13 09:52:30', '2025-03-13 09:52:30', NULL);
INSERT INTO `base_dict_item` (`id`, `dict_id`, `value`, `label`, `tag_type`, `sort`, `status`, `created_by`, `updated_by`, `created_at`, `updated_at`, `deleted_at`) VALUES (13001, 1300, '1', '全部数据', '', 1, 1, 1, 1, '2025-03-13 09:52:30', '2025-03-13 09:52:30', NULL);
INSERT INTO `base_dict_item` (`id`, `dict_id`, `value`, `label`, `tag_type`, `sort`, `status`, `created_by`, `updated_by`, `created_at`, `updated_at`, `deleted_at`) VALUES (13002, 1300, '2', '部门及子部门数据', '', 2, 1, 1, 1, '2025-03-13 09:52:30', '2025-03-13 09:52:30', NULL);
INSERT INTO `base_dict_item` (`id`, `dict_id`, `value`, `label`, `tag_type`, `sort`, `status`, `created_by`, `updated_by`, `created_at`, `updated_at`, `deleted_at`) VALUES (13003, 1300, '3', '本部门数据', '', 3, 1, 1, 1, '2025-03-13 09:52:30', '2025-03-13 09:52:30', NULL);
INSERT INTO `base_dict_item` (`id`, `dict_id`, `value`, `label`, `tag_type`, `sort`, `status`, `created_by`, `updated_by`, `created_at`, `updated_at`, `deleted_at`) VALUES (13004, 1300, '4', '本人数据', '', 4, 1, 1, 1, '2025-03-13 09:52:30', '2025-03-13 09:52:30', NULL);
INSERT INTO `base_dict_item` (`id`, `dict_id`, `value`, `label`, `tag_type`, `sort`, `status`, `created_by`, `updated_by`, `created_at`, `updated_at`, `deleted_at`) VALUES (20001, 2000, '1', '保密', 'info', 3, 1, 1, 1, '2025-03-13 09:52:30', '2025-03-13 09:52:30', NULL);
INSERT INTO `base_dict_item` (`id`, `dict_id`, `value`, `label`, `tag_type`, `sort`, `status`, `created_by`, `updated_by`, `created_at`, `updated_at`, `deleted_at`) VALUES (20002, 2000, '2', '男', 'primary', 1, 1, 1, 1, '2025-03-13 09:52:30', '2025-03-13 09:52:30', NULL);
INSERT INTO `base_dict_item` (`id`, `dict_id`, `value`, `label`, `tag_type`, `sort`, `status`, `created_by`, `updated_by`, `created_at`, `updated_at`, `deleted_at`) VALUES (20003, 2000, '3', '女', 'danger', 2, 1, 1, 1, '2025-03-13 09:52:30', '2025-03-13 09:52:30', NULL);
INSERT INTO `base_dict_item` (`id`, `dict_id`, `value`, `label`, `tag_type`, `sort`, `status`, `created_by`, `updated_by`, `created_at`, `updated_at`, `deleted_at`) VALUES (21001, 2100, '1', '待审核', 'primary', 1, 1, 0, 0, '2025-03-26 09:11:08', '2025-03-26 09:11:08', NULL);
INSERT INTO `base_dict_item` (`id`, `dict_id`, `value`, `label`, `tag_type`, `sort`, `status`, `created_by`, `updated_by`, `created_at`, `updated_at`, `deleted_at`) VALUES (21002, 2100, '2', '审核失败', 'warning', 1, 1, 0, 0, '2025-03-26 09:11:17', '2025-03-26 09:11:17', NULL);
INSERT INTO `base_dict_item` (`id`, `dict_id`, `value`, `label`, `tag_type`, `sort`, `status`, `created_by`, `updated_by`, `created_at`, `updated_at`, `deleted_at`) VALUES (21003, 2100, '3', '审核通过', 'success', 1, 1, 0, 0, '2025-03-26 09:11:17', '2025-03-26 09:11:17', NULL);
INSERT INTO `base_dict_item` (`id`, `dict_id`, `value`, `label`, `tag_type`, `sort`, `status`, `created_by`, `updated_by`, `created_at`, `updated_at`, `deleted_at`) VALUES (30001, 3000, '1', '上架', 'success', 1, 1, 0, 0, '2025-03-26 09:11:08', '2025-03-26 09:11:08', NULL);
INSERT INTO `base_dict_item` (`id`, `dict_id`, `value`, `label`, `tag_type`, `sort`, `status`, `created_by`, `updated_by`, `created_at`, `updated_at`, `deleted_at`) VALUES (30002, 3000, '2', '下架', 'danger', 1, 1, 0, 0, '2025-03-26 09:11:17', '2025-03-26 09:11:17', NULL);
INSERT INTO `base_dict_item` (`id`, `dict_id`, `value`, `label`, `tag_type`, `sort`, `status`, `created_by`, `updated_by`, `created_at`, `updated_at`, `deleted_at`) VALUES (40001, 4000, '1', '待付款', 'info', 1, 1, 0, 0, '2025-03-26 09:14:16', '2025-03-26 09:16:19', NULL);
INSERT INTO `base_dict_item` (`id`, `dict_id`, `value`, `label`, `tag_type`, `sort`, `status`, `created_by`, `updated_by`, `created_at`, `updated_at`, `deleted_at`) VALUES (40002, 4000, '2', '待发货', 'success', 2, 1, 0, 0, '2025-03-26 09:14:28', '2025-03-26 09:16:15', NULL);
INSERT INTO `base_dict_item` (`id`, `dict_id`, `value`, `label`, `tag_type`, `sort`, `status`, `created_by`, `updated_by`, `created_at`, `updated_at`, `deleted_at`) VALUES (40003, 4000, '3', '待收货', 'warning', 3, 1, 0, 0, '2025-03-26 09:14:44', '2025-03-26 09:16:08', NULL);
INSERT INTO `base_dict_item` (`id`, `dict_id`, `value`, `label`, `tag_type`, `sort`, `status`, `created_by`, `updated_by`, `created_at`, `updated_at`, `deleted_at`) VALUES (40004, 4000, '4', '已完成', 'primary', 4, 1, 0, 0, '2025-03-26 09:14:58', '2025-03-26 09:14:58', NULL);
INSERT INTO `base_dict_item` (`id`, `dict_id`, `value`, `label`, `tag_type`, `sort`, `status`, `created_by`, `updated_by`, `created_at`, `updated_at`, `deleted_at`) VALUES (40097, 4000, '97', '已退款', 'danger', 97, 1, 0, 0, '2025-03-26 09:15:10', '2025-03-26 09:15:58', NULL);
INSERT INTO `base_dict_item` (`id`, `dict_id`, `value`, `label`, `tag_type`, `sort`, `status`, `created_by`, `updated_by`, `created_at`, `updated_at`, `deleted_at`) VALUES (40098, 4000, '98', '已取消', 'danger', 98, 1, 0, 0, '2025-03-26 09:15:22', '2025-03-26 09:15:52', NULL);
INSERT INTO `base_dict_item` (`id`, `dict_id`, `value`, `label`, `tag_type`, `sort`, `status`, `created_by`, `updated_by`, `created_at`, `updated_at`, `deleted_at`) VALUES (40099, 4000, '99', '已删除', 'danger', 99, 1, 0, 0, '2025-03-26 09:15:46', '2025-03-26 09:15:46', NULL);
INSERT INTO `base_dict_item` (`id`, `dict_id`, `value`, `label`, `tag_type`, `sort`, `status`, `created_by`, `updated_by`, `created_at`, `updated_at`, `deleted_at`) VALUES (40101, 4010, '1', '在线支付', '', 1, 1, 0, 0, '2025-03-26 09:11:44', '2025-03-26 09:11:44', NULL);
INSERT INTO `base_dict_item` (`id`, `dict_id`, `value`, `label`, `tag_type`, `sort`, `status`, `created_by`, `updated_by`, `created_at`, `updated_at`, `deleted_at`) VALUES (40102, 4010, '2', '货到付款', '', 2, 1, 0, 0, '2025-03-26 09:11:57', '2025-03-26 09:11:57', NULL);
INSERT INTO `base_dict_item` (`id`, `dict_id`, `value`, `label`, `tag_type`, `sort`, `status`, `created_by`, `updated_by`, `created_at`, `updated_at`, `deleted_at`) VALUES (40201, 4020, '1', '微信', '', 1, 1, 0, 0, '2025-03-26 09:12:38', '2025-03-26 09:12:38', NULL);
INSERT INTO `base_dict_item` (`id`, `dict_id`, `value`, `label`, `tag_type`, `sort`, `status`, `created_by`, `updated_by`, `created_at`, `updated_at`, `deleted_at`) VALUES (40202, 4020, '2', '银联', '', 2, 1, 0, 0, '2025-03-26 09:12:47', '2025-03-26 09:12:55', NULL);
INSERT INTO `base_dict_item` (`id`, `dict_id`, `value`, `label`, `tag_type`, `sort`, `status`, `created_by`, `updated_by`, `created_at`, `updated_at`, `deleted_at`) VALUES (40301, 4030, '1', '时间不限 (周一至周日)', '', 1, 1, 0, 0, '2025-03-26 09:13:16', '2025-03-26 09:13:16', NULL);
INSERT INTO `base_dict_item` (`id`, `dict_id`, `value`, `label`, `tag_type`, `sort`, `status`, `created_by`, `updated_by`, `created_at`, `updated_at`, `deleted_at`) VALUES (40302, 4030, '2', '工作日送 (周一至周五)', '', 2, 1, 0, 0, '2025-03-26 09:13:33', '2025-03-26 09:13:33', NULL);
INSERT INTO `base_dict_item` (`id`, `dict_id`, `value`, `label`, `tag_type`, `sort`, `status`, `created_by`, `updated_by`, `created_at`, `updated_at`, `deleted_at`) VALUES (40303, 4030, '3', '周末配送 (周六至周日)', '', 3, 1, 0, 0, '2025-03-26 09:13:47', '2025-03-26 09:13:47', NULL);
INSERT INTO `base_dict_item` (`id`, `dict_id`, `value`, `label`, `tag_type`, `sort`, `status`, `created_by`, `updated_by`, `created_at`, `updated_at`, `deleted_at`) VALUES (40401, 4040, '1', '商品无货', 'warning', 1, 1, 0, 0, '2025-03-26 09:18:20', '2025-03-26 09:18:20', NULL);
INSERT INTO `base_dict_item` (`id`, `dict_id`, `value`, `label`, `tag_type`, `sort`, `status`, `created_by`, `updated_by`, `created_at`, `updated_at`, `deleted_at`) VALUES (40402, 4040, '2', '不想要了', 'success', 3, 1, 0, 0, '2025-03-26 09:18:30', '2025-03-26 09:19:03', NULL);
INSERT INTO `base_dict_item` (`id`, `dict_id`, `value`, `label`, `tag_type`, `sort`, `status`, `created_by`, `updated_by`, `created_at`, `updated_at`, `deleted_at`) VALUES (40403, 4040, '3', '商品信息填错了', 'primary', 3, 1, 0, 0, '2025-03-26 09:18:43', '2025-03-26 09:18:59', NULL);
INSERT INTO `base_dict_item` (`id`, `dict_id`, `value`, `label`, `tag_type`, `sort`, `status`, `created_by`, `updated_by`, `created_at`, `updated_at`, `deleted_at`) VALUES (40404, 4040, '4', '地址信息填写错误', 'success', 4, 1, 0, 0, '2025-03-26 09:18:55', '2025-03-26 09:18:55', NULL);
INSERT INTO `base_dict_item` (`id`, `dict_id`, `value`, `label`, `tag_type`, `sort`, `status`, `created_by`, `updated_by`, `created_at`, `updated_at`, `deleted_at`) VALUES (40405, 4040, '5', '商品降价', 'danger', 5, 1, 0, 0, '2025-03-26 09:19:14', '2025-03-26 09:19:14', NULL);
INSERT INTO `base_dict_item` (`id`, `dict_id`, `value`, `label`, `tag_type`, `sort`, `status`, `created_by`, `updated_by`, `created_at`, `updated_at`, `deleted_at`) VALUES (40499, 4040, '99', '其它', 'info', 99, 1, 0, 0, '2025-03-26 09:19:26', '2025-03-26 09:19:26', NULL);
INSERT INTO `base_dict_item` (`id`, `dict_id`, `value`, `label`, `tag_type`, `sort`, `status`, `created_by`, `updated_by`, `created_at`, `updated_at`, `deleted_at`) VALUES (40501, 4050, '1', '商品无货', 'warning', 1, 1, 0, 0, '2025-03-26 09:18:20', '2025-03-26 09:18:20', NULL);
INSERT INTO `base_dict_item` (`id`, `dict_id`, `value`, `label`, `tag_type`, `sort`, `status`, `created_by`, `updated_by`, `created_at`, `updated_at`, `deleted_at`) VALUES (40502, 4050, '2', '不想要了', 'success', 3, 1, 0, 0, '2025-03-26 09:18:30', '2025-03-26 09:19:03', NULL);
INSERT INTO `base_dict_item` (`id`, `dict_id`, `value`, `label`, `tag_type`, `sort`, `status`, `created_by`, `updated_by`, `created_at`, `updated_at`, `deleted_at`) VALUES (40503, 4050, '3', '商品信息填错了', 'primary', 3, 1, 0, 0, '2025-03-26 09:18:43', '2025-03-26 09:18:59', NULL);
INSERT INTO `base_dict_item` (`id`, `dict_id`, `value`, `label`, `tag_type`, `sort`, `status`, `created_by`, `updated_by`, `created_at`, `updated_at`, `deleted_at`) VALUES (40504, 4050, '4', '地址信息填写错误', 'success', 4, 1, 0, 0, '2025-03-26 09:18:55', '2025-03-26 09:18:55', NULL);
INSERT INTO `base_dict_item` (`id`, `dict_id`, `value`, `label`, `tag_type`, `sort`, `status`, `created_by`, `updated_by`, `created_at`, `updated_at`, `deleted_at`) VALUES (40505, 4050, '5', '商品降价', 'danger', 5, 1, 0, 0, '2025-03-26 09:19:14', '2025-03-26 09:19:14', NULL);
INSERT INTO `base_dict_item` (`id`, `dict_id`, `value`, `label`, `tag_type`, `sort`, `status`, `created_by`, `updated_by`, `created_at`, `updated_at`, `deleted_at`) VALUES (40599, 4050, '99', '其它', 'info', 99, 1, 0, 0, '2025-03-26 09:19:26', '2025-03-26 09:19:26', NULL);
INSERT INTO `base_dict_item` (`id`, `dict_id`, `value`, `label`, `tag_type`, `sort`, `status`, `created_by`, `updated_by`, `created_at`, `updated_at`, `deleted_at`) VALUES (40601, 4060, '1', '未对帐', 'danger', 1, 1, 1, 1, '2025-04-21 23:36:38', '2025-04-21 23:36:38', NULL);
INSERT INTO `base_dict_item` (`id`, `dict_id`, `value`, `label`, `tag_type`, `sort`, `status`, `created_by`, `updated_by`, `created_at`, `updated_at`, `deleted_at`) VALUES (40602, 4060, '2', '已对帐', 'success', 1, 1, 1, 1, '2025-04-21 23:36:49', '2025-04-21 23:36:49', NULL);
INSERT INTO `base_dict_item` (`id`, `dict_id`, `value`, `label`, `tag_type`, `sort`, `status`, `created_by`, `updated_by`, `created_at`, `updated_at`, `deleted_at`) VALUES (40603, 4060, '3', '对帐失败', 'danger', 1, 1, 1, 1, '2025-04-21 23:36:49', '2025-04-21 23:36:49', NULL);
INSERT INTO `base_dict_item` (`id`, `dict_id`, `value`, `label`, `tag_type`, `sort`, `status`, `created_by`, `updated_by`, `created_at`, `updated_at`, `deleted_at`) VALUES (50001, 5000, '1', '首页', '', 1, 1, 1, 1, '2025-03-17 02:21:43', '2025-03-17 02:21:43', NULL);
INSERT INTO `base_dict_item` (`id`, `dict_id`, `value`, `label`, `tag_type`, `sort`, `status`, `created_by`, `updated_by`, `created_at`, `updated_at`, `deleted_at`) VALUES (50002, 5000, '2', '分类页', '', 2, 1, 1, 1, '2025-03-17 02:22:00', '2025-03-17 02:22:00', NULL);
INSERT INTO `base_dict_item` (`id`, `dict_id`, `value`, `label`, `tag_type`, `sort`, `status`, `created_by`, `updated_by`, `created_at`, `updated_at`, `deleted_at`) VALUES (50101, 5010, '1', '商品详情', '', 1, 1, 1, 1, '2025-03-17 02:23:40', '2025-03-17 02:23:40', NULL);
INSERT INTO `base_dict_item` (`id`, `dict_id`, `value`, `label`, `tag_type`, `sort`, `status`, `created_by`, `updated_by`, `created_at`, `updated_at`, `deleted_at`) VALUES (50102, 5010, '2', '分类详情', '', 2, 1, 1, 1, '2025-03-17 02:23:40', '2025-03-17 02:23:40', NULL);
INSERT INTO `base_dict_item` (`id`, `dict_id`, `value`, `label`, `tag_type`, `sort`, `status`, `created_by`, `updated_by`, `created_at`, `updated_at`, `deleted_at`) VALUES (50103, 5010, '3', 'H5', '', 3, 1, 1, 1, '2025-03-17 02:23:49', '2025-03-17 02:23:49', NULL);
INSERT INTO `base_dict_item` (`id`, `dict_id`, `value`, `label`, `tag_type`, `sort`, `status`, `created_by`, `updated_by`, `created_at`, `updated_at`, `deleted_at`) VALUES (50104, 5010, '4', '小程序', '', 4, 1, 1, 1, '2025-03-17 02:24:05', '2025-03-17 02:24:05', NULL);
INSERT INTO `base_dict_item` (`id`, `dict_id`, `value`, `label`, `tag_type`, `sort`, `status`, `created_by`, `updated_by`, `created_at`, `updated_at`, `deleted_at`) VALUES (60001, 6000, '1', '未对比', 'danger', 1, 1, 1, 1, '2025-04-21 23:36:38', '2025-04-21 23:36:38', NULL);
INSERT INTO `base_dict_item` (`id`, `dict_id`, `value`, `label`, `tag_type`, `sort`, `status`, `created_by`, `updated_by`, `created_at`, `updated_at`, `deleted_at`) VALUES (60002, 6000, '2', '无误差', 'success', 1, 1, 1, 1, '2025-04-21 23:36:38', '2025-04-21 23:36:38', NULL);
INSERT INTO `base_dict_item` (`id`, `dict_id`, `value`, `label`, `tag_type`, `sort`, `status`, `created_by`, `updated_by`, `created_at`, `updated_at`, `deleted_at`) VALUES (60003, 6000, '3', '有误差', 'danger', 1, 1, 1, 1, '2025-04-21 23:36:49', '2025-04-21 23:36:49', NULL);

TRUNCATE TABLE `base_job`;
INSERT INTO `base_job` (`id`, `name`, `invoke_target`, `args`, `cron_expression`, `status`, `entry_id`, `created_by`, `updated_by`, `created_at`, `updated_at`, `deleted_at`) VALUES (1, '申请交易账单', 'TradeBill', '[{\"key\":\"billDate\"}]', '0 0 1 * * ?', 1, 0, 1, 1, '2025-04-21 10:52:17', '2026-04-06 07:31:57', NULL);
INSERT INTO `base_job` (`id`, `name`, `invoke_target`, `args`, `cron_expression`, `status`, `entry_id`, `created_by`, `updated_by`, `created_at`, `updated_at`, `deleted_at`) VALUES (2, '订单日汇总', 'OrderStatDay', '[{\"key\":\"statDate\"}]', '0 10 0 * * ?', 1, 0, 1, 1, '2026-04-03 00:00:00', '2026-04-06 07:31:29', NULL);
INSERT INTO `base_job` (`id`, `name`, `invoke_target`, `args`, `cron_expression`, `status`, `entry_id`, `created_by`, `updated_by`, `created_at`, `updated_at`, `deleted_at`) VALUES (3, '商品日汇总', 'GoodsStatDay', '[{\"key\":\"statDate\"}]', '0 20 0 * * ?', 1, 0, 1, 1, '2026-04-08 00:00:00', '2026-04-08 00:00:00', NULL);
INSERT INTO `base_job` (`id`, `name`, `invoke_target`, `args`, `cron_expression`, `status`, `entry_id`, `created_by`, `updated_by`, `created_at`, `updated_at`, `deleted_at`) VALUES (4, '推荐商品日汇总', 'RecommendGoodsStatDay', '[{\"key\":\"statDate\"}]', '0 30 0 * * ?', 1, 0, 1, 1, '2026-04-08 00:00:00', '2026-04-08 00:00:00', NULL);

TRUNCATE TABLE `base_menu`;
INSERT INTO `base_menu` (`id`, `parent_id`, `type`, `path`, `name`, `component`, `redirect`, `meta`, `apis`, `sort`, `status`, `created_by`, `updated_by`, `created_at`, `updated_at`, `deleted_at`) VALUES (10, 0, 1, '/', '', 'Layout', '/dashboard/workspace', '{\"icon\": \"HomeFilled\", \"title\": \"首页\", \"hidden\": false, \"keepAlive\": false, \"alwaysShow\": false}', '[]', 1, 1, 1, 1, '2025-04-14 09:29:19', '2025-04-18 10:18:39', NULL);
INSERT INTO `base_menu` (`id`, `parent_id`, `type`, `path`, `name`, `component`, `redirect`, `meta`, `apis`, `sort`, `status`, `created_by`, `updated_by`, `created_at`, `updated_at`, `deleted_at`) VALUES (20, 10, 2, 'dashboard/workspace', 'Workspace', 'dashboard/workspace/index', '', '{\"icon\": \"Odometer\", \"title\": \"工作台\", \"hidden\": false, \"keepAlive\": false, \"alwaysShow\": true}', '[\"/admin.WorkspaceService/GetWorkspaceMetrics\", \"/admin.WorkspaceService/GetWorkspaceTodoList\", \"/admin.WorkspaceService/GetWorkspaceRiskList\"]', 1, 1, 1, 1, '2026-03-26 10:50:42', '2026-03-26 10:50:47', NULL);
INSERT INTO `base_menu` (`id`, `parent_id`, `type`, `path`, `name`, `component`, `redirect`, `meta`, `apis`, `sort`, `status`, `created_by`, `updated_by`, `created_at`, `updated_at`, `deleted_at`) VALUES (30, 10, 1, 'dashboard/analytics', 'AnalyticsLayout', 'dashboard/analytics/layout', 'dashboard/analytics/user', '{\"icon\": \"DataAnalysis\", \"title\": \"数据分析\", \"hidden\": false, \"keepAlive\": false, \"alwaysShow\": true}', '[]', 2, 1, 1, 1, '2025-04-14 09:31:57', '2026-04-03 00:00:00', NULL);
INSERT INTO `base_menu` (`id`, `parent_id`, `type`, `path`, `name`, `component`, `redirect`, `meta`, `apis`, `sort`, `status`, `created_by`, `updated_by`, `created_at`, `updated_at`, `deleted_at`) VALUES (31, 30, 2, 'user', 'UserAnalytics', 'dashboard/analytics/user/index', '', '{\"icon\": \"User\", \"title\": \"用户分析\", \"hidden\": false, \"keepAlive\": false, \"alwaysShow\": false}', '[\"/admin.UserAnalyticsService/GetUserAnalyticsSummary\", \"/admin.UserAnalyticsService/GetUserAnalyticsTrend\", \"/admin.UserAnalyticsService/GetUserAnalyticsRank\"]', 1, 1, 1, 1, '2026-04-03 00:00:00', '2026-04-03 00:00:00', NULL);
INSERT INTO `base_menu` (`id`, `parent_id`, `type`, `path`, `name`, `component`, `redirect`, `meta`, `apis`, `sort`, `status`, `created_by`, `updated_by`, `created_at`, `updated_at`, `deleted_at`) VALUES (32, 30, 2, 'goods', 'GoodsAnalytics', 'dashboard/analytics/goods/index', '', '{\"icon\": \"Goods\", \"title\": \"商品分析\", \"hidden\": false, \"keepAlive\": false, \"alwaysShow\": false}', '[\"/admin.GoodsAnalyticsService/GetGoodsAnalyticsSummary\", \"/admin.GoodsAnalyticsService/GetGoodsAnalyticsTrend\", \"/admin.GoodsAnalyticsService/GetGoodsAnalyticsPie\"]', 2, 1, 1, 1, '2026-04-03 00:00:00', '2026-04-03 00:00:00', NULL);
INSERT INTO `base_menu` (`id`, `parent_id`, `type`, `path`, `name`, `component`, `redirect`, `meta`, `apis`, `sort`, `status`, `created_by`, `updated_by`, `created_at`, `updated_at`, `deleted_at`) VALUES (33, 30, 2, 'order', 'OrderAnalytics', 'dashboard/analytics/order/index', '', '{\"icon\": \"Document\", \"title\": \"订单分析\", \"hidden\": false, \"keepAlive\": false, \"alwaysShow\": false}', '[\"/admin.OrderAnalyticsService/GetOrderAnalyticsSummary\", \"/admin.OrderAnalyticsService/GetOrderAnalyticsTrend\", \"/admin.OrderAnalyticsService/GetOrderAnalyticsPie\"]', 3, 1, 1, 1, '2026-04-03 00:00:00', '2026-04-03 00:00:00', NULL);
INSERT INTO `base_menu` (`id`, `parent_id`, `type`, `path`, `name`, `component`, `redirect`, `meta`, `apis`, `sort`, `status`, `created_by`, `updated_by`, `created_at`, `updated_at`, `deleted_at`) VALUES (40, 10, 1, 'report', 'ReportLayout', 'Layout', 'report/order/month', '{\"icon\": \"Histogram\", \"title\": \"报表分析\", \"hidden\": false, \"keepAlive\": false, \"alwaysShow\": true}', '[]', 4, 1, 1, 1, '2026-04-03 00:00:00', '2026-04-03 00:00:00', NULL);
INSERT INTO `base_menu` (`id`, `parent_id`, `type`, `path`, `name`, `component`, `redirect`, `meta`, `apis`, `sort`, `status`, `created_by`, `updated_by`, `created_at`, `updated_at`, `deleted_at`) VALUES (41, 40, 2, 'order/month', 'OrderMonthReport', 'report/order/month/index', '', '{\"icon\": \"Tickets\", \"title\": \"订单月报\", \"hidden\": false, \"keepAlive\": false, \"alwaysShow\": false}', '[\"/admin.OrderReportService/OrderMonthReportSummary\", \"/admin.OrderReportService/OrderMonthReportList\"]', 1, 1, 1, 1, '2026-04-03 00:00:00', '2026-04-03 00:00:00', NULL);
INSERT INTO `base_menu` (`id`, `parent_id`, `type`, `path`, `name`, `component`, `redirect`, `meta`, `apis`, `sort`, `status`, `created_by`, `updated_by`, `created_at`, `updated_at`, `deleted_at`) VALUES (42, 40, 2, 'order/day', 'OrderDayReport', 'report/order/day/index', '', '{\"icon\": \"Tickets\", \"title\": \"订单日报\", \"hidden\": true, \"keepAlive\": false, \"alwaysShow\": false}', '[\"/admin.OrderReportService/OrderDayReportSummary\", \"/admin.OrderReportService/OrderDayReportList\"]', 2, 1, 1, 1, '2026-04-05 00:00:00', '2026-04-05 00:00:00', NULL);
INSERT INTO `base_menu` (`id`, `parent_id`, `type`, `path`, `name`, `component`, `redirect`, `meta`, `apis`, `sort`, `status`, `created_by`, `updated_by`, `created_at`, `updated_at`, `deleted_at`) VALUES (70, 10, 2, 'profile', 'Profile', 'profile/index', '', '{\"icon\": \"UserFilled\", \"title\": \"个人中心\", \"hidden\": true}', '[\"/admin.AuthService/GetUserButton\", \"/admin.AuthService/GetUserInfo\", \"/admin.AuthService/GetUserMenu\", \"/admin.AuthService/GetUserProfile\", \"/admin.AuthService/SendPhoneCode\", \"/admin.AuthService/UpdateUserPhone\", \"/admin.AuthService/UpdateUserProfile\", \"/admin.AuthService/UpdateUserPassword\", \"/admin.BaseDictService/OptionBaseDict\", \"/base.FileService/DownloadFile\", \"/base.FileService/MultiUploadFile\", \"/base.FileService/UploadFile\", \"/base.LoginService/Logout\", \"/base.LoginService/RefreshToken\"]', 5, 1, 1, 1, '2025-04-14 09:31:57', '2026-03-27 16:01:05', NULL);
INSERT INTO `base_menu` (`id`, `parent_id`, `type`, `path`, `name`, `component`, `redirect`, `meta`, `apis`, `sort`, `status`, `created_by`, `updated_by`, `created_at`, `updated_at`, `deleted_at`) VALUES (100, 0, 1, '/base', '', 'Layout', '', '{\"icon\": \"Setting\", \"title\": \"系统管理\", \"hidden\": false, \"keepAlive\": false, \"alwaysShow\": true}', '[]', 10, 1, 1, 1, '2025-03-13 09:52:57', '2025-04-18 10:18:39', NULL);
INSERT INTO `base_menu` (`id`, `parent_id`, `type`, `path`, `name`, `component`, `redirect`, `meta`, `apis`, `sort`, `status`, `created_by`, `updated_by`, `created_at`, `updated_at`, `deleted_at`) VALUES (200, 0, 1, '/user', '', 'Layout', '', '{\"icon\": \"User\", \"title\": \"用户管理\", \"hidden\": false, \"keepAlive\": false, \"alwaysShow\": true}', '[]', 20, 1, 1, 1, '2025-04-09 00:15:54', '2025-04-18 10:18:39', NULL);
INSERT INTO `base_menu` (`id`, `parent_id`, `type`, `path`, `name`, `component`, `redirect`, `meta`, `apis`, `sort`, `status`, `created_by`, `updated_by`, `created_at`, `updated_at`, `deleted_at`) VALUES (300, 0, 1, '/goods', '', 'Layout', '', '{\"icon\": \"Goods\", \"title\": \"商品管理\", \"hidden\": false, \"keepAlive\": false, \"alwaysShow\": true}', '[]', 30, 1, 1, 1, '2025-03-17 01:38:05', '2025-04-18 10:18:39', NULL);
INSERT INTO `base_menu` (`id`, `parent_id`, `type`, `path`, `name`, `component`, `redirect`, `meta`, `apis`, `sort`, `status`, `created_by`, `updated_by`, `created_at`, `updated_at`, `deleted_at`) VALUES (400, 0, 1, '/order', '', 'Layout', '', '{\"icon\": \"Tickets\", \"title\": \"订单管理\", \"hidden\": false, \"keepAlive\": false, \"alwaysShow\": true}', '[]', 40, 1, 1, 1, '2025-04-09 00:15:54', '2025-04-18 10:18:39', NULL);
INSERT INTO `base_menu` (`id`, `parent_id`, `type`, `path`, `name`, `component`, `redirect`, `meta`, `apis`, `sort`, `status`, `created_by`, `updated_by`, `created_at`, `updated_at`, `deleted_at`) VALUES (500, 0, 1, '/shop', '', 'Layout', '', '{\"icon\": \"ShoppingCart\", \"title\": \"商城管理\", \"hidden\": false, \"keepAlive\": false, \"alwaysShow\": true}', '[]', 50, 1, 1, 1, '2025-03-17 01:37:00', '2025-04-18 10:18:39', NULL);
INSERT INTO `base_menu` (`id`, `parent_id`, `type`, `path`, `name`, `component`, `redirect`, `meta`, `apis`, `sort`, `status`, `created_by`, `updated_by`, `created_at`, `updated_at`, `deleted_at`) VALUES (600, 0, 1, '/pay', '', 'Layout', '', '{\"icon\": \"Coin\", \"title\": \"支付管理\", \"hidden\": false, \"keepAlive\": false, \"alwaysShow\": true}', '[]', 60, 1, 1, 1, '2025-04-22 11:54:16', '2025-04-22 11:54:27', NULL);
INSERT INTO `base_menu` (`id`, `parent_id`, `type`, `path`, `name`, `component`, `redirect`, `meta`, `apis`, `sort`, `status`, `created_by`, `updated_by`, `created_at`, `updated_at`, `deleted_at`) VALUES (900, 0, 1, '/hidden', '', 'Layout', '', '{\"icon\": \"Hide\", \"title\": \"隐藏目录\", \"hidden\": true, \"keepAlive\": false, \"alwaysShow\": false}', '[]', 90, 1, 1, 1, '2025-04-13 00:40:24', '2025-04-18 10:18:39', NULL);
INSERT INTO `base_menu` (`id`, `parent_id`, `type`, `path`, `name`, `component`, `redirect`, `meta`, `apis`, `sort`, `status`, `created_by`, `updated_by`, `created_at`, `updated_at`, `deleted_at`) VALUES (1000, 100, 2, 'menu', 'BaseMenu', 'base/menu/index', '', '{\"icon\": \"Menu\", \"title\": \"菜单管理\", \"hidden\": false, \"keepAlive\": true, \"alwaysShow\": false}', '[\"/admin.BaseMenuService/TreeBaseMenu\"]', 100, 1, 1, 1, '2025-03-13 09:52:57', '2025-04-18 10:18:39', NULL);
INSERT INTO `base_menu` (`id`, `parent_id`, `type`, `path`, `name`, `component`, `redirect`, `meta`, `apis`, `sort`, `status`, `created_by`, `updated_by`, `created_at`, `updated_at`, `deleted_at`) VALUES (1001, 1000, 3, 'base:menu:create', '', '', '', '{\"title\": \"新增菜单\"}', '[\"/admin.BaseMenuService/CreateBaseMenu\", \"/admin.BaseMenuService/OptionBaseMenu\"]', 1, 1, 1, 1, '2025-03-13 09:52:57', '2025-04-18 10:18:39', NULL);
INSERT INTO `base_menu` (`id`, `parent_id`, `type`, `path`, `name`, `component`, `redirect`, `meta`, `apis`, `sort`, `status`, `created_by`, `updated_by`, `created_at`, `updated_at`, `deleted_at`) VALUES (1002, 1000, 3, 'base:menu:delete', '', '', '', '{\"title\": \"删除菜单\"}', '[\"/admin.BaseMenuService/DeleteBaseMenu\"]', 1, 1, 1, 1, '2025-03-13 09:52:57', '2025-04-18 10:18:39', NULL);
INSERT INTO `base_menu` (`id`, `parent_id`, `type`, `path`, `name`, `component`, `redirect`, `meta`, `apis`, `sort`, `status`, `created_by`, `updated_by`, `created_at`, `updated_at`, `deleted_at`) VALUES (1003, 1000, 3, 'base:menu:update', '', '', '', '{\"title\": \"编辑菜单\"}', '[\"/admin.BaseMenuService/GetBaseMenu\", \"/admin.BaseMenuService/OptionBaseMenu\", \"/admin.BaseMenuService/UpdateBaseMenu\"]', 1, 1, 1, 1, '2025-03-13 09:52:57', '2025-04-18 10:18:39', NULL);
INSERT INTO `base_menu` (`id`, `parent_id`, `type`, `path`, `name`, `component`, `redirect`, `meta`, `apis`, `sort`, `status`, `created_by`, `updated_by`, `created_at`, `updated_at`, `deleted_at`) VALUES (1004, 1000, 3, 'base:menu:status', '', '', '', '{\"title\": \"修改菜单状态\"}', '[\"/admin.BaseMenuService/SetBaseMenuStatus\"]', 1, 1, 1, 1, '2025-03-13 09:52:57', '2025-04-18 10:18:39', NULL);
INSERT INTO `base_menu` (`id`, `parent_id`, `type`, `path`, `name`, `component`, `redirect`, `meta`, `apis`, `sort`, `status`, `created_by`, `updated_by`, `created_at`, `updated_at`, `deleted_at`) VALUES (1100, 100, 2, 'dict', 'BaseDict', 'base/dict/index', '', '{\"icon\": \"Files\", \"title\": \"字典管理\", \"hidden\": false, \"keepAlive\": true, \"alwaysShow\": false}', '[\"/admin.BaseDictService/PageBaseDict\"]', 110, 1, 1, 1, '2025-03-13 09:52:57', '2025-04-18 10:18:39', NULL);
INSERT INTO `base_menu` (`id`, `parent_id`, `type`, `path`, `name`, `component`, `redirect`, `meta`, `apis`, `sort`, `status`, `created_by`, `updated_by`, `created_at`, `updated_at`, `deleted_at`) VALUES (1101, 1100, 3, 'base:dict:create', '', '', '', '{\"title\": \"新增字典\"}', '[\"/admin.BaseDictService/CreateBaseDict\"]', 1, 1, 1, 1, '2025-03-13 09:52:57', '2025-04-18 10:18:39', NULL);
INSERT INTO `base_menu` (`id`, `parent_id`, `type`, `path`, `name`, `component`, `redirect`, `meta`, `apis`, `sort`, `status`, `created_by`, `updated_by`, `created_at`, `updated_at`, `deleted_at`) VALUES (1102, 1100, 3, 'base:dict:delete', '', '', '', '{\"title\": \"删除字典\"}', '[\"/admin.BaseDictService/DeleteBaseDict\"]', 1, 1, 1, 1, '2025-03-13 09:52:57', '2025-04-18 10:18:39', NULL);
INSERT INTO `base_menu` (`id`, `parent_id`, `type`, `path`, `name`, `component`, `redirect`, `meta`, `apis`, `sort`, `status`, `created_by`, `updated_by`, `created_at`, `updated_at`, `deleted_at`) VALUES (1103, 1100, 3, 'base:dict:update', '', '', '', '{\"title\": \"编辑字典\"}', '[\"/admin.BaseDictService/GetBaseDict\", \"/admin.BaseDictService/UpdateBaseDict\"]', 1, 1, 1, 1, '2025-03-13 09:52:57', '2025-04-18 10:18:39', NULL);
INSERT INTO `base_menu` (`id`, `parent_id`, `type`, `path`, `name`, `component`, `redirect`, `meta`, `apis`, `sort`, `status`, `created_by`, `updated_by`, `created_at`, `updated_at`, `deleted_at`) VALUES (1104, 1100, 3, 'base:dict:status', '', '', '', '{\"title\": \"修改字典状态\"}', '[\"/admin.BaseDictService/SetBaseDictStatus\"]', 1, 1, 1, 1, '2025-03-13 09:52:57', '2025-04-18 10:18:39', NULL);
INSERT INTO `base_menu` (`id`, `parent_id`, `type`, `path`, `name`, `component`, `redirect`, `meta`, `apis`, `sort`, `status`, `created_by`, `updated_by`, `created_at`, `updated_at`, `deleted_at`) VALUES (1105, 1100, 3, 'base:dict:items', '', '', '', '{\"title\": \"字典属性\"}', '[]', 0, 1, 1, 1, '2025-03-13 09:52:57', '2025-04-18 10:18:39', NULL);
INSERT INTO `base_menu` (`id`, `parent_id`, `type`, `path`, `name`, `component`, `redirect`, `meta`, `apis`, `sort`, `status`, `created_by`, `updated_by`, `created_at`, `updated_at`, `deleted_at`) VALUES (1200, 100, 2, 'dict-item', 'BaseDictItem', 'base/dict/item', '', '{\"icon\": \"Files\", \"title\": \"字典数据\", \"hidden\": true, \"keepAlive\": true, \"alwaysShow\": false}', '[\"/admin.BaseDictService/PageBaseDictItem\"]', 120, 1, 1, 1, '2025-03-13 09:52:57', '2025-04-18 10:18:39', NULL);
INSERT INTO `base_menu` (`id`, `parent_id`, `type`, `path`, `name`, `component`, `redirect`, `meta`, `apis`, `sort`, `status`, `created_by`, `updated_by`, `created_at`, `updated_at`, `deleted_at`) VALUES (1201, 1200, 3, 'base:dict-item:create', '', '', '', '{\"title\": \"新增字典数据\"}', '[\"/admin.BaseDictService/CreateBaseDictItem\"]', 1, 1, 1, 1, '2025-03-13 09:52:57', '2025-04-18 10:18:39', NULL);
INSERT INTO `base_menu` (`id`, `parent_id`, `type`, `path`, `name`, `component`, `redirect`, `meta`, `apis`, `sort`, `status`, `created_by`, `updated_by`, `created_at`, `updated_at`, `deleted_at`) VALUES (1202, 1200, 3, 'base:dict-item:delete', '', '', '', '{\"title\": \"删除字典数据\"}', '[\"/admin.BaseDictService/DeleteBaseDictItem\"]', 1, 1, 1, 1, '2025-03-13 09:52:57', '2025-04-18 10:18:39', NULL);
INSERT INTO `base_menu` (`id`, `parent_id`, `type`, `path`, `name`, `component`, `redirect`, `meta`, `apis`, `sort`, `status`, `created_by`, `updated_by`, `created_at`, `updated_at`, `deleted_at`) VALUES (1203, 1200, 3, 'base:dict-item:update', '', '', '', '{\"title\": \"编辑字典数据\"}', '[\"/admin.BaseDictService/GetBaseDictItem\", \"/admin.BaseDictService/UpdateBaseDictItem\"]', 1, 1, 1, 1, '2025-03-13 09:52:57', '2025-04-18 10:18:39', NULL);
INSERT INTO `base_menu` (`id`, `parent_id`, `type`, `path`, `name`, `component`, `redirect`, `meta`, `apis`, `sort`, `status`, `created_by`, `updated_by`, `created_at`, `updated_at`, `deleted_at`) VALUES (1204, 1200, 3, 'base:dict-item:status', '', '', '', '{\"title\": \"修改字典数据状态\"}', '[\"/admin.BaseDictService/SetBaseDictItemStatus\"]', 1, 1, 1, 1, '2025-03-13 09:52:57', '2025-04-18 10:18:39', NULL);
INSERT INTO `base_menu` (`id`, `parent_id`, `type`, `path`, `name`, `component`, `redirect`, `meta`, `apis`, `sort`, `status`, `created_by`, `updated_by`, `created_at`, `updated_at`, `deleted_at`) VALUES (1300, 100, 2, 'config', 'BaseConfig', 'base/config/index', '', '{\"icon\": \"Setting\", \"title\": \"系统配置\", \"hidden\": false, \"keepAlive\": true, \"alwaysShow\": false}', '[\"/admin.BaseConfigService/PageBaseConfig\"]', 130, 1, 1, 1, '2025-03-15 06:59:20', '2025-04-18 10:18:39', NULL);
INSERT INTO `base_menu` (`id`, `parent_id`, `type`, `path`, `name`, `component`, `redirect`, `meta`, `apis`, `sort`, `status`, `created_by`, `updated_by`, `created_at`, `updated_at`, `deleted_at`) VALUES (1301, 1300, 3, 'base:config:create', '', '', '', '{\"title\": \"新增配置\"}', '[\"/admin.BaseConfigService/CreateBaseConfig\"]', 1, 1, 1, 1, '2025-03-13 09:52:57', '2025-04-18 10:18:39', NULL);
INSERT INTO `base_menu` (`id`, `parent_id`, `type`, `path`, `name`, `component`, `redirect`, `meta`, `apis`, `sort`, `status`, `created_by`, `updated_by`, `created_at`, `updated_at`, `deleted_at`) VALUES (1302, 1300, 3, 'base:config:delete', '', '', '', '{\"title\": \"删除配置\"}', '[\"/admin.BaseConfigService/DeleteBaseConfig\"]', 1, 1, 1, 1, '2025-03-13 09:52:57', '2025-04-18 10:18:39', NULL);
INSERT INTO `base_menu` (`id`, `parent_id`, `type`, `path`, `name`, `component`, `redirect`, `meta`, `apis`, `sort`, `status`, `created_by`, `updated_by`, `created_at`, `updated_at`, `deleted_at`) VALUES (1303, 1300, 3, 'base:config:update', '', '', '', '{\"title\": \"编辑配置\"}', '[\"/admin.BaseConfigService/GetBaseConfig\", \"/admin.BaseConfigService/UpdateBaseConfig\"]', 1, 1, 1, 1, '2025-03-13 09:52:57', '2025-04-18 10:18:39', NULL);
INSERT INTO `base_menu` (`id`, `parent_id`, `type`, `path`, `name`, `component`, `redirect`, `meta`, `apis`, `sort`, `status`, `created_by`, `updated_by`, `created_at`, `updated_at`, `deleted_at`) VALUES (1304, 1300, 3, 'base:config:status', '', '', '', '{\"title\": \"修改配置状态\"}', '[\"/admin.BaseConfigService/SetBaseConfigStatus\"]', 1, 1, 1, 1, '2025-03-13 09:52:57', '2025-04-18 10:18:39', NULL);
INSERT INTO `base_menu` (`id`, `parent_id`, `type`, `path`, `name`, `component`, `redirect`, `meta`, `apis`, `sort`, `status`, `created_by`, `updated_by`, `created_at`, `updated_at`, `deleted_at`) VALUES (1305, 1300, 3, 'base:config:refresh', '', '', '', '{\"title\": \"刷新配置缓存\"}', '[\"/admin.BaseConfigService/RefreshBaseConfigCache\"]', 1, 1, 1, 1, '2025-03-13 09:52:57', '2025-04-18 10:18:39', NULL);
INSERT INTO `base_menu` (`id`, `parent_id`, `type`, `path`, `name`, `component`, `redirect`, `meta`, `apis`, `sort`, `status`, `created_by`, `updated_by`, `created_at`, `updated_at`, `deleted_at`) VALUES (1400, 100, 2, 'job', 'BaseJob', 'base/job/index', '', '{\"icon\": \"Timer\", \"title\": \"定时任务\", \"hidden\": false, \"keepAlive\": true, \"alwaysShow\": false}', '[\"/admin.BaseJobService/PageBaseJob\"]', 140, 1, 1, 1, '2025-03-15 06:59:20', '2025-04-18 10:18:39', NULL);
INSERT INTO `base_menu` (`id`, `parent_id`, `type`, `path`, `name`, `component`, `redirect`, `meta`, `apis`, `sort`, `status`, `created_by`, `updated_by`, `created_at`, `updated_at`, `deleted_at`) VALUES (1401, 1400, 3, 'base:job:create', '', '', '', '{\"title\": \"新增定时任务\"}', '[\"/admin.BaseJobService/CreateBaseJob\"]', 1, 1, 1, 1, '2025-03-13 09:52:57', '2025-04-18 10:18:39', NULL);
INSERT INTO `base_menu` (`id`, `parent_id`, `type`, `path`, `name`, `component`, `redirect`, `meta`, `apis`, `sort`, `status`, `created_by`, `updated_by`, `created_at`, `updated_at`, `deleted_at`) VALUES (1402, 1400, 3, 'base:job:delete', '', '', '', '{\"title\": \"删除定时任务\"}', '[\"/admin.BaseJobService/DeleteBaseJob\"]', 1, 1, 1, 1, '2025-03-13 09:52:57', '2025-04-18 10:18:39', NULL);
INSERT INTO `base_menu` (`id`, `parent_id`, `type`, `path`, `name`, `component`, `redirect`, `meta`, `apis`, `sort`, `status`, `created_by`, `updated_by`, `created_at`, `updated_at`, `deleted_at`) VALUES (1403, 1400, 3, 'base:job:update', '', '', '', '{\"title\": \"编辑定时任务\"}', '[\"/admin.BaseJobService/GetBaseJob\", \"/admin.BaseJobService/UpdateBaseJob\"]', 1, 1, 1, 1, '2025-03-13 09:52:57', '2025-04-18 10:18:39', NULL);
INSERT INTO `base_menu` (`id`, `parent_id`, `type`, `path`, `name`, `component`, `redirect`, `meta`, `apis`, `sort`, `status`, `created_by`, `updated_by`, `created_at`, `updated_at`, `deleted_at`) VALUES (1404, 1400, 3, 'base:job:status', '', '', '', '{\"title\": \"修改定时任务状态\"}', '[\"/admin.BaseJobService/SetBaseJobStatus\"]', 1, 1, 1, 1, '2025-03-13 09:52:57', '2025-04-18 10:18:39', NULL);
INSERT INTO `base_menu` (`id`, `parent_id`, `type`, `path`, `name`, `component`, `redirect`, `meta`, `apis`, `sort`, `status`, `created_by`, `updated_by`, `created_at`, `updated_at`, `deleted_at`) VALUES (1405, 1400, 3, 'base:job:start', '', '', '', '{\"title\": \"启动定时任务\"}', '[\"/admin.BaseJobService/StartBaseJob\"]', 1, 1, 1, 1, '2025-03-13 09:52:57', '2025-04-18 10:18:39', NULL);
INSERT INTO `base_menu` (`id`, `parent_id`, `type`, `path`, `name`, `component`, `redirect`, `meta`, `apis`, `sort`, `status`, `created_by`, `updated_by`, `created_at`, `updated_at`, `deleted_at`) VALUES (1406, 1400, 3, 'base:job:stop', '', '', '', '{\"title\": \"停止定时任务\"}', '[\"/admin.BaseJobService/StopBaseJob\"]', 1, 1, 1, 1, '2025-03-13 09:52:57', '2025-04-18 10:18:39', NULL);
INSERT INTO `base_menu` (`id`, `parent_id`, `type`, `path`, `name`, `component`, `redirect`, `meta`, `apis`, `sort`, `status`, `created_by`, `updated_by`, `created_at`, `updated_at`, `deleted_at`) VALUES (1407, 1400, 3, 'base:job:exec', '', '', '', '{\"title\": \"执行定时任务\"}', '[\"/admin.BaseJobService/ExecuteBaseJob\"]', 1, 1, 1, 1, '2025-03-13 09:52:57', '2025-04-18 10:18:39', NULL);
INSERT INTO `base_menu` (`id`, `parent_id`, `type`, `path`, `name`, `component`, `redirect`, `meta`, `apis`, `sort`, `status`, `created_by`, `updated_by`, `created_at`, `updated_at`, `deleted_at`) VALUES (1408, 1400, 3, 'base:job:log', '', '', '', '{\"title\": \"定时任务日志\"}', '[]', 1, 1, 1, 1, '2025-03-13 09:52:57', '2025-04-18 10:18:39', NULL);
INSERT INTO `base_menu` (`id`, `parent_id`, `type`, `path`, `name`, `component`, `redirect`, `meta`, `apis`, `sort`, `status`, `created_by`, `updated_by`, `created_at`, `updated_at`, `deleted_at`) VALUES (1500, 100, 2, 'job-log', 'BaseJobLog', 'base/job/log', '', '{\"icon\": \"Document\", \"title\": \"定时任务日志\", \"hidden\": true, \"keepAlive\": true, \"alwaysShow\": false}', '[\"/admin.BaseJobService/PageBaseJobLog\"]', 150, 1, 1, 1, '2025-03-15 07:07:48', '2025-04-18 10:18:39', NULL);
INSERT INTO `base_menu` (`id`, `parent_id`, `type`, `path`, `name`, `component`, `redirect`, `meta`, `apis`, `sort`, `status`, `created_by`, `updated_by`, `created_at`, `updated_at`, `deleted_at`) VALUES (1501, 1500, 3, 'base:job-log:info', '', '', '', '{\"title\": \"查询定时任务日志详情\"}', '[\"/admin.BaseJobService/GetBaseJobLog\"]', 1, 1, 1, 1, '2025-03-13 09:52:57', '2025-04-18 10:18:39', NULL);
INSERT INTO `base_menu` (`id`, `parent_id`, `type`, `path`, `name`, `component`, `redirect`, `meta`, `apis`, `sort`, `status`, `created_by`, `updated_by`, `created_at`, `updated_at`, `deleted_at`) VALUES (1900, 100, 2, 'log', 'BaseLog', 'base/log/index', '', '{\"icon\": \"Document\", \"title\": \"系统日志\", \"hidden\": false, \"keepAlive\": true, \"alwaysShow\": false}', '[\"/admin.BaseLogService/PageBaseLog\"]', 190, 1, 1, 1, '2025-03-15 07:07:48', '2025-04-18 10:18:39', NULL);
INSERT INTO `base_menu` (`id`, `parent_id`, `type`, `path`, `name`, `component`, `redirect`, `meta`, `apis`, `sort`, `status`, `created_by`, `updated_by`, `created_at`, `updated_at`, `deleted_at`) VALUES (1901, 1900, 3, 'base:log:info', '', '', '', '{\"title\": \"查询日志详情\"}', '[\"/admin.BaseLogService/GetBaseLog\"]', 1, 1, 1, 1, '2025-03-13 09:52:57', '2025-04-18 10:18:39', NULL);
INSERT INTO `base_menu` (`id`, `parent_id`, `type`, `path`, `name`, `component`, `redirect`, `meta`, `apis`, `sort`, `status`, `created_by`, `updated_by`, `created_at`, `updated_at`, `deleted_at`) VALUES (2000, 200, 2, '/user', 'BaseUser', 'base/user/index', '', '{\"icon\": \"User\", \"title\": \"用户管理\", \"hidden\": false, \"keepAlive\": true, \"alwaysShow\": false}', '[\"/admin.BaseUserService/PageBaseUser\"]', 200, 1, 1, 1, '2025-03-13 09:52:57', '2025-04-18 10:18:39', NULL);
INSERT INTO `base_menu` (`id`, `parent_id`, `type`, `path`, `name`, `component`, `redirect`, `meta`, `apis`, `sort`, `status`, `created_by`, `updated_by`, `created_at`, `updated_at`, `deleted_at`) VALUES (2001, 2000, 3, 'base:user:create', '', '', '', '{\"title\": \"新增用户\"}', '[\"/admin.BaseDeptService/OptionBaseDept\", \"/admin.BaseRoleService/OptionBaseRole\", \"/admin.BaseUserService/CreateBaseUser\"]', 1, 1, 1, 1, '2025-03-13 09:52:57', '2025-04-18 10:18:39', NULL);
INSERT INTO `base_menu` (`id`, `parent_id`, `type`, `path`, `name`, `component`, `redirect`, `meta`, `apis`, `sort`, `status`, `created_by`, `updated_by`, `created_at`, `updated_at`, `deleted_at`) VALUES (2002, 2000, 3, 'base:user:delete', '', '', '', '{\"title\": \"删除用户\"}', '[\"/admin.BaseUserService/DeleteBaseUser\"]', 1, 1, 1, 1, '2025-03-13 09:52:57', '2025-04-18 10:18:39', NULL);
INSERT INTO `base_menu` (`id`, `parent_id`, `type`, `path`, `name`, `component`, `redirect`, `meta`, `apis`, `sort`, `status`, `created_by`, `updated_by`, `created_at`, `updated_at`, `deleted_at`) VALUES (2003, 2000, 3, 'base:user:update', '', '', '', '{\"title\": \"编辑用户\"}', '[\"/admin.BaseDeptService/OptionBaseDept\", \"/admin.BaseRoleService/OptionBaseRole\", \"/admin.BaseUserService/GetBaseUser\", \"/admin.BaseUserService/UpdateBaseUser\"]', 1, 1, 1, 1, '2025-03-13 09:52:57', '2025-04-18 10:18:39', NULL);
INSERT INTO `base_menu` (`id`, `parent_id`, `type`, `path`, `name`, `component`, `redirect`, `meta`, `apis`, `sort`, `status`, `created_by`, `updated_by`, `created_at`, `updated_at`, `deleted_at`) VALUES (2004, 2000, 3, 'base:user:status', '', '', '', '{\"title\": \"修改用户状态\"}', '[\"/admin.BaseUserService/SetBaseUserStatus\"]', 1, 1, 1, 1, '2025-03-13 09:52:57', '2025-04-18 10:18:39', NULL);
INSERT INTO `base_menu` (`id`, `parent_id`, `type`, `path`, `name`, `component`, `redirect`, `meta`, `apis`, `sort`, `status`, `created_by`, `updated_by`, `created_at`, `updated_at`, `deleted_at`) VALUES (2005, 2000, 3, 'base:user:pwd', '', '', '', '{\"title\": \"重置用户密码\"}', '[\"/admin.BaseUserService/ResetBaseUserPassword\"]', 1, 1, 1, 1, '2025-03-13 09:52:57', '2025-04-18 10:18:39', NULL);
INSERT INTO `base_menu` (`id`, `parent_id`, `type`, `path`, `name`, `component`, `redirect`, `meta`, `apis`, `sort`, `status`, `created_by`, `updated_by`, `created_at`, `updated_at`, `deleted_at`) VALUES (2100, 200, 2, 'role', 'BaseRole', 'base/role/index', '', '{\"icon\": \"Avatar\", \"title\": \"角色管理\", \"hidden\": false, \"keepAlive\": true, \"alwaysShow\": false}', '[\"/admin.BaseRoleService/PageBaseRole\"]', 210, 1, 1, 1, '2025-03-13 09:52:57', '2025-04-18 10:18:39', NULL);
INSERT INTO `base_menu` (`id`, `parent_id`, `type`, `path`, `name`, `component`, `redirect`, `meta`, `apis`, `sort`, `status`, `created_by`, `updated_by`, `created_at`, `updated_at`, `deleted_at`) VALUES (2101, 2100, 3, 'base:role:create', '', '', '', '{\"title\": \"新增角色\"}', '[\"/admin.BaseMenuService/OptionBaseMenu\", \"/admin.BaseRoleService/CreateBaseRole\"]', 1, 1, 1, 1, '2025-03-13 09:52:57', '2025-04-18 10:18:39', NULL);
INSERT INTO `base_menu` (`id`, `parent_id`, `type`, `path`, `name`, `component`, `redirect`, `meta`, `apis`, `sort`, `status`, `created_by`, `updated_by`, `created_at`, `updated_at`, `deleted_at`) VALUES (2102, 2100, 3, 'base:role:delete', '', '', '', '{\"title\": \"删除角色\"}', '[\"/admin.BaseRoleService/DeleteBaseRole\"]', 1, 1, 1, 1, '2025-03-13 09:52:57', '2025-04-18 10:18:39', NULL);
INSERT INTO `base_menu` (`id`, `parent_id`, `type`, `path`, `name`, `component`, `redirect`, `meta`, `apis`, `sort`, `status`, `created_by`, `updated_by`, `created_at`, `updated_at`, `deleted_at`) VALUES (2103, 2100, 3, 'base:role:update', '', '', '', '{\"title\": \"编辑角色\"}', '[\"/admin.BaseMenuService/OptionBaseMenu\", \"/admin.BaseRoleService/GetBaseRole\", \"/admin.BaseRoleService/UpdateBaseRole\"]', 1, 1, 1, 1, '2025-03-13 09:52:57', '2025-04-18 10:18:39', NULL);
INSERT INTO `base_menu` (`id`, `parent_id`, `type`, `path`, `name`, `component`, `redirect`, `meta`, `apis`, `sort`, `status`, `created_by`, `updated_by`, `created_at`, `updated_at`, `deleted_at`) VALUES (2104, 2100, 3, 'base:role:status', '', '', '', '{\"title\": \"修改角色状态\"}', '[\"/admin.BaseRoleService/SetBaseRoleStatus\"]', 1, 1, 1, 1, '2025-03-13 09:52:57', '2025-04-18 10:18:39', NULL);
INSERT INTO `base_menu` (`id`, `parent_id`, `type`, `path`, `name`, `component`, `redirect`, `meta`, `apis`, `sort`, `status`, `created_by`, `updated_by`, `created_at`, `updated_at`, `deleted_at`) VALUES (2105, 2100, 3, 'base:role:menus', '', '', '', '{\"title\": \"分配角色权限\"}', '[\"/admin.BaseMenuService/OptionBaseMenu\", \"/admin.BaseRoleService/SetBaseRoleMenu\"]', 1, 1, 1, 1, '2025-03-13 09:52:57', '2025-04-18 10:18:39', NULL);
INSERT INTO `base_menu` (`id`, `parent_id`, `type`, `path`, `name`, `component`, `redirect`, `meta`, `apis`, `sort`, `status`, `created_by`, `updated_by`, `created_at`, `updated_at`, `deleted_at`) VALUES (2200, 200, 2, 'dept', 'BaseDept', 'base/dept/index', '', '{\"icon\": \"OfficeBuilding\", \"title\": \"部门管理\", \"hidden\": false, \"keepAlive\": true, \"alwaysShow\": false}', '[\"/admin.BaseDeptService/TreeBaseDept\"]', 220, 1, 1, 1, '2025-03-13 09:52:57', '2025-04-18 10:18:39', NULL);
INSERT INTO `base_menu` (`id`, `parent_id`, `type`, `path`, `name`, `component`, `redirect`, `meta`, `apis`, `sort`, `status`, `created_by`, `updated_by`, `created_at`, `updated_at`, `deleted_at`) VALUES (2201, 2200, 3, 'base:dept:create', '', '', '', '{\"title\": \"新增部门\"}', '[\"/admin.BaseDeptService/CreateBaseDept\"]', 1, 1, 1, 1, '2025-03-13 09:52:57', '2025-04-18 10:18:39', NULL);
INSERT INTO `base_menu` (`id`, `parent_id`, `type`, `path`, `name`, `component`, `redirect`, `meta`, `apis`, `sort`, `status`, `created_by`, `updated_by`, `created_at`, `updated_at`, `deleted_at`) VALUES (2202, 2200, 3, 'base:dept:delete', '', '', '', '{\"title\": \"删除部门\"}', '[\"/admin.BaseDeptService/DeleteBaseDept\"]', 1, 1, 1, 1, '2025-03-13 09:52:57', '2025-04-18 10:18:39', NULL);
INSERT INTO `base_menu` (`id`, `parent_id`, `type`, `path`, `name`, `component`, `redirect`, `meta`, `apis`, `sort`, `status`, `created_by`, `updated_by`, `created_at`, `updated_at`, `deleted_at`) VALUES (2203, 2200, 3, 'base:dept:update', '', '', '', '{\"title\": \"编辑部门\"}', '[\"/admin.BaseDeptService/GetBaseDept\", \"/admin.BaseDeptService/UpdateBaseDept\"]', 1, 1, 1, 1, '2025-03-13 09:52:57', '2025-04-18 10:18:39', NULL);
INSERT INTO `base_menu` (`id`, `parent_id`, `type`, `path`, `name`, `component`, `redirect`, `meta`, `apis`, `sort`, `status`, `created_by`, `updated_by`, `created_at`, `updated_at`, `deleted_at`) VALUES (2204, 2200, 3, 'base:dept:status', '', '', '', '{\"title\": \"修改部门状态\"}', '[\"/admin.BaseDeptService/SetBaseDeptStatus\"]', 1, 1, 1, 1, '2025-03-13 09:52:57', '2025-04-18 10:18:39', NULL);
INSERT INTO `base_menu` (`id`, `parent_id`, `type`, `path`, `name`, `component`, `redirect`, `meta`, `apis`, `sort`, `status`, `created_by`, `updated_by`, `created_at`, `updated_at`, `deleted_at`) VALUES (3000, 300, 2, 'category', 'GoodsCategory', 'goods/category/index', '', '{\"icon\": \"Grid\", \"title\": \"分类管理\", \"hidden\": false, \"keepAlive\": true, \"alwaysShow\": false}', '[\"/admin.GoodsCategoryService/TreeGoodsCategory\"]', 300, 1, 1, 1, '2025-03-17 01:48:23', '2025-04-18 10:18:39', NULL);
INSERT INTO `base_menu` (`id`, `parent_id`, `type`, `path`, `name`, `component`, `redirect`, `meta`, `apis`, `sort`, `status`, `created_by`, `updated_by`, `created_at`, `updated_at`, `deleted_at`) VALUES (3001, 3000, 3, 'goods:category:create', '', '', '', '{\"title\": \"新增分类\"}', '[\"/admin.GoodsCategoryService/CreateGoodsCategory\"]', 1, 1, 1, 1, '2025-03-13 09:52:57', '2025-04-18 10:18:39', NULL);
INSERT INTO `base_menu` (`id`, `parent_id`, `type`, `path`, `name`, `component`, `redirect`, `meta`, `apis`, `sort`, `status`, `created_by`, `updated_by`, `created_at`, `updated_at`, `deleted_at`) VALUES (3002, 3000, 3, 'goods:category:delete', '', '', '', '{\"title\": \"删除分类\"}', '[\"/admin.GoodsCategoryService/DeleteGoodsCategory\"]', 1, 1, 1, 1, '2025-03-13 09:52:57', '2025-04-18 10:18:39', NULL);
INSERT INTO `base_menu` (`id`, `parent_id`, `type`, `path`, `name`, `component`, `redirect`, `meta`, `apis`, `sort`, `status`, `created_by`, `updated_by`, `created_at`, `updated_at`, `deleted_at`) VALUES (3003, 3000, 3, 'goods:category:update', '', '', '', '{\"title\": \"编辑分类\"}', '[\"/admin.GoodsCategoryService/GetGoodsCategory\", \"/admin.GoodsCategoryService/UpdateGoodsCategory\"]', 1, 1, 1, 1, '2025-03-13 09:52:57', '2025-04-18 10:18:39', NULL);
INSERT INTO `base_menu` (`id`, `parent_id`, `type`, `path`, `name`, `component`, `redirect`, `meta`, `apis`, `sort`, `status`, `created_by`, `updated_by`, `created_at`, `updated_at`, `deleted_at`) VALUES (3004, 3000, 3, 'goods:category:status', '', '', '', '{\"title\": \"修改分类状态\"}', '[\"/admin.GoodsCategoryService/SetGoodsCategoryStatus\"]', 1, 1, 1, 1, '2025-03-13 09:52:57', '2025-04-18 10:18:39', NULL);
INSERT INTO `base_menu` (`id`, `parent_id`, `type`, `path`, `name`, `component`, `redirect`, `meta`, `apis`, `sort`, `status`, `created_by`, `updated_by`, `created_at`, `updated_at`, `deleted_at`) VALUES (3100, 300, 2, 'info', 'GoodsInfo', 'goods/info/index', '', '{\"icon\": \"Goods\", \"title\": \"商品管理\", \"hidden\": false, \"keepAlive\": true, \"alwaysShow\": false}', '[\"/admin.GoodsInfoService/PageGoodsInfo\"]', 310, 1, 1, 1, '2025-03-17 01:50:28', '2025-04-18 10:18:39', NULL);
INSERT INTO `base_menu` (`id`, `parent_id`, `type`, `path`, `name`, `component`, `redirect`, `meta`, `apis`, `sort`, `status`, `created_by`, `updated_by`, `created_at`, `updated_at`, `deleted_at`) VALUES (3101, 3100, 3, 'goods:info:sku', '', '', '', '{\"title\": \"库存\"}', '[]', 0, 1, 1, 1, '2025-03-13 09:52:57', '2025-04-18 10:18:39', NULL);
INSERT INTO `base_menu` (`id`, `parent_id`, `type`, `path`, `name`, `component`, `redirect`, `meta`, `apis`, `sort`, `status`, `created_by`, `updated_by`, `created_at`, `updated_at`, `deleted_at`) VALUES (3102, 3100, 3, 'goods:info:prop', '', '', '', '{\"title\": \"属性\"}', '[]', 0, 1, 1, 1, '2025-03-13 09:52:57', '2025-04-18 10:18:39', NULL);
INSERT INTO `base_menu` (`id`, `parent_id`, `type`, `path`, `name`, `component`, `redirect`, `meta`, `apis`, `sort`, `status`, `created_by`, `updated_by`, `created_at`, `updated_at`, `deleted_at`) VALUES (3103, 3100, 3, 'goods:info:delete', '', '', '', '{\"title\": \"删除商品\"}', '[\"/admin.GoodsInfoService/DeleteGoodsInfo\"]', 1, 1, 1, 1, '2025-03-13 09:52:57', '2025-04-18 10:18:39', NULL);
INSERT INTO `base_menu` (`id`, `parent_id`, `type`, `path`, `name`, `component`, `redirect`, `meta`, `apis`, `sort`, `status`, `created_by`, `updated_by`, `created_at`, `updated_at`, `deleted_at`) VALUES (3104, 3100, 3, 'goods:info:status', '', '', '', '{\"title\": \"上架下架商品\"}', '[\"/admin.GoodsInfoService/SetGoodsInfoStatus\"]', 1, 1, 1, 1, '2025-03-13 09:52:57', '2025-04-18 10:18:39', NULL);
INSERT INTO `base_menu` (`id`, `parent_id`, `type`, `path`, `name`, `component`, `redirect`, `meta`, `apis`, `sort`, `status`, `created_by`, `updated_by`, `created_at`, `updated_at`, `deleted_at`) VALUES (3200, 300, 2, 'edit', 'GoodsEdit', 'goods/info/edit/index', '', '{\"icon\": \"Goods\", \"title\": \"新增商品\", \"hidden\": true, \"keepAlive\": true, \"alwaysShow\": false}', '[]', 320, 1, 1, 1, '2025-03-17 01:51:56', '2025-04-18 10:18:39', NULL);
INSERT INTO `base_menu` (`id`, `parent_id`, `type`, `path`, `name`, `component`, `redirect`, `meta`, `apis`, `sort`, `status`, `created_by`, `updated_by`, `created_at`, `updated_at`, `deleted_at`) VALUES (3201, 3200, 3, 'goods:info:create', '', '', '', '{\"title\": \"新增商品\"}', '[\"/admin.GoodsCategoryService/OptionGoodsCategory\", \"/admin.GoodsInfoService/CreateGoodsInfo\"]', 1, 1, 1, 1, '2025-03-13 09:52:57', '2025-04-18 10:18:39', NULL);
INSERT INTO `base_menu` (`id`, `parent_id`, `type`, `path`, `name`, `component`, `redirect`, `meta`, `apis`, `sort`, `status`, `created_by`, `updated_by`, `created_at`, `updated_at`, `deleted_at`) VALUES (3202, 3200, 3, 'goods:info:update', '', '', '', '{\"title\": \"编辑商品\"}', '[\"/admin.GoodsCategoryService/OptionGoodsCategory\", \"/admin.GoodsInfoService/GetGoodsInfo\", \"/admin.GoodsInfoService/UpdateGoodsInfo\"]', 1, 1, 1, 1, '2025-03-13 09:52:57', '2025-04-18 10:18:39', NULL);
INSERT INTO `base_menu` (`id`, `parent_id`, `type`, `path`, `name`, `component`, `redirect`, `meta`, `apis`, `sort`, `status`, `created_by`, `updated_by`, `created_at`, `updated_at`, `deleted_at`) VALUES (3300, 300, 2, 'detail', 'GoodsDetail', 'goods/info/detail/index', '', '{\"icon\": \"Memo\", \"title\": \"商品详情\", \"hidden\": true, \"keepAlive\": true, \"alwaysShow\": false}', '[]', 330, 1, 1, 1, '2025-03-17 01:51:56', '2025-04-18 10:18:39', NULL);
INSERT INTO `base_menu` (`id`, `parent_id`, `type`, `path`, `name`, `component`, `redirect`, `meta`, `apis`, `sort`, `status`, `created_by`, `updated_by`, `created_at`, `updated_at`, `deleted_at`) VALUES (3301, 3300, 3, 'goods:info:detail', '', '', '', '{\"title\": \"查看\"}', '[\"/admin.GoodsInfoService/GetGoodsInfo\"]', 1, 1, 1, 1, '2025-03-13 09:52:57', '2025-04-18 10:18:39', NULL);
INSERT INTO `base_menu` (`id`, `parent_id`, `type`, `path`, `name`, `component`, `redirect`, `meta`, `apis`, `sort`, `status`, `created_by`, `updated_by`, `created_at`, `updated_at`, `deleted_at`) VALUES (3400, 300, 2, 'prop', 'GoodsProp', 'goods/prop/index', '', '{\"icon\": \"Operation\", \"title\": \"属性管理\", \"hidden\": true, \"keepAlive\": true, \"alwaysShow\": false}', '[\"/admin.GoodsPropService/PageGoodsProp\"]', 340, 1, 1, 1, '2025-03-17 01:51:56', '2025-04-18 10:18:39', NULL);
INSERT INTO `base_menu` (`id`, `parent_id`, `type`, `path`, `name`, `component`, `redirect`, `meta`, `apis`, `sort`, `status`, `created_by`, `updated_by`, `created_at`, `updated_at`, `deleted_at`) VALUES (3401, 3400, 3, 'goods:prop:create', '', '', '', '{\"title\": \"新增属性\"}', '[\"/admin.GoodsPropService/CreateGoodsProp\"]', 1, 1, 1, 1, '2025-03-13 09:52:57', '2025-04-18 10:18:39', NULL);
INSERT INTO `base_menu` (`id`, `parent_id`, `type`, `path`, `name`, `component`, `redirect`, `meta`, `apis`, `sort`, `status`, `created_by`, `updated_by`, `created_at`, `updated_at`, `deleted_at`) VALUES (3402, 3400, 3, 'goods:prop:delete', '', '', '', '{\"title\": \"删除属性\"}', '[\"/admin.GoodsPropService/DeleteGoodsProp\"]', 1, 1, 1, 1, '2025-03-13 09:52:57', '2025-04-18 10:18:39', NULL);
INSERT INTO `base_menu` (`id`, `parent_id`, `type`, `path`, `name`, `component`, `redirect`, `meta`, `apis`, `sort`, `status`, `created_by`, `updated_by`, `created_at`, `updated_at`, `deleted_at`) VALUES (3403, 3400, 3, 'goods:prop:update', '', '', '', '{\"title\": \"编辑属性\"}', '[\"/admin.GoodsPropService/GetGoodsProp\", \"/admin.GoodsPropService/UpdateGoodsProp\"]', 1, 1, 1, 1, '2025-03-13 09:52:57', '2025-04-18 10:18:39', NULL);
INSERT INTO `base_menu` (`id`, `parent_id`, `type`, `path`, `name`, `component`, `redirect`, `meta`, `apis`, `sort`, `status`, `created_by`, `updated_by`, `created_at`, `updated_at`, `deleted_at`) VALUES (3500, 300, 2, 'sku', 'GoodsSku', 'goods/sku/index', '', '{\"icon\": \"CollectionTag\", \"title\": \"SKU管理\", \"hidden\": true, \"keepAlive\": true, \"alwaysShow\": false}', '[\"/admin.GoodsSkuService/PageGoodsSku\", \"/admin.GoodsSpecService/ListGoodsSpec\"]', 350, 1, 1, 1, '2025-03-17 01:52:48', '2025-04-18 10:18:39', NULL);
INSERT INTO `base_menu` (`id`, `parent_id`, `type`, `path`, `name`, `component`, `redirect`, `meta`, `apis`, `sort`, `status`, `created_by`, `updated_by`, `created_at`, `updated_at`, `deleted_at`) VALUES (3501, 3500, 3, 'goods:sku:update', '', '', '', '{\"title\": \"编辑型号\"}', '[\"/admin.GoodsSkuService/GetGoodsSku\", \"/admin.GoodsSkuService/UpdateGoodsSku\"]', 1, 1, 1, 1, '2025-03-13 09:52:57', '2025-04-18 10:18:40', NULL);
INSERT INTO `base_menu` (`id`, `parent_id`, `type`, `path`, `name`, `component`, `redirect`, `meta`, `apis`, `sort`, `status`, `created_by`, `updated_by`, `created_at`, `updated_at`, `deleted_at`) VALUES (4000, 400, 2, 'info', 'OrderInfo', 'order/info/index', '', '{\"icon\": \"Tickets\", \"title\": \"订单管理\", \"hidden\": false, \"keepAlive\": true, \"alwaysShow\": false}', '[\"/admin.OrderInfoService/PageOrderInfo\"]', 400, 1, 1, 1, '2025-04-09 00:17:34', '2025-04-18 10:18:40', NULL);
INSERT INTO `base_menu` (`id`, `parent_id`, `type`, `path`, `name`, `component`, `redirect`, `meta`, `apis`, `sort`, `status`, `created_by`, `updated_by`, `created_at`, `updated_at`, `deleted_at`) VALUES (4001, 4000, 3, 'order:info:detail', '', '', '', '{\"title\": \"查看\"}', '[\"/admin.OrderInfoService/GetOrderInfo\"]', 1, 1, 1, 1, '2025-03-13 09:52:57', '2025-04-18 10:18:40', NULL);
INSERT INTO `base_menu` (`id`, `parent_id`, `type`, `path`, `name`, `component`, `redirect`, `meta`, `apis`, `sort`, `status`, `created_by`, `updated_by`, `created_at`, `updated_at`, `deleted_at`) VALUES (4002, 4000, 3, 'order:info:shipped', '', '', '', '{\"title\": \"发货\"}', '[\"/admin.OrderInfoService/GetOrderInfoShipment\", \"/admin.OrderInfoService/ShipOrderInfo\"]', 1, 1, 1, 1, '2025-03-13 09:52:57', '2025-04-18 10:18:40', NULL);
INSERT INTO `base_menu` (`id`, `parent_id`, `type`, `path`, `name`, `component`, `redirect`, `meta`, `apis`, `sort`, `status`, `created_by`, `updated_by`, `created_at`, `updated_at`, `deleted_at`) VALUES (4003, 4000, 3, 'order:info:refund', '', '', '', '{\"title\": \"退款\"}', '[\"/admin.OrderInfoService/GetOrderInfoRefund\", \"/admin.OrderInfoService/RefundOrderInfo\"]', 1, 1, 1, 1, '2025-03-13 09:52:57', '2025-04-18 10:18:40', NULL);
INSERT INTO `base_menu` (`id`, `parent_id`, `type`, `path`, `name`, `component`, `redirect`, `meta`, `apis`, `sort`, `status`, `created_by`, `updated_by`, `created_at`, `updated_at`, `deleted_at`) VALUES (4100, 400, 2, 'shipped', 'OrderShipped', 'order/info/shipped/index', '', '{\"icon\": \"Van\", \"title\": \"待发货订单\", \"hidden\": false, \"keepAlive\": true, \"alwaysShow\": false}', '[\"/admin.OrderInfoService/PageOrderInfo\"]', 410, 1, 1, 1, '2025-04-09 11:29:49', '2025-04-18 10:18:40', NULL);
INSERT INTO `base_menu` (`id`, `parent_id`, `type`, `path`, `name`, `component`, `redirect`, `meta`, `apis`, `sort`, `status`, `created_by`, `updated_by`, `created_at`, `updated_at`, `deleted_at`) VALUES (4200, 400, 2, 'detail/:orderId', 'OrderDetail', 'order/info/detail/index', '', '{\"icon\": \"Memo\", \"title\": \"订单详情\", \"hidden\": true, \"keepAlive\": true, \"alwaysShow\": false}', '[\"/admin.OrderInfoService/GetOrderInfo\"]', 420, 1, 1, 1, '2025-03-17 01:51:56', '2025-04-18 10:18:40', NULL);
INSERT INTO `base_menu` (`id`, `parent_id`, `type`, `path`, `name`, `component`, `redirect`, `meta`, `apis`, `sort`, `status`, `created_by`, `updated_by`, `created_at`, `updated_at`, `deleted_at`) VALUES (5000, 500, 2, 'banner', 'ShopBanner', 'shop/banner/index', '', '{\"icon\": \"PictureFilled\", \"title\": \"轮播图\", \"hidden\": false, \"keepAlive\": true, \"alwaysShow\": false}', '[\"/admin.ShopBannerService/PageShopBanner\"]', 500, 1, 1, 1, '2025-03-17 01:40:29', '2025-04-18 10:18:40', NULL);
INSERT INTO `base_menu` (`id`, `parent_id`, `type`, `path`, `name`, `component`, `redirect`, `meta`, `apis`, `sort`, `status`, `created_by`, `updated_by`, `created_at`, `updated_at`, `deleted_at`) VALUES (5001, 5000, 3, 'shop:banner:create', '', '', '', '{\"title\": \"新增轮播图\"}', '[\"/admin.GoodsInfoService/OptionGoodsInfo\", \"/admin.ShopBannerService/CreateShopBanner\"]', 1, 1, 1, 1, '2025-03-13 09:52:57', '2025-05-07 16:00:25', NULL);
INSERT INTO `base_menu` (`id`, `parent_id`, `type`, `path`, `name`, `component`, `redirect`, `meta`, `apis`, `sort`, `status`, `created_by`, `updated_by`, `created_at`, `updated_at`, `deleted_at`) VALUES (5002, 5000, 3, 'shop:banner:delete', '', '', '', '{\"title\": \"删除轮播图\"}', '[\"/admin.ShopBannerService/DeleteShopBanner\"]', 1, 1, 1, 1, '2025-03-13 09:52:57', '2025-04-18 10:18:40', NULL);
INSERT INTO `base_menu` (`id`, `parent_id`, `type`, `path`, `name`, `component`, `redirect`, `meta`, `apis`, `sort`, `status`, `created_by`, `updated_by`, `created_at`, `updated_at`, `deleted_at`) VALUES (5003, 5000, 3, 'shop:banner:update', '', '', '', '{\"title\": \"编辑轮播图\"}', '[\"/admin.GoodsInfoService/OptionGoodsInfo\", \"/admin.ShopBannerService/GetShopBanner\", \"/admin.ShopBannerService/UpdateShopBanner\"]', 1, 1, 1, 1, '2025-03-13 09:52:57', '2025-05-07 16:01:01', NULL);
INSERT INTO `base_menu` (`id`, `parent_id`, `type`, `path`, `name`, `component`, `redirect`, `meta`, `apis`, `sort`, `status`, `created_by`, `updated_by`, `created_at`, `updated_at`, `deleted_at`) VALUES (5004, 5000, 3, 'shop:banner:status', '', '', '', '{\"title\": \"修改轮播图状态\"}', '[\"/admin.ShopBannerService/SetShopBannerStatus\"]', 1, 1, 1, 1, '2025-03-13 09:52:57', '2025-04-18 10:18:40', NULL);
INSERT INTO `base_menu` (`id`, `parent_id`, `type`, `path`, `name`, `component`, `redirect`, `meta`, `apis`, `sort`, `status`, `created_by`, `updated_by`, `created_at`, `updated_at`, `deleted_at`) VALUES (5100, 500, 2, 'hot', 'ShopHot', 'shop/hot/index', '', '{\"icon\": \"StarFilled\", \"title\": \"热门推荐管理\", \"hidden\": false, \"keepAlive\": true, \"alwaysShow\": false}', '[\"/admin.ShopHotService/PageShopHot\"]', 510, 1, 1, 1, '2025-03-13 09:52:57', '2025-04-18 10:18:40', NULL);
INSERT INTO `base_menu` (`id`, `parent_id`, `type`, `path`, `name`, `component`, `redirect`, `meta`, `apis`, `sort`, `status`, `created_by`, `updated_by`, `created_at`, `updated_at`, `deleted_at`) VALUES (5101, 5100, 3, 'shop:hot:create', '', '', '', '{\"title\": \"新增热门推荐\"}', '[\"/admin.ShopHotService/CreateShopHot\"]', 1, 1, 1, 1, '2025-03-13 09:52:57', '2025-04-18 10:18:40', NULL);
INSERT INTO `base_menu` (`id`, `parent_id`, `type`, `path`, `name`, `component`, `redirect`, `meta`, `apis`, `sort`, `status`, `created_by`, `updated_by`, `created_at`, `updated_at`, `deleted_at`) VALUES (5102, 5100, 3, 'shop:hot:delete', '', '', '', '{\"title\": \"删除热门推荐\"}', '[\"/admin.ShopHotService/DeleteShopHot\"]', 1, 1, 1, 1, '2025-03-13 09:52:57', '2025-04-18 10:18:40', NULL);
INSERT INTO `base_menu` (`id`, `parent_id`, `type`, `path`, `name`, `component`, `redirect`, `meta`, `apis`, `sort`, `status`, `created_by`, `updated_by`, `created_at`, `updated_at`, `deleted_at`) VALUES (5103, 5100, 3, 'shop:hot:update', '', '', '', '{\"title\": \"编辑热门推荐\"}', '[\"/admin.ShopHotService/GetShopHot\", \"/admin.ShopHotService/UpdateShopHot\"]', 1, 1, 1, 1, '2025-03-13 09:52:57', '2025-04-18 10:18:40', NULL);
INSERT INTO `base_menu` (`id`, `parent_id`, `type`, `path`, `name`, `component`, `redirect`, `meta`, `apis`, `sort`, `status`, `created_by`, `updated_by`, `created_at`, `updated_at`, `deleted_at`) VALUES (5104, 5100, 3, 'shop:hot:status', '', '', '', '{\"title\": \"修改热门推荐状态\"}', '[\"/admin.ShopHotService/SetShopHotStatus\"]', 1, 1, 1, 1, '2025-03-13 09:52:57', '2025-04-18 10:18:40', NULL);
INSERT INTO `base_menu` (`id`, `parent_id`, `type`, `path`, `name`, `component`, `redirect`, `meta`, `apis`, `sort`, `status`, `created_by`, `updated_by`, `created_at`, `updated_at`, `deleted_at`) VALUES (5105, 5100, 3, 'shop:hot:items', '', '', '', '{\"title\": \"热门推荐选项\"}', '[]', 0, 1, 1, 1, '2025-03-13 09:52:57', '2025-04-18 10:18:40', NULL);
INSERT INTO `base_menu` (`id`, `parent_id`, `type`, `path`, `name`, `component`, `redirect`, `meta`, `apis`, `sort`, `status`, `created_by`, `updated_by`, `created_at`, `updated_at`, `deleted_at`) VALUES (5200, 500, 2, 'hot-item', 'ShopHotItem', 'shop/hot/item', '', '{\"icon\": \"Star\", \"title\": \"热门推荐选项数据\", \"hidden\": true, \"keepAlive\": true, \"alwaysShow\": false}', '[\"/admin.ShopHotService/PageShopHotItem\"]', 520, 1, 1, 1, '2025-03-13 09:52:57', '2025-04-18 10:18:40', NULL);
INSERT INTO `base_menu` (`id`, `parent_id`, `type`, `path`, `name`, `component`, `redirect`, `meta`, `apis`, `sort`, `status`, `created_by`, `updated_by`, `created_at`, `updated_at`, `deleted_at`) VALUES (5201, 5200, 3, 'shop:hot-item:create', '', '', '', '{\"title\": \"新增热门推荐选项数据\"}', '[\"/admin.ShopHotService/CreateShopHotItem\"]', 1, 1, 1, 1, '2025-03-13 09:52:57', '2025-04-18 10:18:40', NULL);
INSERT INTO `base_menu` (`id`, `parent_id`, `type`, `path`, `name`, `component`, `redirect`, `meta`, `apis`, `sort`, `status`, `created_by`, `updated_by`, `created_at`, `updated_at`, `deleted_at`) VALUES (5202, 5200, 3, 'shop:hot-item:delete', '', '', '', '{\"title\": \"删除热门推荐选项数据\"}', '[\"/admin.ShopHotService/DeleteShopHotItem\"]', 1, 1, 1, 1, '2025-03-13 09:52:57', '2025-04-18 10:18:40', NULL);
INSERT INTO `base_menu` (`id`, `parent_id`, `type`, `path`, `name`, `component`, `redirect`, `meta`, `apis`, `sort`, `status`, `created_by`, `updated_by`, `created_at`, `updated_at`, `deleted_at`) VALUES (5203, 5200, 3, 'shop:hot-item:update', '', '', '', '{\"title\": \"编辑热门推荐选项数据\"}', '[\"/admin.ShopHotService/GetShopHotItem\", \"/admin.ShopHotService/UpdateShopHotItem\"]', 1, 1, 1, 1, '2025-03-13 09:52:57', '2025-04-18 10:18:40', NULL);
INSERT INTO `base_menu` (`id`, `parent_id`, `type`, `path`, `name`, `component`, `redirect`, `meta`, `apis`, `sort`, `status`, `created_by`, `updated_by`, `created_at`, `updated_at`, `deleted_at`) VALUES (5204, 5200, 3, 'shop:hot-item:status', '', '', '', '{\"title\": \"修改热门推荐选项数据状态\"}', '[\"/admin.ShopHotService/SetShopHotItemStatus\"]', 1, 1, 1, 1, '2025-03-13 09:52:57', '2025-04-18 10:18:40', NULL);
INSERT INTO `base_menu` (`id`, `parent_id`, `type`, `path`, `name`, `component`, `redirect`, `meta`, `apis`, `sort`, `status`, `created_by`, `updated_by`, `created_at`, `updated_at`, `deleted_at`) VALUES (5300, 500, 2, 'service', 'ShopService', 'shop/service/index', '', '{\"icon\": \"Collection\", \"title\": \"商城服务\", \"hidden\": false, \"keepAlive\": true, \"alwaysShow\": false}', '[\"/admin.ShopServiceService/PageShopService\"]', 500, 1, 1, 1, '2025-03-17 01:40:29', '2025-04-18 10:18:40', NULL);
INSERT INTO `base_menu` (`id`, `parent_id`, `type`, `path`, `name`, `component`, `redirect`, `meta`, `apis`, `sort`, `status`, `created_by`, `updated_by`, `created_at`, `updated_at`, `deleted_at`) VALUES (5301, 5300, 3, 'shop:service:create', '', '', '', '{\"title\": \"新增商城服务\"}', '[\"/admin.GoodsInfoService/OptionGoodsInfo\", \"/admin.ShopServiceService/CreateShopService\"]', 1, 1, 1, 1, '2025-03-13 09:52:57', '2025-05-07 16:00:25', NULL);
INSERT INTO `base_menu` (`id`, `parent_id`, `type`, `path`, `name`, `component`, `redirect`, `meta`, `apis`, `sort`, `status`, `created_by`, `updated_by`, `created_at`, `updated_at`, `deleted_at`) VALUES (5302, 5300, 3, 'shop:service:delete', '', '', '', '{\"title\": \"删除商城服务\"}', '[\"/admin.ShopServiceService/DeleteShopService\"]', 1, 1, 1, 1, '2025-03-13 09:52:57', '2025-04-18 10:18:40', NULL);
INSERT INTO `base_menu` (`id`, `parent_id`, `type`, `path`, `name`, `component`, `redirect`, `meta`, `apis`, `sort`, `status`, `created_by`, `updated_by`, `created_at`, `updated_at`, `deleted_at`) VALUES (5303, 5300, 3, 'shop:service:update', '', '', '', '{\"title\": \"编辑商城服务\"}', '[\"/admin.GoodsInfoService/OptionGoodsInfo\", \"/admin.ShopServiceService/GetShopService\", \"/admin.ShopServiceService/UpdateShopService\"]', 1, 1, 1, 1, '2025-03-13 09:52:57', '2025-05-07 16:01:01', NULL);
INSERT INTO `base_menu` (`id`, `parent_id`, `type`, `path`, `name`, `component`, `redirect`, `meta`, `apis`, `sort`, `status`, `created_by`, `updated_by`, `created_at`, `updated_at`, `deleted_at`) VALUES (5304, 5300, 3, 'shop:service:status', '', '', '', '{\"title\": \"修改商城服务状态\"}', '[\"/admin.ShopServiceService/SetShopServiceStatus\"]', 1, 1, 1, 1, '2025-03-13 09:52:57', '2025-04-18 10:18:40', NULL);
INSERT INTO `base_menu` (`id`, `parent_id`, `type`, `path`, `name`, `component`, `redirect`, `meta`, `apis`, `sort`, `status`, `created_by`, `updated_by`, `created_at`, `updated_at`, `deleted_at`) VALUES (5400, 500, 2, 'store', 'UserStore', 'user/store/index', '', '{\"icon\": \"Shop\", \"title\": \"门店审核\", \"hidden\": false, \"keepAlive\": true, \"alwaysShow\": false}', '[\"/admin.UserStoreService/PageUserStore\"]', 230, 1, 1, 1, '2025-03-13 09:52:57', '2025-04-18 10:18:39', NULL);
INSERT INTO `base_menu` (`id`, `parent_id`, `type`, `path`, `name`, `component`, `redirect`, `meta`, `apis`, `sort`, `status`, `created_by`, `updated_by`, `created_at`, `updated_at`, `deleted_at`) VALUES (5401, 5400, 3, 'user:store:audit', '', '', '', '{\"title\": \"用户门店审核\"}', '[\"/admin.UserStoreService/AuditUserStore\", \"/admin.UserStoreService/GetUserStore\"]', 1, 1, 1, 1, '2025-03-13 09:52:57', '2025-04-18 10:18:39', NULL);
INSERT INTO `base_menu` (`id`, `parent_id`, `type`, `path`, `name`, `component`, `redirect`, `meta`, `apis`, `sort`, `status`, `created_by`, `updated_by`, `created_at`, `updated_at`, `deleted_at`) VALUES (6000, 600, 2, 'bill', 'PayBill', 'pay/bill/index', '', '{\"icon\": \"Document\", \"title\": \"交易账单\", \"hidden\": false, \"keepAlive\": true, \"alwaysShow\": false}', '[\"/admin.PayBillService/PagePayBill\"]', 1, 1, 1, 1, '2025-04-22 11:59:02', '2025-04-24 00:18:03', NULL);
INSERT INTO `base_menu` (`id`, `parent_id`, `type`, `path`, `name`, `component`, `redirect`, `meta`, `apis`, `sort`, `status`, `created_by`, `updated_by`, `created_at`, `updated_at`, `deleted_at`) VALUES (6001, 6000, 3, 'pay:bill:download', '', '', '', '{\"title\": \"下载账单\"}', '[]', 1, 1, 1, 1, '2025-03-13 09:52:57', '2025-04-18 10:18:40', NULL);
INSERT INTO `base_menu` (`id`, `parent_id`, `type`, `path`, `name`, `component`, `redirect`, `meta`, `apis`, `sort`, `status`, `created_by`, `updated_by`, `created_at`, `updated_at`, `deleted_at`) VALUES (9000, 900, 2, 'app', 'App', 'app/index', '', '{\"icon\": \"Iphone\", \"title\": \"移动端\", \"hidden\": true, \"keepAlive\": false, \"alwaysShow\": false}', '[\"/app.AuthService/GetUserProfile\", \"/app.AuthService/BindUserPhone\", \"/app.AuthService/UpdateUserProfile\", \"/app.BaseAreaService/TreeBaseArea\", \"/app.BaseDictService/GetBaseDict\", \"/app.OrderInfoService/CancelOrderInfo\", \"/app.OrderInfoService/CountOrderInfo\", \"/app.OrderInfoService/CreateOrderInfo\", \"/app.OrderInfoService/DeleteOrderInfo\", \"/app.OrderInfoService/GetOrderInfoById\", \"/app.OrderInfoService/GetOrderInfoIdByOrderNo\", \"/app.OrderInfoService/BuyNowOrderInfo\", \"/app.OrderInfoService/ConfirmOrderInfo\", \"/app.OrderInfoService/RepurchaseOrderInfo\", \"/app.OrderInfoService/PageOrderInfo\", \"/app.OrderInfoService/ReceiveOrderInfo\", \"/app.OrderInfoService/RefundOrderInfo\", \"/app.PayService/H5Pay\", \"/app.PayService/JsapiPay\", \"/app.UserAddressService/CreateUserAddress\", \"/app.UserAddressService/DeleteUserAddress\", \"/app.UserAddressService/GetUserAddress\", \"/app.UserAddressService/ListUserAddress\", \"/app.UserAddressService/UpdateUserAddress\", \"/app.UserCartService/CountUserCart\", \"/app.UserCartService/CreateUserCart\", \"/app.UserCartService/DeleteUserCart\", \"/app.UserCartService/ListUserCart\", \"/app.UserCartService/SetUserCartSelection\", \"/app.UserCartService/SetUserCartStatus\", \"/app.UserCartService/UpdateUserCart\", \"/app.UserCollectService/CreateUserCollect\", \"/app.UserCollectService/DeleteUserCollect\", \"/app.UserCollectService/GetIsCollect\", \"/app.UserCollectService/PageUserCollect\", \"/app.UserStoreService/CreateUserStore\", \"/app.UserStoreService/GetUserStore\", \"/app.UserStoreService/UpdateUserStore\", \"/base.FileService/DownloadFile\", \"/base.FileService/MultiUploadFile\", \"/base.FileService/UploadFile\", \"/base.LoginService/Logout\", \"/base.LoginService/RefreshToken\"]', 900, 1, 1, 1, '2025-04-13 00:46:12', '2026-03-27 16:01:50', NULL);

TRUNCATE TABLE `base_role`;
INSERT INTO `base_role` (`id`, `name`, `code`, `data_scope`, `menus`, `status`, `remark`, `created_by`, `updated_by`, `created_at`, `updated_at`, `deleted_at`) VALUES (1, '超级管理员', 'super', 1, NULL, 1, '超级管理员拥有对系统的最高权限', 1, 1, '2025-03-13 09:52:39', '2025-03-13 09:52:39', NULL);
INSERT INTO `base_role` (`id`, `name`, `code`, `data_scope`, `menus`, `status`, `remark`, `created_by`, `updated_by`, `created_at`, `updated_at`, `deleted_at`) VALUES (2, '管理员', 'admin', 1, '[10, 20, 30, 80, 90, 70, 100, 1300, 1301, 1302, 1303, 1304, 1305, 200, 2000, 2001, 2002, 2003, 2004, 2005, 2100, 2101, 2102, 2103, 2104, 2105, 2200, 2201, 2202, 2203, 2204, 300, 3000, 3001, 3002, 3003, 3004, 3100, 3101, 3102, 3103, 3104, 3200, 3201, 3202, 3300, 3301, 3400, 3401, 3402, 3403, 3500, 3501, 400, 4000, 4001, 4002, 4003, 4100, 4200, 500, 5000, 5001, 5002, 5003, 5004, 5100, 5105, 5101, 5102, 5103, 5104, 5200, 5201, 5202, 5203, 5204, 5300, 5301, 5302, 5303, 5304, 5400, 5401, 600, 6000, 6001, 900, 9000]', 1, '系统管理员拥有对整个系统的管理权限', 1, 1, '2025-03-13 09:52:39', '2025-04-24 06:49:10', NULL);
INSERT INTO `base_role` (`id`, `name`, `code`, `data_scope`, `menus`, `status`, `remark`, `created_by`, `updated_by`, `created_at`, `updated_at`, `deleted_at`) VALUES (3, '普通用户', 'user', 4, '[900, 9000]', 1, '普通用户没有管理权限，只有设备和APP的使用权限', 1, 1, '2025-03-13 09:52:39', '2025-04-24 06:49:32', NULL);
INSERT INTO `base_role` (`id`, `name`, `code`, `data_scope`, `menus`, `status`, `remark`, `created_by`, `updated_by`, `created_at`, `updated_at`, `deleted_at`) VALUES (4, '游客', 'guest', 4, '[900, 9000]', 1, '游客只有非常有限的数据读取权限', 1, 1, '2025-03-13 09:52:39', '2025-04-24 06:49:24', NULL);

TRUNCATE TABLE `base_user`;
INSERT INTO `base_user` (`id`, `user_name`, `nick_name`, `openid`, `role_id`, `dept_id`, `phone`, `password`, `gender`, `avatar`, `status`, `remark`, `created_by`, `updated_by`, `created_at`, `updated_at`, `deleted_at`) VALUES (1, 'super', '超级管理员', NULL, 1, 2, '19999999999', '$2a$10$NoZtpzNfskZdbZSUzWWTV.slfr4/cKQsg5SNrzlxOHehPTn60.l4m', 1, '', 1, NULL, 1, 1, '2025-03-13 09:52:44', '2025-03-13 09:52:44', NULL);
INSERT INTO `base_user` (`id`, `user_name`, `nick_name`, `openid`, `role_id`, `dept_id`, `phone`, `password`, `gender`, `avatar`, `status`, `remark`, `created_by`, `updated_by`, `created_at`, `updated_at`, `deleted_at`) VALUES (2, 'admin', '管理员1', NULL, 2, 3, '19999911111', '$2a$10$NoZtpzNfskZdbZSUzWWTV.slfr4/cKQsg5SNrzlxOHehPTn60.l4m', 2, '', 1, '111111', 1, 1, '2025-03-13 09:52:44', '2025-03-13 09:52:44', NULL);

TRUNCATE TABLE `shop_service`;
INSERT INTO `shop_service` (`id`, `label`, `value`, `sort`, `status`, `created_by`, `updated_by`, `created_at`, `updated_at`, `deleted_at`) VALUES (1, '无忧退货', '自收到商品之日起30天内，可在线申请无忧退货服务（食品等特殊商品除外）', 1, 1, 1, 1, '2025-05-09 16:53:22', '2025-05-09 16:53:52', NULL);
INSERT INTO `shop_service` (`id`, `label`, `value`, `sort`, `status`, `created_by`, `updated_by`, `created_at`, `updated_at`, `deleted_at`) VALUES (2, '快速退款', '收到退货包裹并确认无误后，将在48小时内办理退款，退款将原路返回，不同银行处理时间不同，预计1-5个工作日到账', 2, 1, 1, 1, '2025-05-09 16:53:45', '2025-05-09 16:53:55', NULL);
INSERT INTO `shop_service` (`id`, `label`, `value`, `sort`, `status`, `created_by`, `updated_by`, `created_at`, `updated_at`, `deleted_at`) VALUES (3, '满88元免邮费', '单笔订单金额(不含运费)满88元可免邮费，不满88元，单笔订单收取10元邮费', 3, 1, 1, 1, '2025-05-09 16:53:49', '2025-05-09 16:53:58', NULL);
