-- 管理后台默认初始化数据。
-- 可重复执行：只补充不存在的记录，不清空或覆盖已有数据。

SET NAMES utf8mb4;
SET @old_foreign_key_checks = @@FOREIGN_KEY_CHECKS;
SET FOREIGN_KEY_CHECKS = 0;

INSERT IGNORE INTO `base_config` (`id`, `site`, `name`, `type`, `key`, `value`, `status`, `created_by`, `updated_by`, `created_at`, `updated_at`, `deleted_at`) VALUES (2000, 2, 'Copyright', 1, 'copyright', 'Copyright © 2025 - 2030 Admin All Rights Reserved.', 1, 1, 1, '2025-04-24 09:57:35', '2025-04-24 09:57:35', 0);
INSERT IGNORE INTO `base_config` (`id`, `site`, `name`, `type`, `key`, `value`, `status`, `created_by`, `updated_by`, `created_at`, `updated_at`, `deleted_at`) VALUES (2001, 2, 'ICP备案号', 1, 'icp', '', 1, 1, 1, '2025-04-24 09:58:16', '2025-04-24 09:58:16', 0);
INSERT IGNORE INTO `base_config` (`id`, `site`, `name`, `type`, `key`, `value`, `status`, `created_by`, `updated_by`, `created_at`, `updated_at`, `deleted_at`) VALUES (2002, 2, '系统名称', 1, 'sysName', 'Admin 管理系统', 1, 1, 1, '2025-04-24 10:21:53', '2025-04-24 10:21:53', 0);
INSERT IGNORE INTO `base_config` (`id`, `site`, `name`, `type`, `key`, `value`, `status`, `created_by`, `updated_by`, `created_at`, `updated_at`, `deleted_at`) VALUES (2003, 2, 'LOGO', 2, 'adminLogo', '', 1, 0, 0, '2026-03-30 18:38:55', '2026-03-30 18:38:55', 0);
INSERT IGNORE INTO `base_config` (`id`, `site`, `name`, `type`, `key`, `value`, `status`, `created_by`, `updated_by`, `created_at`, `updated_at`, `deleted_at`) VALUES (2004, 2, '水印', 1, 'watermark', 'Admin', 1, 0, 0, '2026-03-30 18:39:29', '2026-03-30 18:39:29', 0);
INSERT IGNORE INTO `base_config` (`id`, `site`, `name`, `type`, `key`, `value`, `status`, `created_by`, `updated_by`, `created_at`, `updated_at`, `deleted_at`) VALUES (2005, 2, '背景图', 2, 'background', '', 1, 0, 0, '2026-03-30 18:39:29', '2026-03-30 18:39:29', 0);
INSERT IGNORE INTO `base_config` (`id`, `site`, `name`, `type`, `key`, `value`, `status`, `created_by`, `updated_by`, `created_at`, `updated_at`, `deleted_at`) VALUES (2006, 2, '登录验证码类型', 4, 'captchaType', 'random', 1, 0, 0, '2026-06-05 00:00:00', '2026-06-05 00:00:00', 0);

INSERT IGNORE INTO `base_dept` (`id`, `tenant_id`, `parent_id`, `path`, `name`, `sort`, `status`, `remark`, `created_by`, `updated_by`, `created_at`, `updated_at`, `deleted_at`) VALUES (1, 1, 0, '/0/1', '系统管理员', 0, 1, '', 1, 1, '2025-03-13 09:52:36', '2025-03-13 09:52:36', 0);
INSERT IGNORE INTO `base_dept` (`id`, `tenant_id`, `parent_id`, `path`, `name`, `sort`, `status`, `remark`, `created_by`, `updated_by`, `created_at`, `updated_at`, `deleted_at`) VALUES (2, 1, 1, '/0/1/2', '超级管理员', 1, 1, '', 1, 1, '2025-03-13 09:52:36', '2025-03-13 09:52:36', 0);
INSERT IGNORE INTO `base_dept` (`id`, `tenant_id`, `parent_id`, `path`, `name`, `sort`, `status`, `remark`, `created_by`, `updated_by`, `created_at`, `updated_at`, `deleted_at`) VALUES (3, 1, 1, '/0/1/3', '普通管理员', 2, 1, '', 1, 1, '2025-03-13 09:52:36', '2025-03-13 09:52:36', 0);

INSERT IGNORE INTO `base_dict` (`id`, `code`, `name`, `status`, `created_by`, `updated_by`, `created_at`, `updated_at`, `deleted_at`) VALUES (1, 'status', '状态', 1, 1, 1, '2025-03-13 09:52:25', '2025-03-13 09:52:25', 0);
INSERT IGNORE INTO `base_dict` (`id`, `code`, `name`, `status`, `created_by`, `updated_by`, `created_at`, `updated_at`, `deleted_at`) VALUES (1000, 'base_config_site', '系统配置位置', 1, 1, 1, '2025-04-24 09:50:03', '2025-04-24 09:50:03', 0);
INSERT IGNORE INTO `base_dict` (`id`, `code`, `name`, `status`, `created_by`, `updated_by`, `created_at`, `updated_at`, `deleted_at`) VALUES (1010, 'base_config_type', '系统配置类型', 1, 1, 1, '2025-04-23 17:29:11', '2025-04-23 17:29:23', 0);
INSERT IGNORE INTO `base_dict` (`id`, `code`, `name`, `status`, `created_by`, `updated_by`, `created_at`, `updated_at`, `deleted_at`) VALUES (1020, 'captcha_type', '验证码类型', 1, 1, 1, '2026-06-05 00:00:00', '2026-06-05 00:00:00', 0);
INSERT IGNORE INTO `base_dict` (`id`, `code`, `name`, `status`, `created_by`, `updated_by`, `created_at`, `updated_at`, `deleted_at`) VALUES (1100, 'base_job_log_status', '定时任务日志状态', 1, 1, 1, '2025-04-21 15:05:07', '2025-04-21 15:05:07', 0);
INSERT IGNORE INTO `base_dict` (`id`, `code`, `name`, `status`, `created_by`, `updated_by`, `created_at`, `updated_at`, `deleted_at`) VALUES (1200, 'base_menu_type', '菜单类型', 1, 1, 1, '2025-03-13 09:52:25', '2025-03-13 09:52:25', 0);
INSERT IGNORE INTO `base_dict` (`id`, `code`, `name`, `status`, `created_by`, `updated_by`, `created_at`, `updated_at`, `deleted_at`) VALUES (1300, 'base_role_data_scope', '用户角色数据范围', 1, 1, 1, '2025-03-13 09:52:25', '2025-03-13 09:52:25', 0);
INSERT IGNORE INTO `base_dict` (`id`, `code`, `name`, `status`, `created_by`, `updated_by`, `created_at`, `updated_at`, `deleted_at`) VALUES (1400, 'business_module', '业务模块', 1, 1, 1, '2026-07-22 00:00:00', '2026-07-22 00:00:00', 0);
INSERT IGNORE INTO `base_dict` (`id`, `code`, `name`, `status`, `created_by`, `updated_by`, `created_at`, `updated_at`, `deleted_at`) VALUES (1500, 'code_gen_table_status', '代码生成表状态', 1, 1, 1, '2026-07-24 00:00:00', '2026-07-24 00:00:00', 0);
INSERT IGNORE INTO `base_dict` (`id`, `code`, `name`, `status`, `created_by`, `updated_by`, `created_at`, `updated_at`, `deleted_at`) VALUES (2000, 'base_user_gender', '用户性别', 1, 1, 1, '2025-03-13 09:52:25', '2025-03-13 09:52:25', 0);

INSERT IGNORE INTO `base_dict_item` (`id`, `dict_id`, `value`, `label`, `tag_type`, `sort`, `status`, `created_by`, `updated_by`, `created_at`, `updated_at`, `deleted_at`) VALUES (1, 1, '1', '启用', 'success', 1, 1, 1, 1, '2025-03-13 09:52:30', '2025-03-13 09:52:30', 0);
INSERT IGNORE INTO `base_dict_item` (`id`, `dict_id`, `value`, `label`, `tag_type`, `sort`, `status`, `created_by`, `updated_by`, `created_at`, `updated_at`, `deleted_at`) VALUES (2, 1, '2', '禁用', 'danger', 2, 1, 1, 1, '2025-03-13 09:52:30', '2025-03-13 09:52:30', 0);
INSERT IGNORE INTO `base_dict_item` (`id`, `dict_id`, `value`, `label`, `tag_type`, `sort`, `status`, `created_by`, `updated_by`, `created_at`, `updated_at`, `deleted_at`) VALUES (10001, 1000, '1', '系统内置', '', 1, 1, 1, 1, '2025-04-24 09:50:53', '2025-04-24 09:50:53', 0);
INSERT IGNORE INTO `base_dict_item` (`id`, `dict_id`, `value`, `label`, `tag_type`, `sort`, `status`, `created_by`, `updated_by`, `created_at`, `updated_at`, `deleted_at`) VALUES (10002, 1000, '2', '管理端', '', 2, 1, 1, 1, '2025-04-24 09:51:20', '2025-04-24 09:51:20', 0);
INSERT IGNORE INTO `base_dict_item` (`id`, `dict_id`, `value`, `label`, `tag_type`, `sort`, `status`, `created_by`, `updated_by`, `created_at`, `updated_at`, `deleted_at`) VALUES (10101, 1010, '1', '文本', '', 1, 1, 1, 1, '2025-04-23 17:29:35', '2025-04-23 17:29:35', 0);
INSERT IGNORE INTO `base_dict_item` (`id`, `dict_id`, `value`, `label`, `tag_type`, `sort`, `status`, `created_by`, `updated_by`, `created_at`, `updated_at`, `deleted_at`) VALUES (10102, 1010, '2', '图片', '', 2, 1, 1, 1, '2025-04-23 17:29:42', '2025-04-23 17:29:42', 0);
INSERT IGNORE INTO `base_dict_item` (`id`, `dict_id`, `value`, `label`, `tag_type`, `sort`, `status`, `created_by`, `updated_by`, `created_at`, `updated_at`, `deleted_at`) VALUES (10103, 1010, '3', '富文本', '', 3, 1, 1, 1, '2025-04-23 17:29:50', '2025-04-23 17:29:50', 0);
INSERT IGNORE INTO `base_dict_item` (`id`, `dict_id`, `value`, `label`, `tag_type`, `sort`, `status`, `created_by`, `updated_by`, `created_at`, `updated_at`, `deleted_at`) VALUES (10104, 1010, '4', '字典', '', 4, 1, 1, 1, '2026-06-05 00:00:00', '2026-06-05 00:00:00', 0);
INSERT IGNORE INTO `base_dict_item` (`id`, `dict_id`, `value`, `label`, `tag_type`, `sort`, `status`, `created_by`, `updated_by`, `created_at`, `updated_at`, `deleted_at`) VALUES (10201, 1020, 'random', '随机验证码', 'info', 1, 1, 1, 1, '2026-07-22 00:00:00', '2026-07-22 00:00:00', 0);
INSERT IGNORE INTO `base_dict_item` (`id`, `dict_id`, `value`, `label`, `tag_type`, `sort`, `status`, `created_by`, `updated_by`, `created_at`, `updated_at`, `deleted_at`) VALUES (10202, 1020, 'digit', '数字验证码', 'primary', 2, 1, 1, 1, '2026-06-05 00:00:00', '2026-06-05 00:00:00', 0);
INSERT IGNORE INTO `base_dict_item` (`id`, `dict_id`, `value`, `label`, `tag_type`, `sort`, `status`, `created_by`, `updated_by`, `created_at`, `updated_at`, `deleted_at`) VALUES (10203, 1020, 'string', '字符串验证码', 'success', 3, 1, 1, 1, '2026-06-05 00:00:00', '2026-06-05 00:00:00', 0);
INSERT IGNORE INTO `base_dict_item` (`id`, `dict_id`, `value`, `label`, `tag_type`, `sort`, `status`, `created_by`, `updated_by`, `created_at`, `updated_at`, `deleted_at`) VALUES (10204, 1020, 'math', '算术验证码', 'warning', 4, 1, 1, 1, '2026-06-05 00:00:00', '2026-06-05 00:00:00', 0);
INSERT IGNORE INTO `base_dict_item` (`id`, `dict_id`, `value`, `label`, `tag_type`, `sort`, `status`, `created_by`, `updated_by`, `created_at`, `updated_at`, `deleted_at`) VALUES (10205, 1020, 'chinese', '中文验证码', 'info', 5, 1, 1, 1, '2026-06-05 00:00:00', '2026-06-05 00:00:00', 0);
INSERT IGNORE INTO `base_dict_item` (`id`, `dict_id`, `value`, `label`, `tag_type`, `sort`, `status`, `created_by`, `updated_by`, `created_at`, `updated_at`, `deleted_at`) VALUES (10206, 1020, 'slide', '滑动拼图验证码', 'primary', 6, 1, 1, 1, '2026-06-05 00:00:00', '2026-06-05 00:00:00', 0);
INSERT IGNORE INTO `base_dict_item` (`id`, `dict_id`, `value`, `label`, `tag_type`, `sort`, `status`, `created_by`, `updated_by`, `created_at`, `updated_at`, `deleted_at`) VALUES (10207, 1020, 'click', '点击文字验证码', 'success', 7, 1, 1, 1, '2026-06-05 00:00:00', '2026-06-05 00:00:00', 0);
INSERT IGNORE INTO `base_dict_item` (`id`, `dict_id`, `value`, `label`, `tag_type`, `sort`, `status`, `created_by`, `updated_by`, `created_at`, `updated_at`, `deleted_at`) VALUES (10208, 1020, 'rotate', '旋转验证码', 'warning', 8, 1, 1, 1, '2026-06-05 00:00:00', '2026-06-05 00:00:00', 0);
INSERT IGNORE INTO `base_dict_item` (`id`, `dict_id`, `value`, `label`, `tag_type`, `sort`, `status`, `created_by`, `updated_by`, `created_at`, `updated_at`, `deleted_at`) VALUES (11001, 1100, '1', '成功', 'success', 1, 1, 1, 1, '2025-04-21 15:06:58', '2025-04-21 15:06:58', 0);
INSERT IGNORE INTO `base_dict_item` (`id`, `dict_id`, `value`, `label`, `tag_type`, `sort`, `status`, `created_by`, `updated_by`, `created_at`, `updated_at`, `deleted_at`) VALUES (11002, 1100, '2', '失败', 'danger', 1, 1, 1, 1, '2025-04-21 15:07:08', '2025-04-21 15:07:08', 0);
INSERT IGNORE INTO `base_dict_item` (`id`, `dict_id`, `value`, `label`, `tag_type`, `sort`, `status`, `created_by`, `updated_by`, `created_at`, `updated_at`, `deleted_at`) VALUES (12001, 1200, '1', '目录', '', 1, 1, 1, 1, '2025-03-13 09:52:30', '2025-03-13 09:52:30', 0);
INSERT IGNORE INTO `base_dict_item` (`id`, `dict_id`, `value`, `label`, `tag_type`, `sort`, `status`, `created_by`, `updated_by`, `created_at`, `updated_at`, `deleted_at`) VALUES (12002, 1200, '2', '菜单', '', 2, 1, 1, 1, '2025-03-13 09:52:30', '2025-03-13 09:52:30', 0);
INSERT IGNORE INTO `base_dict_item` (`id`, `dict_id`, `value`, `label`, `tag_type`, `sort`, `status`, `created_by`, `updated_by`, `created_at`, `updated_at`, `deleted_at`) VALUES (12003, 1200, '3', '按钮', '', 3, 1, 1, 1, '2025-03-13 09:52:30', '2025-03-13 09:52:30', 0);
INSERT IGNORE INTO `base_dict_item` (`id`, `dict_id`, `value`, `label`, `tag_type`, `sort`, `status`, `created_by`, `updated_by`, `created_at`, `updated_at`, `deleted_at`) VALUES (12004, 1200, '4', '外部链接', '', 4, 1, 1, 1, '2025-03-13 09:52:30', '2025-03-13 09:52:30', 0);
INSERT IGNORE INTO `base_dict_item` (`id`, `dict_id`, `value`, `label`, `tag_type`, `sort`, `status`, `created_by`, `updated_by`, `created_at`, `updated_at`, `deleted_at`) VALUES (13001, 1300, '1', '全部数据', '', 1, 1, 1, 1, '2025-03-13 09:52:30', '2025-03-13 09:52:30', 0);
INSERT IGNORE INTO `base_dict_item` (`id`, `dict_id`, `value`, `label`, `tag_type`, `sort`, `status`, `created_by`, `updated_by`, `created_at`, `updated_at`, `deleted_at`) VALUES (13002, 1300, '2', '部门及子部门数据', '', 2, 1, 1, 1, '2025-03-13 09:52:30', '2025-03-13 09:52:30', 0);
INSERT IGNORE INTO `base_dict_item` (`id`, `dict_id`, `value`, `label`, `tag_type`, `sort`, `status`, `created_by`, `updated_by`, `created_at`, `updated_at`, `deleted_at`) VALUES (13003, 1300, '3', '本部门数据', '', 3, 1, 1, 1, '2025-03-13 09:52:30', '2025-03-13 09:52:30', 0);
INSERT IGNORE INTO `base_dict_item` (`id`, `dict_id`, `value`, `label`, `tag_type`, `sort`, `status`, `created_by`, `updated_by`, `created_at`, `updated_at`, `deleted_at`) VALUES (13004, 1300, '4', '本人数据', '', 4, 1, 1, 1, '2025-03-13 09:52:30', '2025-03-13 09:52:30', 0);
INSERT IGNORE INTO `base_dict_item` (`id`, `dict_id`, `value`, `label`, `tag_type`, `sort`, `status`, `created_by`, `updated_by`, `created_at`, `updated_at`, `deleted_at`) VALUES (14001, 1400, 'system', '系统管理', '', 1, 1, 1, 1, '2026-07-22 00:00:00', '2026-07-22 00:00:00', 0);
INSERT IGNORE INTO `base_dict_item` (`id`, `dict_id`, `value`, `label`, `tag_type`, `sort`, `status`, `created_by`, `updated_by`, `created_at`, `updated_at`, `deleted_at`) VALUES (15001, 1500, '1', '草稿', 'warning', 1, 1, 1, 1, '2026-07-24 00:00:00', '2026-07-24 00:00:00', 0);
INSERT IGNORE INTO `base_dict_item` (`id`, `dict_id`, `value`, `label`, `tag_type`, `sort`, `status`, `created_by`, `updated_by`, `created_at`, `updated_at`, `deleted_at`) VALUES (15002, 1500, '2', '已生成', 'success', 2, 1, 1, 1, '2026-07-24 00:00:00', '2026-07-24 00:00:00', 0);
INSERT IGNORE INTO `base_dict_item` (`id`, `dict_id`, `value`, `label`, `tag_type`, `sort`, `status`, `created_by`, `updated_by`, `created_at`, `updated_at`, `deleted_at`) VALUES (15003, 1500, '3', '停用', 'danger', 3, 1, 1, 1, '2026-07-24 00:00:00', '2026-07-24 00:00:00', 0);
INSERT IGNORE INTO `base_dict_item` (`id`, `dict_id`, `value`, `label`, `tag_type`, `sort`, `status`, `created_by`, `updated_by`, `created_at`, `updated_at`, `deleted_at`) VALUES (20001, 2000, '1', '保密', 'info', 3, 1, 1, 1, '2025-03-13 09:52:30', '2025-03-13 09:52:30', 0);
INSERT IGNORE INTO `base_dict_item` (`id`, `dict_id`, `value`, `label`, `tag_type`, `sort`, `status`, `created_by`, `updated_by`, `created_at`, `updated_at`, `deleted_at`) VALUES (20002, 2000, '2', '男', 'primary', 1, 1, 1, 1, '2025-03-13 09:52:30', '2025-03-13 09:52:30', 0);
INSERT IGNORE INTO `base_dict_item` (`id`, `dict_id`, `value`, `label`, `tag_type`, `sort`, `status`, `created_by`, `updated_by`, `created_at`, `updated_at`, `deleted_at`) VALUES (20003, 2000, '3', '女', 'danger', 2, 1, 1, 1, '2025-03-13 09:52:30', '2025-03-13 09:52:30', 0);



INSERT IGNORE INTO `base_tenant` (`id`, `code`, `name`, `contact_name`, `contact_phone`, `status`, `remark`, `created_by`, `updated_by`, `created_at`, `updated_at`, `deleted_at`) VALUES (1, '0000', '默认租户', '', '', 1, '系统默认租户', 1, 1, '2026-06-30 00:00:00', '2026-06-30 00:00:00', 0);


INSERT IGNORE INTO `base_menu` (`id`, `parent_id`, `type`, `path`, `name`, `component`, `redirect`, `meta`, `api`, `sort`, `status`, `created_by`, `updated_by`, `created_at`, `updated_at`, `deleted_at`) VALUES (100, 0, 1, '', '', 'Layout', '/dashboard/workspace', '{\"icon\": \"HomeFilled\", \"title\": \"首页\", \"hidden\": false, \"keep_alive\": false, \"always_show\": false}', '[]', 1, 1, 1, 1, '2025-04-14 09:29:19', '2025-04-18 10:18:39', 0);
INSERT IGNORE INTO `base_menu` (`id`, `parent_id`, `type`, `path`, `name`, `component`, `redirect`, `meta`, `api`, `sort`, `status`, `created_by`, `updated_by`, `created_at`, `updated_at`, `deleted_at`) VALUES (10004, 100, 2, 'ai/chat', 'AiChat', 'base/ai/chat/index', '', '{\"icon\": \"ChatDotRound\", \"title\": \"AI助手\", \"hidden\": true, \"keep_alive\": false, \"always_show\": false}', '[\"/base.v1.AiToolService/ListAiShortcut\", \"/base.v1.AiSessionService/ListAiSession\", \"/base.v1.AiSessionService/CreateAiSession\", \"/base.v1.AiSessionService/UpdateAiSession\", \"/base.v1.AiSessionService/DeleteAiSession\", \"/base.v1.AiSessionService/ListAiMessage\", \"/base.v1.AiSessionService/CreateAiSessionBranch\", \"/base.v1.AiMessageService/SendAiMessage\", \"/base.v1.AiMessageService/DeleteAiMessage\", \"/base.v1.AiMessageService/UpdateAiMessage\", \"/base.v1.AiMessageService/RetryAiUserMessage\", \"/base.v1.AiMessageService/RegenerateAiMessage\"]', 2, 1, 1, 1, '2026-05-11 00:00:00', '2026-05-22 00:00:00', 0);
INSERT IGNORE INTO `base_menu` (`id`, `parent_id`, `type`, `path`, `name`, `component`, `redirect`, `meta`, `api`, `sort`, `status`, `created_by`, `updated_by`, `created_at`, `updated_at`, `deleted_at`) VALUES (10005, 100, 2, 'profile', 'Profile', 'system/profile/index', '', '{\"icon\": \"UserFilled\", \"title\": \"个人信息\", \"hidden\": true}', '[\"/system.admin.v1.AuthService/ListUserButton\", \"/system.admin.v1.AuthService/GetUserInfo\", \"/system.admin.v1.AuthService/TreeUserMenu\", \"/system.admin.v1.AuthService/GetUserProfile\", \"/system.admin.v1.AuthService/SendPhoneCode\", \"/system.admin.v1.AuthService/UpdateUserPhone\", \"/system.admin.v1.AuthService/UpdateUserProfile\", \"/system.admin.v1.AuthService/UpdateUserPassword\", \"/system.admin.v1.BaseDictService/OptionBaseDict\", \"/base.v1.FileService/DownloadFile\", \"/base.v1.FileService/MultiUploadFile\", \"/base.v1.FileService/UploadFile\", \"/base.v1.LoginService/Logout\", \"/base.v1.LoginService/RefreshToken\", \"/base.v1.OauthService/ListOauthBinding\", \"/base.v1.OauthService/CreateOauthBindingAuthorization\", \"/base.v1.OauthService/UnbindOauthAccount\"]', 5, 1, 1, 1, '2025-04-14 09:31:57', '2026-05-09 00:00:00', 0);
INSERT IGNORE INTO `base_menu` (`id`, `parent_id`, `type`, `path`, `name`, `component`, `redirect`, `meta`, `api`, `sort`, `status`, `created_by`, `updated_by`, `created_at`, `updated_at`, `deleted_at`) VALUES (200, 0, 1, '', '', 'Layout', '', '{\"icon\": \"Setting\", \"title\": \"系统管理\", \"hidden\": false, \"keep_alive\": false, \"always_show\": true}', '[]', 10, 1, 1, 1, '2025-03-13 09:52:57', '2025-04-18 10:18:39', 0);
INSERT IGNORE INTO `base_menu` (`id`, `parent_id`, `type`, `path`, `name`, `component`, `redirect`, `meta`, `api`, `sort`, `status`, `created_by`, `updated_by`, `created_at`, `updated_at`, `deleted_at`) VALUES (20001, 200, 2, 'base/menu', 'BaseMenu', 'system/base/menu/index', '', '{\"icon\": \"Menu\", \"title\": \"菜单管理\", \"hidden\": false, \"keep_alive\": true, \"always_show\": false}', '[\"/system.admin.v1.BaseMenuService/TreeBaseMenu\"]', 100, 1, 1, 1, '2025-03-13 09:52:57', '2025-04-18 10:18:39', 0);
INSERT IGNORE INTO `base_menu` (`id`, `parent_id`, `type`, `path`, `name`, `component`, `redirect`, `meta`, `api`, `sort`, `status`, `created_by`, `updated_by`, `created_at`, `updated_at`, `deleted_at`) VALUES (2000101, 20001, 3, 'base:menu:create', '', '', '', '{\"title\": \"新增菜单\"}', '[\"/system.admin.v1.BaseApiService/OptionBaseApi\", \"/system.admin.v1.BaseMenuService/CreateBaseMenu\", \"/system.admin.v1.BaseMenuService/TreeBaseMenu\"]', 1, 1, 1, 1, '2025-03-13 09:52:57', '2025-04-18 10:18:39', 0);
INSERT IGNORE INTO `base_menu` (`id`, `parent_id`, `type`, `path`, `name`, `component`, `redirect`, `meta`, `api`, `sort`, `status`, `created_by`, `updated_by`, `created_at`, `updated_at`, `deleted_at`) VALUES (2000102, 20001, 3, 'base:menu:delete', '', '', '', '{\"title\": \"删除菜单\"}', '[\"/system.admin.v1.BaseMenuService/DeleteBaseMenu\"]', 1, 1, 1, 1, '2025-03-13 09:52:57', '2025-04-18 10:18:39', 0);
INSERT IGNORE INTO `base_menu` (`id`, `parent_id`, `type`, `path`, `name`, `component`, `redirect`, `meta`, `api`, `sort`, `status`, `created_by`, `updated_by`, `created_at`, `updated_at`, `deleted_at`) VALUES (2000103, 20001, 3, 'base:menu:update', '', '', '', '{\"title\": \"编辑菜单\"}', '[\"/system.admin.v1.BaseApiService/OptionBaseApi\", \"/system.admin.v1.BaseMenuService/GetBaseMenu\", \"/system.admin.v1.BaseMenuService/TreeBaseMenu\", \"/system.admin.v1.BaseMenuService/UpdateBaseMenu\"]', 1, 1, 1, 1, '2025-03-13 09:52:57', '2025-04-18 10:18:39', 0);
INSERT IGNORE INTO `base_menu` (`id`, `parent_id`, `type`, `path`, `name`, `component`, `redirect`, `meta`, `api`, `sort`, `status`, `created_by`, `updated_by`, `created_at`, `updated_at`, `deleted_at`) VALUES (2000104, 20001, 3, 'base:menu:status', '', '', '', '{\"title\": \"修改菜单状态\"}', '[\"/system.admin.v1.BaseMenuService/SetBaseMenuStatus\"]', 1, 1, 1, 1, '2025-03-13 09:52:57', '2025-04-18 10:18:39', 0);
INSERT IGNORE INTO `base_menu` (`id`, `parent_id`, `type`, `path`, `name`, `component`, `redirect`, `meta`, `api`, `sort`, `status`, `created_by`, `updated_by`, `created_at`, `updated_at`, `deleted_at`) VALUES (20002, 200, 2, 'base/dict', 'BaseDict', 'system/base/dict/index', '', '{\"icon\": \"Files\", \"title\": \"字典管理\", \"hidden\": false, \"keep_alive\": true, \"always_show\": false}', '[\"/system.admin.v1.BaseDictService/PageBaseDict\"]', 110, 1, 1, 1, '2025-03-13 09:52:57', '2025-04-18 10:18:39', 0);
INSERT IGNORE INTO `base_menu` (`id`, `parent_id`, `type`, `path`, `name`, `component`, `redirect`, `meta`, `api`, `sort`, `status`, `created_by`, `updated_by`, `created_at`, `updated_at`, `deleted_at`) VALUES (2000201, 20002, 3, 'base:dict:create', '', '', '', '{\"title\": \"新增字典\"}', '[\"/system.admin.v1.BaseDictService/CreateBaseDict\"]', 1, 1, 1, 1, '2025-03-13 09:52:57', '2025-04-18 10:18:39', 0);
INSERT IGNORE INTO `base_menu` (`id`, `parent_id`, `type`, `path`, `name`, `component`, `redirect`, `meta`, `api`, `sort`, `status`, `created_by`, `updated_by`, `created_at`, `updated_at`, `deleted_at`) VALUES (2000202, 20002, 3, 'base:dict:delete', '', '', '', '{\"title\": \"删除字典\"}', '[\"/system.admin.v1.BaseDictService/DeleteBaseDict\"]', 1, 1, 1, 1, '2025-03-13 09:52:57', '2025-04-18 10:18:39', 0);
INSERT IGNORE INTO `base_menu` (`id`, `parent_id`, `type`, `path`, `name`, `component`, `redirect`, `meta`, `api`, `sort`, `status`, `created_by`, `updated_by`, `created_at`, `updated_at`, `deleted_at`) VALUES (2000203, 20002, 3, 'base:dict:update', '', '', '', '{\"title\": \"编辑字典\"}', '[\"/system.admin.v1.BaseDictService/GetBaseDict\", \"/system.admin.v1.BaseDictService/UpdateBaseDict\"]', 1, 1, 1, 1, '2025-03-13 09:52:57', '2025-04-18 10:18:39', 0);
INSERT IGNORE INTO `base_menu` (`id`, `parent_id`, `type`, `path`, `name`, `component`, `redirect`, `meta`, `api`, `sort`, `status`, `created_by`, `updated_by`, `created_at`, `updated_at`, `deleted_at`) VALUES (2000204, 20002, 3, 'base:dict:status', '', '', '', '{\"title\": \"修改字典状态\"}', '[\"/system.admin.v1.BaseDictService/SetBaseDictStatus\"]', 1, 1, 1, 1, '2025-03-13 09:52:57', '2025-04-18 10:18:39', 0);
INSERT IGNORE INTO `base_menu` (`id`, `parent_id`, `type`, `path`, `name`, `component`, `redirect`, `meta`, `api`, `sort`, `status`, `created_by`, `updated_by`, `created_at`, `updated_at`, `deleted_at`) VALUES (2000205, 20002, 3, 'base:dict:items', '', '', '', '{\"title\": \"字典属性\"}', '[]', 0, 1, 1, 1, '2025-03-13 09:52:57', '2025-04-18 10:18:39', 0);
INSERT IGNORE INTO `base_menu` (`id`, `parent_id`, `type`, `path`, `name`, `component`, `redirect`, `meta`, `api`, `sort`, `status`, `created_by`, `updated_by`, `created_at`, `updated_at`, `deleted_at`) VALUES (20003, 200, 2, 'base/dict/item', 'BaseDictItem', 'system/base/dict/item', '', '{\"icon\": \"Files\", \"title\": \"字典数据\", \"hidden\": true, \"keep_alive\": true, \"always_show\": false}', '[\"/system.admin.v1.BaseDictService/PageBaseDictItem\"]', 120, 1, 1, 1, '2025-03-13 09:52:57', '2025-04-18 10:18:39', 0);
INSERT IGNORE INTO `base_menu` (`id`, `parent_id`, `type`, `path`, `name`, `component`, `redirect`, `meta`, `api`, `sort`, `status`, `created_by`, `updated_by`, `created_at`, `updated_at`, `deleted_at`) VALUES (2000301, 20003, 3, 'base:dict-item:create', '', '', '', '{\"title\": \"新增字典数据\"}', '[\"/system.admin.v1.BaseDictService/CreateBaseDictItem\"]', 1, 1, 1, 1, '2025-03-13 09:52:57', '2025-04-18 10:18:39', 0);
INSERT IGNORE INTO `base_menu` (`id`, `parent_id`, `type`, `path`, `name`, `component`, `redirect`, `meta`, `api`, `sort`, `status`, `created_by`, `updated_by`, `created_at`, `updated_at`, `deleted_at`) VALUES (2000302, 20003, 3, 'base:dict-item:delete', '', '', '', '{\"title\": \"删除字典数据\"}', '[\"/system.admin.v1.BaseDictService/DeleteBaseDictItem\"]', 1, 1, 1, 1, '2025-03-13 09:52:57', '2025-04-18 10:18:39', 0);
INSERT IGNORE INTO `base_menu` (`id`, `parent_id`, `type`, `path`, `name`, `component`, `redirect`, `meta`, `api`, `sort`, `status`, `created_by`, `updated_by`, `created_at`, `updated_at`, `deleted_at`) VALUES (2000303, 20003, 3, 'base:dict-item:update', '', '', '', '{\"title\": \"编辑字典数据\"}', '[\"/system.admin.v1.BaseDictService/GetBaseDictItem\", \"/system.admin.v1.BaseDictService/UpdateBaseDictItem\"]', 1, 1, 1, 1, '2025-03-13 09:52:57', '2025-04-18 10:18:39', 0);
INSERT IGNORE INTO `base_menu` (`id`, `parent_id`, `type`, `path`, `name`, `component`, `redirect`, `meta`, `api`, `sort`, `status`, `created_by`, `updated_by`, `created_at`, `updated_at`, `deleted_at`) VALUES (2000304, 20003, 3, 'base:dict-item:status', '', '', '', '{\"title\": \"修改字典数据状态\"}', '[\"/system.admin.v1.BaseDictService/SetBaseDictItemStatus\"]', 1, 1, 1, 1, '2025-03-13 09:52:57', '2025-04-18 10:18:39', 0);
INSERT IGNORE INTO `base_menu` (`id`, `parent_id`, `type`, `path`, `name`, `component`, `redirect`, `meta`, `api`, `sort`, `status`, `created_by`, `updated_by`, `created_at`, `updated_at`, `deleted_at`) VALUES (20004, 200, 2, 'base/config', 'BaseConfig', 'system/base/config/index', '', '{\"icon\": \"Setting\", \"title\": \"系统配置\", \"hidden\": false, \"keep_alive\": true, \"always_show\": false}', '[\"/system.admin.v1.BaseConfigService/PageBaseConfig\"]', 130, 1, 1, 1, '2025-03-15 06:59:20', '2025-04-18 10:18:39', 0);
INSERT IGNORE INTO `base_menu` (`id`, `parent_id`, `type`, `path`, `name`, `component`, `redirect`, `meta`, `api`, `sort`, `status`, `created_by`, `updated_by`, `created_at`, `updated_at`, `deleted_at`) VALUES (2000401, 20004, 3, 'base:config:create', '', '', '', '{\"title\": \"新增配置\"}', '[\"/system.admin.v1.BaseConfigService/CreateBaseConfig\"]', 1, 1, 1, 1, '2025-03-13 09:52:57', '2025-04-18 10:18:39', 0);
INSERT IGNORE INTO `base_menu` (`id`, `parent_id`, `type`, `path`, `name`, `component`, `redirect`, `meta`, `api`, `sort`, `status`, `created_by`, `updated_by`, `created_at`, `updated_at`, `deleted_at`) VALUES (2000402, 20004, 3, 'base:config:delete', '', '', '', '{\"title\": \"删除配置\"}', '[\"/system.admin.v1.BaseConfigService/DeleteBaseConfig\"]', 1, 1, 1, 1, '2025-03-13 09:52:57', '2025-04-18 10:18:39', 0);
INSERT IGNORE INTO `base_menu` (`id`, `parent_id`, `type`, `path`, `name`, `component`, `redirect`, `meta`, `api`, `sort`, `status`, `created_by`, `updated_by`, `created_at`, `updated_at`, `deleted_at`) VALUES (2000403, 20004, 3, 'base:config:update', '', '', '', '{\"title\": \"编辑配置\"}', '[\"/system.admin.v1.BaseConfigService/GetBaseConfig\", \"/system.admin.v1.BaseConfigService/UpdateBaseConfig\"]', 1, 1, 1, 1, '2025-03-13 09:52:57', '2025-04-18 10:18:39', 0);
INSERT IGNORE INTO `base_menu` (`id`, `parent_id`, `type`, `path`, `name`, `component`, `redirect`, `meta`, `api`, `sort`, `status`, `created_by`, `updated_by`, `created_at`, `updated_at`, `deleted_at`) VALUES (2000404, 20004, 3, 'base:config:status', '', '', '', '{\"title\": \"修改配置状态\"}', '[\"/system.admin.v1.BaseConfigService/SetBaseConfigStatus\"]', 1, 1, 1, 1, '2025-03-13 09:52:57', '2025-04-18 10:18:39', 0);
INSERT IGNORE INTO `base_menu` (`id`, `parent_id`, `type`, `path`, `name`, `component`, `redirect`, `meta`, `api`, `sort`, `status`, `created_by`, `updated_by`, `created_at`, `updated_at`, `deleted_at`) VALUES (2000405, 20004, 3, 'base:config:refresh', '', '', '', '{\"title\": \"刷新配置缓存\"}', '[\"/system.admin.v1.BaseConfigService/RefreshBaseConfigCache\"]', 1, 1, 1, 1, '2025-03-13 09:52:57', '2025-04-18 10:18:39', 0);
INSERT IGNORE INTO `base_menu` (`id`, `parent_id`, `type`, `path`, `name`, `component`, `redirect`, `meta`, `api`, `sort`, `status`, `created_by`, `updated_by`, `created_at`, `updated_at`, `deleted_at`) VALUES (20005, 200, 2, 'base/job', 'BaseJob', 'system/base/job/index', '', '{\"icon\": \"Timer\", \"title\": \"定时任务\", \"hidden\": false, \"keep_alive\": true, \"always_show\": false}', '[\"/system.admin.v1.BaseJobService/PageBaseJob\"]', 140, 1, 1, 1, '2025-03-15 06:59:20', '2025-04-18 10:18:39', 0);
INSERT IGNORE INTO `base_menu` (`id`, `parent_id`, `type`, `path`, `name`, `component`, `redirect`, `meta`, `api`, `sort`, `status`, `created_by`, `updated_by`, `created_at`, `updated_at`, `deleted_at`) VALUES (2000501, 20005, 3, 'base:job:create', '', '', '', '{\"title\": \"新增定时任务\"}', '[\"/system.admin.v1.BaseJobService/CreateBaseJob\"]', 1, 1, 1, 1, '2025-03-13 09:52:57', '2025-04-18 10:18:39', 0);
INSERT IGNORE INTO `base_menu` (`id`, `parent_id`, `type`, `path`, `name`, `component`, `redirect`, `meta`, `api`, `sort`, `status`, `created_by`, `updated_by`, `created_at`, `updated_at`, `deleted_at`) VALUES (2000502, 20005, 3, 'base:job:delete', '', '', '', '{\"title\": \"删除定时任务\"}', '[\"/system.admin.v1.BaseJobService/DeleteBaseJob\"]', 1, 1, 1, 1, '2025-03-13 09:52:57', '2025-04-18 10:18:39', 0);
INSERT IGNORE INTO `base_menu` (`id`, `parent_id`, `type`, `path`, `name`, `component`, `redirect`, `meta`, `api`, `sort`, `status`, `created_by`, `updated_by`, `created_at`, `updated_at`, `deleted_at`) VALUES (2000503, 20005, 3, 'base:job:update', '', '', '', '{\"title\": \"编辑定时任务\"}', '[\"/system.admin.v1.BaseJobService/GetBaseJob\", \"/system.admin.v1.BaseJobService/UpdateBaseJob\"]', 1, 1, 1, 1, '2025-03-13 09:52:57', '2025-04-18 10:18:39', 0);
INSERT IGNORE INTO `base_menu` (`id`, `parent_id`, `type`, `path`, `name`, `component`, `redirect`, `meta`, `api`, `sort`, `status`, `created_by`, `updated_by`, `created_at`, `updated_at`, `deleted_at`) VALUES (2000504, 20005, 3, 'base:job:status', '', '', '', '{\"title\": \"修改定时任务状态\"}', '[\"/system.admin.v1.BaseJobService/SetBaseJobStatus\"]', 1, 1, 1, 1, '2025-03-13 09:52:57', '2025-04-18 10:18:39', 0);
INSERT IGNORE INTO `base_menu` (`id`, `parent_id`, `type`, `path`, `name`, `component`, `redirect`, `meta`, `api`, `sort`, `status`, `created_by`, `updated_by`, `created_at`, `updated_at`, `deleted_at`) VALUES (2000505, 20005, 3, 'base:job:start', '', '', '', '{\"title\": \"启动定时任务\"}', '[\"/system.admin.v1.BaseJobService/StartBaseJob\"]', 1, 1, 1, 1, '2025-03-13 09:52:57', '2025-04-18 10:18:39', 0);
INSERT IGNORE INTO `base_menu` (`id`, `parent_id`, `type`, `path`, `name`, `component`, `redirect`, `meta`, `api`, `sort`, `status`, `created_by`, `updated_by`, `created_at`, `updated_at`, `deleted_at`) VALUES (2000506, 20005, 3, 'base:job:stop', '', '', '', '{\"title\": \"停止定时任务\"}', '[\"/system.admin.v1.BaseJobService/StopBaseJob\"]', 1, 1, 1, 1, '2025-03-13 09:52:57', '2025-04-18 10:18:39', 0);
INSERT IGNORE INTO `base_menu` (`id`, `parent_id`, `type`, `path`, `name`, `component`, `redirect`, `meta`, `api`, `sort`, `status`, `created_by`, `updated_by`, `created_at`, `updated_at`, `deleted_at`) VALUES (2000507, 20005, 3, 'base:job:exec', '', '', '', '{\"title\": \"执行定时任务\"}', '[\"/system.admin.v1.BaseJobService/ExecuteBaseJob\"]', 1, 1, 1, 1, '2025-03-13 09:52:57', '2025-04-18 10:18:39', 0);
INSERT IGNORE INTO `base_menu` (`id`, `parent_id`, `type`, `path`, `name`, `component`, `redirect`, `meta`, `api`, `sort`, `status`, `created_by`, `updated_by`, `created_at`, `updated_at`, `deleted_at`) VALUES (2000508, 20005, 3, 'base:job:log', '', '', '', '{\"title\": \"定时任务日志\"}', '[]', 1, 1, 1, 1, '2025-03-13 09:52:57', '2025-04-18 10:18:39', 0);
INSERT IGNORE INTO `base_menu` (`id`, `parent_id`, `type`, `path`, `name`, `component`, `redirect`, `meta`, `api`, `sort`, `status`, `created_by`, `updated_by`, `created_at`, `updated_at`, `deleted_at`) VALUES (20006, 200, 2, 'base/job/log', 'BaseJobLog', 'system/base/job/log', '', '{\"icon\": \"Document\", \"title\": \"定时任务日志\", \"hidden\": true, \"keep_alive\": true, \"always_show\": false}', '[\"/system.admin.v1.BaseJobService/PageBaseJobLog\"]', 150, 1, 1, 1, '2025-03-15 07:07:48', '2025-04-18 10:18:39', 0);
INSERT IGNORE INTO `base_menu` (`id`, `parent_id`, `type`, `path`, `name`, `component`, `redirect`, `meta`, `api`, `sort`, `status`, `created_by`, `updated_by`, `created_at`, `updated_at`, `deleted_at`) VALUES (2000601, 20006, 3, 'base:job-log:info', '', '', '', '{\"title\": \"查询定时任务日志详情\"}', '[\"/system.admin.v1.BaseJobService/GetBaseJobLog\"]', 1, 1, 1, 1, '2025-03-13 09:52:57', '2025-04-18 10:18:39', 0);
INSERT IGNORE INTO `base_menu` (`id`, `parent_id`, `type`, `path`, `name`, `component`, `redirect`, `meta`, `api`, `sort`, `status`, `created_by`, `updated_by`, `created_at`, `updated_at`, `deleted_at`) VALUES (20007, 200, 2, 'base/api', 'BaseApi', 'system/base/api/index', '', '{\"icon\": \"Connection\", \"title\": \"API管理\", \"hidden\": false, \"keep_alive\": true, \"always_show\": false}', '[\"/system.admin.v1.BaseApiService/PageBaseApi\"]', 160, 1, 1, 1, '2025-03-15 07:07:48', '2025-04-18 10:18:39', 0);
INSERT IGNORE INTO `base_menu` (`id`, `parent_id`, `type`, `path`, `name`, `component`, `redirect`, `meta`, `api`, `sort`, `status`, `created_by`, `updated_by`, `created_at`, `updated_at`, `deleted_at`) VALUES (2000701, 20007, 3, 'base:api:info', '', '', '', '{\"title\": \"查询API详情\"}', '[\"/system.admin.v1.BaseApiService/GetBaseApi\", \"/system.admin.v1.BaseApiService/GetBaseApiDoc\"]', 1, 1, 1, 1, '2025-03-13 09:52:57', '2025-04-18 10:18:39', 0);
INSERT IGNORE INTO `base_menu` (`id`, `parent_id`, `type`, `path`, `name`, `component`, `redirect`, `meta`, `api`, `sort`, `status`, `created_by`, `updated_by`, `created_at`, `updated_at`, `deleted_at`) VALUES (2000702, 20007, 3, 'base:api:mcp-status', '', '', '', '{\"title\": \"设置API MCP工具状态\"}', '[\"/system.admin.v1.BaseApiService/SetBaseApiMcpStatus\"]', 1, 1, 1, 1, '2025-03-13 09:52:57', '2025-04-18 10:18:39', 0);
INSERT IGNORE INTO `base_menu` (`id`, `parent_id`, `type`, `path`, `name`, `component`, `redirect`, `meta`, `api`, `sort`, `status`, `created_by`, `updated_by`, `created_at`, `updated_at`, `deleted_at`) VALUES (2000703, 20007, 3, 'base:api:agent-status', '', '', '', '{\"title\": \"设置API Agent工具状态\"}', '[\"/system.admin.v1.BaseApiService/SetBaseApiAgentStatus\"]', 1, 1, 1, 1, '2025-03-13 09:52:57', '2025-04-18 10:18:39', 0);
INSERT IGNORE INTO `base_menu` (`id`, `parent_id`, `type`, `path`, `name`, `component`, `redirect`, `meta`, `api`, `sort`, `status`, `created_by`, `updated_by`, `created_at`, `updated_at`, `deleted_at`) VALUES (2000704, 20007, 3, 'base:api:update', '', '', '', '{\"title\": \"编辑API配置\"}', '[\"/system.admin.v1.BaseApiService/UpdateBaseApi\"]', 1, 1, 1, 1, '2026-06-11 00:00:00', '2026-06-11 00:00:00', 0);
INSERT IGNORE INTO `base_menu` (`id`, `parent_id`, `type`, `path`, `name`, `component`, `redirect`, `meta`, `api`, `sort`, `status`, `created_by`, `updated_by`, `created_at`, `updated_at`, `deleted_at`) VALUES (20008, 200, 2, 'base/area', 'BaseArea', 'system/base/area/index', '', '{\"icon\": \"Location\", \"title\": \"区域管理\", \"hidden\": false, \"keep_alive\": true, \"always_show\": false}', '[\"/system.admin.v1.BaseAreaService/TreeBaseArea\", \"/system.admin.v1.BaseAreaService/OptionBaseArea\"]', 180, 1, 1, 1, '2026-07-23 00:00:00', '2026-07-23 00:00:00', 0);
INSERT IGNORE INTO `base_menu` (`id`, `parent_id`, `type`, `path`, `name`, `component`, `redirect`, `meta`, `api`, `sort`, `status`, `created_by`, `updated_by`, `created_at`, `updated_at`, `deleted_at`) VALUES (2000801, 20008, 3, 'base:area:create', '', '', '', '{\"title\": \"新增区域\"}', '[\"/system.admin.v1.BaseAreaService/CreateBaseArea\"]', 1, 1, 1, 1, '2026-07-23 00:00:00', '2026-07-23 00:00:00', 0);
INSERT IGNORE INTO `base_menu` (`id`, `parent_id`, `type`, `path`, `name`, `component`, `redirect`, `meta`, `api`, `sort`, `status`, `created_by`, `updated_by`, `created_at`, `updated_at`, `deleted_at`) VALUES (2000802, 20008, 3, 'base:area:delete', '', '', '', '{\"title\": \"删除区域\"}', '[\"/system.admin.v1.BaseAreaService/DeleteBaseArea\"]', 1, 1, 1, 1, '2026-07-23 00:00:00', '2026-07-23 00:00:00', 0);
INSERT IGNORE INTO `base_menu` (`id`, `parent_id`, `type`, `path`, `name`, `component`, `redirect`, `meta`, `api`, `sort`, `status`, `created_by`, `updated_by`, `created_at`, `updated_at`, `deleted_at`) VALUES (2000803, 20008, 3, 'base:area:update', '', '', '', '{\"title\": \"编辑区域\"}', '[\"/system.admin.v1.BaseAreaService/GetBaseArea\", \"/system.admin.v1.BaseAreaService/UpdateBaseArea\"]', 1, 1, 1, 1, '2026-07-23 00:00:00', '2026-07-23 00:00:00', 0);
INSERT IGNORE INTO `base_menu` (`id`, `parent_id`, `type`, `path`, `name`, `component`, `redirect`, `meta`, `api`, `sort`, `status`, `created_by`, `updated_by`, `created_at`, `updated_at`, `deleted_at`) VALUES (20009, 200, 2, 'base/log', 'BaseLog', 'system/base/log/index', '', '{\"icon\": \"Document\", \"title\": \"系统日志\", \"hidden\": false, \"keep_alive\": true, \"always_show\": false}', '[\"/system.admin.v1.BaseLogService/PageBaseLog\"]', 190, 1, 1, 1, '2025-03-15 07:07:48', '2025-04-18 10:18:39', 0);
INSERT IGNORE INTO `base_menu` (`id`, `parent_id`, `type`, `path`, `name`, `component`, `redirect`, `meta`, `api`, `sort`, `status`, `created_by`, `updated_by`, `created_at`, `updated_at`, `deleted_at`) VALUES (2000901, 20009, 3, 'base:log:info', '', '', '', '{\"title\": \"查询日志详情\"}', '[\"/system.admin.v1.BaseLogService/GetBaseLog\"]', 1, 1, 1, 1, '2025-03-13 09:52:57', '2025-04-18 10:18:39', 0);
INSERT IGNORE INTO `base_menu` (`id`, `parent_id`, `type`, `path`, `name`, `component`, `redirect`, `meta`, `api`, `sort`, `status`, `created_by`, `updated_by`, `created_at`, `updated_at`, `deleted_at`) VALUES (300, 0, 1, '', '', 'Layout', '', '{\"icon\": \"User\", \"title\": \"用户管理\", \"hidden\": false, \"keep_alive\": false, \"always_show\": true}', '[]', 20, 1, 1, 1, '2025-04-09 00:15:54', '2025-04-18 10:18:39', 0);
INSERT IGNORE INTO `base_menu` (`id`, `parent_id`, `type`, `path`, `name`, `component`, `redirect`, `meta`, `api`, `sort`, `status`, `created_by`, `updated_by`, `created_at`, `updated_at`, `deleted_at`) VALUES (30001, 300, 2, 'base/tenant', 'BaseTenant', 'system/base/tenant/index', '', '{\"icon\": \"OfficeBuilding\", \"title\": \"租户管理\", \"hidden\": false, \"keep_alive\": true, \"always_show\": false}', '[\"/system.admin.v1.BaseTenantService/OptionBaseTenant\", \"/system.admin.v1.BaseTenantService/PageBaseTenant\"]', 190, 1, 1, 1, '2026-06-30 00:00:00', '2026-06-30 00:00:00', 0);
INSERT IGNORE INTO `base_menu` (`id`, `parent_id`, `type`, `path`, `name`, `component`, `redirect`, `meta`, `api`, `sort`, `status`, `created_by`, `updated_by`, `created_at`, `updated_at`, `deleted_at`) VALUES (3000101, 30001, 3, 'base:tenant:create', '', '', '', '{\"title\": \"新增租户\"}', '[\"/system.admin.v1.BaseTenantService/CreateBaseTenant\"]', 1, 1, 1, 1, '2026-06-30 00:00:00', '2026-06-30 00:00:00', 0);
INSERT IGNORE INTO `base_menu` (`id`, `parent_id`, `type`, `path`, `name`, `component`, `redirect`, `meta`, `api`, `sort`, `status`, `created_by`, `updated_by`, `created_at`, `updated_at`, `deleted_at`) VALUES (3000102, 30001, 3, 'base:tenant:delete', '', '', '', '{\"title\": \"删除租户\"}', '[\"/system.admin.v1.BaseTenantService/DeleteBaseTenant\"]', 1, 1, 1, 1, '2026-06-30 00:00:00', '2026-06-30 00:00:00', 0);
INSERT IGNORE INTO `base_menu` (`id`, `parent_id`, `type`, `path`, `name`, `component`, `redirect`, `meta`, `api`, `sort`, `status`, `created_by`, `updated_by`, `created_at`, `updated_at`, `deleted_at`) VALUES (3000103, 30001, 3, 'base:tenant:update', '', '', '', '{\"title\": \"编辑租户\"}', '[\"/system.admin.v1.BaseTenantService/GetBaseTenant\", \"/system.admin.v1.BaseTenantService/UpdateBaseTenant\"]', 1, 1, 1, 1, '2026-06-30 00:00:00', '2026-06-30 00:00:00', 0);
INSERT IGNORE INTO `base_menu` (`id`, `parent_id`, `type`, `path`, `name`, `component`, `redirect`, `meta`, `api`, `sort`, `status`, `created_by`, `updated_by`, `created_at`, `updated_at`, `deleted_at`) VALUES (3000104, 30001, 3, 'base:tenant:status', '', '', '', '{\"title\": \"修改租户状态\"}', '[\"/system.admin.v1.BaseTenantService/SetBaseTenantStatus\"]', 1, 1, 1, 1, '2026-06-30 00:00:00', '2026-06-30 00:00:00', 0);
INSERT IGNORE INTO `base_menu` (`id`, `parent_id`, `type`, `path`, `name`, `component`, `redirect`, `meta`, `api`, `sort`, `status`, `created_by`, `updated_by`, `created_at`, `updated_at`, `deleted_at`) VALUES (30002, 300, 2, 'base/user', 'BaseUser', 'system/base/user/index', '', '{\"icon\": \"User\", \"title\": \"用户管理\", \"hidden\": false, \"keep_alive\": true, \"always_show\": false}', '[\"/system.admin.v1.BaseTenantService/OptionBaseTenant\", \"/system.admin.v1.BasePostService/OptionBasePost\", \"/system.admin.v1.BaseUserService/PageBaseUser\"]', 200, 1, 1, 1, '2025-03-13 09:52:57', '2025-04-18 10:18:39', 0);
INSERT IGNORE INTO `base_menu` (`id`, `parent_id`, `type`, `path`, `name`, `component`, `redirect`, `meta`, `api`, `sort`, `status`, `created_by`, `updated_by`, `created_at`, `updated_at`, `deleted_at`) VALUES (3000201, 30002, 3, 'base:user:create', '', '', '', '{\"title\": \"新增用户\"}', '[\"/system.admin.v1.BaseDeptService/OptionBaseDept\", \"/system.admin.v1.BasePostService/OptionBasePost\", \"/system.admin.v1.BaseRoleService/OptionBaseRole\", \"/system.admin.v1.BaseUserService/CreateBaseUser\"]', 1, 1, 1, 1, '2025-03-13 09:52:57', '2025-04-18 10:18:39', 0);
INSERT IGNORE INTO `base_menu` (`id`, `parent_id`, `type`, `path`, `name`, `component`, `redirect`, `meta`, `api`, `sort`, `status`, `created_by`, `updated_by`, `created_at`, `updated_at`, `deleted_at`) VALUES (3000202, 30002, 3, 'base:user:delete', '', '', '', '{\"title\": \"删除用户\"}', '[\"/system.admin.v1.BaseUserService/DeleteBaseUser\"]', 1, 1, 1, 1, '2025-03-13 09:52:57', '2025-04-18 10:18:39', 0);
INSERT IGNORE INTO `base_menu` (`id`, `parent_id`, `type`, `path`, `name`, `component`, `redirect`, `meta`, `api`, `sort`, `status`, `created_by`, `updated_by`, `created_at`, `updated_at`, `deleted_at`) VALUES (3000203, 30002, 3, 'base:user:update', '', '', '', '{\"title\": \"编辑用户\"}', '[\"/system.admin.v1.BaseDeptService/OptionBaseDept\", \"/system.admin.v1.BasePostService/OptionBasePost\", \"/system.admin.v1.BaseRoleService/OptionBaseRole\", \"/system.admin.v1.BaseUserService/GetBaseUser\", \"/system.admin.v1.BaseUserService/UpdateBaseUser\"]', 1, 1, 1, 1, '2025-03-13 09:52:57', '2025-04-18 10:18:39', 0);
INSERT IGNORE INTO `base_menu` (`id`, `parent_id`, `type`, `path`, `name`, `component`, `redirect`, `meta`, `api`, `sort`, `status`, `created_by`, `updated_by`, `created_at`, `updated_at`, `deleted_at`) VALUES (3000204, 30002, 3, 'base:user:status', '', '', '', '{\"title\": \"修改用户状态\"}', '[\"/system.admin.v1.BaseUserService/SetBaseUserStatus\"]', 1, 1, 1, 1, '2025-03-13 09:52:57', '2025-04-18 10:18:39', 0);
INSERT IGNORE INTO `base_menu` (`id`, `parent_id`, `type`, `path`, `name`, `component`, `redirect`, `meta`, `api`, `sort`, `status`, `created_by`, `updated_by`, `created_at`, `updated_at`, `deleted_at`) VALUES (3000205, 30002, 3, 'base:user:pwd', '', '', '', '{\"title\": \"重置用户密码\"}', '[\"/system.admin.v1.BaseUserService/ResetBaseUserPassword\"]', 1, 1, 1, 1, '2025-03-13 09:52:57', '2025-04-18 10:18:39', 0);
INSERT IGNORE INTO `base_menu` (`id`, `parent_id`, `type`, `path`, `name`, `component`, `redirect`, `meta`, `api`, `sort`, `status`, `created_by`, `updated_by`, `created_at`, `updated_at`, `deleted_at`) VALUES (30003, 300, 2, 'base/role', 'BaseRole', 'system/base/role/index', '', '{\"icon\": \"Avatar\", \"title\": \"角色管理\", \"hidden\": false, \"keep_alive\": true, \"always_show\": false}', '[\"/system.admin.v1.BaseRoleService/PageBaseRole\", \"/system.admin.v1.BaseTenantService/OptionBaseTenant\"]', 210, 1, 1, 1, '2025-03-13 09:52:57', '2025-04-18 10:18:39', 0);
INSERT IGNORE INTO `base_menu` (`id`, `parent_id`, `type`, `path`, `name`, `component`, `redirect`, `meta`, `api`, `sort`, `status`, `created_by`, `updated_by`, `created_at`, `updated_at`, `deleted_at`) VALUES (3000301, 30003, 3, 'base:role:create', '', '', '', '{\"title\": \"新增角色\"}', '[\"/system.admin.v1.BaseMenuService/OptionBaseMenu\", \"/system.admin.v1.BaseRoleService/CreateBaseRole\"]', 1, 1, 1, 1, '2025-03-13 09:52:57', '2025-04-18 10:18:39', 0);
INSERT IGNORE INTO `base_menu` (`id`, `parent_id`, `type`, `path`, `name`, `component`, `redirect`, `meta`, `api`, `sort`, `status`, `created_by`, `updated_by`, `created_at`, `updated_at`, `deleted_at`) VALUES (3000302, 30003, 3, 'base:role:delete', '', '', '', '{\"title\": \"删除角色\"}', '[\"/system.admin.v1.BaseRoleService/DeleteBaseRole\"]', 1, 1, 1, 1, '2025-03-13 09:52:57', '2025-04-18 10:18:39', 0);
INSERT IGNORE INTO `base_menu` (`id`, `parent_id`, `type`, `path`, `name`, `component`, `redirect`, `meta`, `api`, `sort`, `status`, `created_by`, `updated_by`, `created_at`, `updated_at`, `deleted_at`) VALUES (3000303, 30003, 3, 'base:role:update', '', '', '', '{\"title\": \"编辑角色\"}', '[\"/system.admin.v1.BaseMenuService/OptionBaseMenu\", \"/system.admin.v1.BaseRoleService/GetBaseRole\", \"/system.admin.v1.BaseRoleService/UpdateBaseRole\"]', 1, 1, 1, 1, '2025-03-13 09:52:57', '2025-04-18 10:18:39', 0);
INSERT IGNORE INTO `base_menu` (`id`, `parent_id`, `type`, `path`, `name`, `component`, `redirect`, `meta`, `api`, `sort`, `status`, `created_by`, `updated_by`, `created_at`, `updated_at`, `deleted_at`) VALUES (3000304, 30003, 3, 'base:role:status', '', '', '', '{\"title\": \"修改角色状态\"}', '[\"/system.admin.v1.BaseRoleService/SetBaseRoleStatus\"]', 1, 1, 1, 1, '2025-03-13 09:52:57', '2025-04-18 10:18:39', 0);
INSERT IGNORE INTO `base_menu` (`id`, `parent_id`, `type`, `path`, `name`, `component`, `redirect`, `meta`, `api`, `sort`, `status`, `created_by`, `updated_by`, `created_at`, `updated_at`, `deleted_at`) VALUES (3000305, 30003, 3, 'base:role:menus', '', '', '', '{\"title\": \"分配角色权限\"}', '[\"/system.admin.v1.BaseMenuService/OptionBaseMenu\", \"/system.admin.v1.BaseRoleService/SetBaseRoleMenu\"]', 1, 1, 1, 1, '2025-03-13 09:52:57', '2025-04-18 10:18:39', 0);
INSERT IGNORE INTO `base_menu` (`id`, `parent_id`, `type`, `path`, `name`, `component`, `redirect`, `meta`, `api`, `sort`, `status`, `created_by`, `updated_by`, `created_at`, `updated_at`, `deleted_at`) VALUES (30004, 300, 2, 'base/dept', 'BaseDept', 'system/base/dept/index', '', '{\"icon\": \"OfficeBuilding\", \"title\": \"部门管理\", \"hidden\": false, \"keep_alive\": true, \"always_show\": false}', '[\"/system.admin.v1.BaseDeptService/TreeBaseDept\", \"/system.admin.v1.BaseTenantService/OptionBaseTenant\"]', 220, 1, 1, 1, '2025-03-13 09:52:57', '2025-04-18 10:18:39', 0);
INSERT IGNORE INTO `base_menu` (`id`, `parent_id`, `type`, `path`, `name`, `component`, `redirect`, `meta`, `api`, `sort`, `status`, `created_by`, `updated_by`, `created_at`, `updated_at`, `deleted_at`) VALUES (3000401, 30004, 3, 'base:dept:create', '', '', '', '{\"title\": \"新增部门\"}', '[\"/system.admin.v1.BaseDeptService/CreateBaseDept\"]', 1, 1, 1, 1, '2025-03-13 09:52:57', '2025-04-18 10:18:39', 0);
INSERT IGNORE INTO `base_menu` (`id`, `parent_id`, `type`, `path`, `name`, `component`, `redirect`, `meta`, `api`, `sort`, `status`, `created_by`, `updated_by`, `created_at`, `updated_at`, `deleted_at`) VALUES (3000402, 30004, 3, 'base:dept:delete', '', '', '', '{\"title\": \"删除部门\"}', '[\"/system.admin.v1.BaseDeptService/DeleteBaseDept\"]', 1, 1, 1, 1, '2025-03-13 09:52:57', '2025-04-18 10:18:39', 0);
INSERT IGNORE INTO `base_menu` (`id`, `parent_id`, `type`, `path`, `name`, `component`, `redirect`, `meta`, `api`, `sort`, `status`, `created_by`, `updated_by`, `created_at`, `updated_at`, `deleted_at`) VALUES (3000403, 30004, 3, 'base:dept:update', '', '', '', '{\"title\": \"编辑部门\"}', '[\"/system.admin.v1.BaseDeptService/GetBaseDept\", \"/system.admin.v1.BaseDeptService/UpdateBaseDept\"]', 1, 1, 1, 1, '2025-03-13 09:52:57', '2025-04-18 10:18:39', 0);
INSERT IGNORE INTO `base_menu` (`id`, `parent_id`, `type`, `path`, `name`, `component`, `redirect`, `meta`, `api`, `sort`, `status`, `created_by`, `updated_by`, `created_at`, `updated_at`, `deleted_at`) VALUES (3000404, 30004, 3, 'base:dept:status', '', '', '', '{\"title\": \"修改部门状态\"}', '[\"/system.admin.v1.BaseDeptService/SetBaseDeptStatus\"]', 1, 1, 1, 1, '2025-03-13 09:52:57', '2025-04-18 10:18:39', 0);
INSERT IGNORE INTO `base_menu` (`id`, `parent_id`, `type`, `path`, `name`, `component`, `redirect`, `meta`, `api`, `sort`, `status`, `created_by`, `updated_by`, `created_at`, `updated_at`, `deleted_at`) VALUES (30005, 300, 2, 'base/post', 'BasePost', 'system/base/post/index', '', '{\"icon\": \"Suitcase\", \"title\": \"岗位管理\", \"hidden\": false, \"keep_alive\": true, \"always_show\": false}', '[\"/system.admin.v1.BasePostService/PageBasePost\", \"/system.admin.v1.BasePostService/OptionBasePost\", \"/system.admin.v1.BaseTenantService/OptionBaseTenant\"]', 225, 1, 1, 1, '2026-07-22 00:00:00', '2026-07-22 00:00:00', 0);
INSERT IGNORE INTO `base_menu` (`id`, `parent_id`, `type`, `path`, `name`, `component`, `redirect`, `meta`, `api`, `sort`, `status`, `created_by`, `updated_by`, `created_at`, `updated_at`, `deleted_at`) VALUES (3000501, 30005, 3, 'base:post:create', '', '', '', '{\"title\": \"新增岗位\"}', '[\"/system.admin.v1.BasePostService/CreateBasePost\", \"/system.admin.v1.BaseTenantService/OptionBaseTenant\"]', 1, 1, 1, 1, '2026-07-22 00:00:00', '2026-07-22 00:00:00', 0);
INSERT IGNORE INTO `base_menu` (`id`, `parent_id`, `type`, `path`, `name`, `component`, `redirect`, `meta`, `api`, `sort`, `status`, `created_by`, `updated_by`, `created_at`, `updated_at`, `deleted_at`) VALUES (3000502, 30005, 3, 'base:post:delete', '', '', '', '{\"title\": \"删除岗位\"}', '[\"/system.admin.v1.BasePostService/DeleteBasePost\"]', 1, 1, 1, 1, '2026-07-22 00:00:00', '2026-07-22 00:00:00', 0);
INSERT IGNORE INTO `base_menu` (`id`, `parent_id`, `type`, `path`, `name`, `component`, `redirect`, `meta`, `api`, `sort`, `status`, `created_by`, `updated_by`, `created_at`, `updated_at`, `deleted_at`) VALUES (3000503, 30005, 3, 'base:post:update', '', '', '', '{\"title\": \"编辑岗位\"}', '[\"/system.admin.v1.BasePostService/GetBasePost\", \"/system.admin.v1.BasePostService/UpdateBasePost\"]', 1, 1, 1, 1, '2026-07-22 00:00:00', '2026-07-22 00:00:00', 0);
INSERT IGNORE INTO `base_menu` (`id`, `parent_id`, `type`, `path`, `name`, `component`, `redirect`, `meta`, `api`, `sort`, `status`, `created_by`, `updated_by`, `created_at`, `updated_at`, `deleted_at`) VALUES (3000504, 30005, 3, 'base:post:status', '', '', '', '{\"title\": \"修改岗位状态\"}', '[\"/system.admin.v1.BasePostService/SetBasePostStatus\"]', 1, 1, 1, 1, '2026-07-22 00:00:00', '2026-07-22 00:00:00', 0);
INSERT IGNORE INTO `base_menu` (`id`, `parent_id`, `type`, `path`, `name`, `component`, `redirect`, `meta`, `api`, `sort`, `status`, `created_by`, `updated_by`, `created_at`, `updated_at`, `deleted_at`) VALUES (800, 0, 1, '', '', 'Layout', '', '{\"icon\": \"Operation\", \"title\": \"开发工具\", \"hidden\": false, \"keep_alive\": false, \"always_show\": true}', '[]', 70, 1, 1, 1, '2026-07-15 00:00:00', '2026-07-15 00:00:00', 0);
INSERT IGNORE INTO `base_menu` (`id`, `parent_id`, `type`, `path`, `name`, `component`, `redirect`, `meta`, `api`, `sort`, `status`, `created_by`, `updated_by`, `created_at`, `updated_at`, `deleted_at`) VALUES (80001, 800, 2, 'code/gen/table', 'CodeGenTable', 'system/tool/code-gen/table/index', '', '{\"icon\": \"Operation\", \"title\": \"代码生成\", \"hidden\": false, \"keep_alive\": true, \"always_show\": false}', '[\"/system.admin.v1.CodeGenTableService/PageCodeGenTable\", \"/system.admin.v1.BaseMenuService/TreeBaseMenu\", \"/system.admin.v1.BaseDictService/OptionBaseDict\"]', 1, 1, 1, 1, '2026-07-15 00:00:00', '2026-07-15 00:00:00', 0);
INSERT IGNORE INTO `base_menu` (`id`, `parent_id`, `type`, `path`, `name`, `component`, `redirect`, `meta`, `api`, `sort`, `status`, `created_by`, `updated_by`, `created_at`, `updated_at`, `deleted_at`) VALUES (8000101, 80001, 3, 'tool:code-gen-table:create', '', '', '', '{\"title\": \"新增代码生成表配置\"}', '[\"/system.admin.v1.CodeGenTableService/ListCodeGenDatabaseTable\", \"/system.admin.v1.CodeGenColumnService/ListCodeGenDatabaseColumn\", \"/system.admin.v1.BaseMenuService/TreeBaseMenu\", \"/system.admin.v1.BaseDictService/OptionBaseDict\", \"/system.admin.v1.CodeGenTableService/CreateCodeGenTable\"]', 1, 1, 1, 1, '2026-07-22 00:00:00', '2026-07-22 00:00:00', 0);
INSERT IGNORE INTO `base_menu` (`id`, `parent_id`, `type`, `path`, `name`, `component`, `redirect`, `meta`, `api`, `sort`, `status`, `created_by`, `updated_by`, `created_at`, `updated_at`, `deleted_at`) VALUES (8000102, 80001, 3, 'tool:code-gen-table:update', '', '', '', '{\"title\": \"编辑代码生成表配置\"}', '[\"/system.admin.v1.CodeGenTableService/ListCodeGenDatabaseTable\", \"/system.admin.v1.CodeGenColumnService/ListCodeGenDatabaseColumn\", \"/system.admin.v1.BaseMenuService/TreeBaseMenu\", \"/system.admin.v1.BaseDictService/OptionBaseDict\", \"/system.admin.v1.CodeGenTableService/GetCodeGenTable\", \"/system.admin.v1.CodeGenTableService/UpdateCodeGenTable\"]', 2, 1, 1, 1, '2026-07-22 00:00:00', '2026-07-22 00:00:00', 0);
INSERT IGNORE INTO `base_menu` (`id`, `parent_id`, `type`, `path`, `name`, `component`, `redirect`, `meta`, `api`, `sort`, `status`, `created_by`, `updated_by`, `created_at`, `updated_at`, `deleted_at`) VALUES (8000103, 80001, 3, 'tool:code-gen-table:delete', '', '', '', '{\"title\": \"删除代码生成表配置\"}', '[\"/system.admin.v1.CodeGenTableService/DeleteCodeGenTable\"]', 3, 1, 1, 1, '2026-07-15 00:00:00', '2026-07-15 00:00:00', 0);
INSERT IGNORE INTO `base_menu` (`id`, `parent_id`, `type`, `path`, `name`, `component`, `redirect`, `meta`, `api`, `sort`, `status`, `created_by`, `updated_by`, `created_at`, `updated_at`, `deleted_at`) VALUES (8000104, 80001, 3, 'tool:code-gen-table:column', '', '', '', '{\"title\": \"维护代码生成字段配置\"}', '[\"/system.admin.v1.CodeGenColumnService/SaveCodeGenColumn\"]', 4, 1, 1, 1, '2026-07-15 00:00:00', '2026-07-15 00:00:00', 0);
INSERT IGNORE INTO `base_menu` (`id`, `parent_id`, `type`, `path`, `name`, `component`, `redirect`, `meta`, `api`, `sort`, `status`, `created_by`, `updated_by`, `created_at`, `updated_at`, `deleted_at`) VALUES (8000105, 80001, 3, 'tool:code-gen-table:proto', '', '', '', '{\"title\": \"维护代码生成Proto配置\"}', '[\"/system.admin.v1.CodeGenProtoService/ListCodeGenProto\", \"/system.admin.v1.CodeGenProtoService/SaveCodeGenProto\"]', 5, 1, 1, 1, '2026-07-15 00:00:00', '2026-07-15 00:00:00', 0);
INSERT IGNORE INTO `base_menu` (`id`, `parent_id`, `type`, `path`, `name`, `component`, `redirect`, `meta`, `api`, `sort`, `status`, `created_by`, `updated_by`, `created_at`, `updated_at`, `deleted_at`) VALUES (8000106, 80001, 3, 'tool:code-gen-table:preview', '', '', '', '{\"title\": \"预览代码生成页面\"}', '[]', 6, 1, 1, 1, '2026-07-16 00:00:00', '2026-07-16 00:00:00', 0);
INSERT IGNORE INTO `base_menu` (`id`, `parent_id`, `type`, `path`, `name`, `component`, `redirect`, `meta`, `api`, `sort`, `status`, `created_by`, `updated_by`, `created_at`, `updated_at`, `deleted_at`) VALUES (8000107, 80001, 3, 'tool:code-gen-table:code-preview', '', '', '', '{\"title\": \"预览代码生成文件\"}', '[\"/system.admin.v1.CodeGenService/PreviewCodeGen\"]', 7, 1, 1, 1, '2026-07-17 00:00:00', '2026-07-17 00:00:00', 0);
INSERT IGNORE INTO `base_menu` (`id`, `parent_id`, `type`, `path`, `name`, `component`, `redirect`, `meta`, `api`, `sort`, `status`, `created_by`, `updated_by`, `created_at`, `updated_at`, `deleted_at`) VALUES (8000108, 80001, 3, 'tool:code-gen-table:generate', '', '', '', '{\"title\": \"执行代码生成\"}', '[\"/system.admin.v1.CodeGenService/StartCodeGenTask\", \"/system.admin.v1.CodeGenService/GetCodeGenTask\", \"/base.v1.SseService/SubscribeSse\"]', 8, 1, 1, 1, '2026-07-17 00:00:00', '2026-07-17 00:00:00', 0);
INSERT IGNORE INTO `base_menu` (`id`, `parent_id`, `type`, `path`, `name`, `component`, `redirect`, `meta`, `api`, `sort`, `status`, `created_by`, `updated_by`, `created_at`, `updated_at`, `deleted_at`) VALUES (8000109, 80001, 3, 'tool:code-gen-table:restore', '', '', '', '{\"title\": \"还原代码生成结果\"}', '[\"/system.admin.v1.CodeGenService/RestoreCodeGen\"]', 9, 1, 1, 1, '2026-07-23 00:00:00', '2026-07-23 00:00:00', 0);
INSERT IGNORE INTO `base_menu` (`id`, `parent_id`, `type`, `path`, `name`, `component`, `redirect`, `meta`, `api`, `sort`, `status`, `created_by`, `updated_by`, `created_at`, `updated_at`, `deleted_at`) VALUES (80002, 800, 2, 'code/gen/column/:tableId', 'CodeGenColumn', 'system/tool/code-gen/columns/index', '', '{\"icon\": \"SetUp\", \"title\": \"代码生成字段配置\", \"hidden\": true, \"keep_alive\": true, \"always_show\": false}', '[\"/system.admin.v1.CodeGenTableService/GetCodeGenTable\", \"/system.admin.v1.CodeGenTableService/ListCodeGenDatabaseTable\", \"/system.admin.v1.CodeGenColumnService/ListCodeGenDatabaseColumn\", \"/system.admin.v1.CodeGenColumnService/ListCodeGenColumn\", \"/system.admin.v1.BaseDictService/OptionBaseDict\"]', 2, 1, 1, 1, '2026-07-15 00:00:00', '2026-07-15 00:00:00', 0);
INSERT IGNORE INTO `base_menu` (`id`, `parent_id`, `type`, `path`, `name`, `component`, `redirect`, `meta`, `api`, `sort`, `status`, `created_by`, `updated_by`, `created_at`, `updated_at`, `deleted_at`) VALUES (80003, 800, 2, 'code/gen/proto/:tableId', 'CodeGenProto', 'system/tool/code-gen/proto/index', '', '{\"icon\": \"Connection\", \"title\": \"代码生成Proto配置\", \"hidden\": true, \"keep_alive\": true, \"always_show\": false}', '[\"/system.admin.v1.CodeGenTableService/GetCodeGenTable\", \"/system.admin.v1.CodeGenTableService/ListCodeGenDatabaseTable\", \"/system.admin.v1.CodeGenColumnService/ListCodeGenDatabaseColumn\", \"/system.admin.v1.CodeGenColumnService/ListCodeGenColumn\", \"/system.admin.v1.CodeGenProtoService/ListCodeGenProto\"]', 3, 1, 1, 1, '2026-07-15 00:00:00', '2026-07-15 00:00:00', 0);
INSERT IGNORE INTO `base_menu` (`id`, `parent_id`, `type`, `path`, `name`, `component`, `redirect`, `meta`, `api`, `sort`, `status`, `created_by`, `updated_by`, `created_at`, `updated_at`, `deleted_at`) VALUES (80004, 800, 2, 'code/gen/preview/:tableId', 'CodeGenPreview', 'system/tool/code-gen/preview/index', '', '{\"icon\": \"View\", \"title\": \"代码生成页面预览\", \"hidden\": true, \"keep_alive\": false, \"always_show\": false}', '[\"/system.admin.v1.CodeGenTableService/GetCodeGenTable\", \"/system.admin.v1.CodeGenColumnService/ListCodeGenColumn\", \"/system.admin.v1.CodeGenProtoService/ListCodeGenProto\", \"/system.admin.v1.BaseDictService/OptionBaseDict\"]', 4, 1, 1, 1, '2026-07-16 00:00:00', '2026-07-16 00:00:00', 0);
INSERT IGNORE INTO `base_menu` (`id`, `parent_id`, `type`, `path`, `name`, `component`, `redirect`, `meta`, `api`, `sort`, `status`, `created_by`, `updated_by`, `created_at`, `updated_at`, `deleted_at`) VALUES (80005, 800, 2, 'code/gen/code/preview/:tableId', 'CodeGenCodePreview', 'system/tool/code-gen/code-preview/index', '', '{\"icon\": \"Document\", \"title\": \"代码生成代码预览\", \"hidden\": true, \"keep_alive\": false, \"always_show\": false}', '[\"/system.admin.v1.CodeGenTableService/GetCodeGenTable\", \"/system.admin.v1.CodeGenService/PreviewCodeGen\"]', 5, 1, 1, 1, '2026-07-18 00:00:00', '2026-07-18 00:00:00', 0);
INSERT IGNORE INTO `base_menu` (`id`, `parent_id`, `type`, `path`, `name`, `component`, `redirect`, `meta`, `api`, `sort`, `status`, `created_by`, `updated_by`, `created_at`, `updated_at`, `deleted_at`) VALUES (80006, 800, 2, 'api-doc', 'ApiDocument', 'system/tool/api-doc/index', '', '{\"icon\": \"Document\", \"title\": \"API文档\", \"hidden\": false, \"keep_alive\": false, \"always_show\": false}', '[]', 10, 1, 1, 1, '2026-07-22 00:00:00', '2026-07-22 00:00:00', 0);

INSERT IGNORE INTO `base_role` (`id`, `tenant_id`, `name`, `code`, `data_scope`, `menus`, `status`, `remark`, `created_by`, `updated_by`, `created_at`, `updated_at`, `deleted_at`) VALUES (1, 1, '超级管理员', 'super', 1, '[]', 1, '超级管理员拥有对系统的最高权限', 1, 1, '2025-03-13 09:52:39', '2025-03-13 09:52:39', 0);
INSERT IGNORE INTO `base_role` (`id`, `tenant_id`, `name`, `code`, `data_scope`, `menus`, `status`, `remark`, `created_by`, `updated_by`, `created_at`, `updated_at`, `deleted_at`) VALUES (2, 1, '租户管理员', 'tenant', 1, '[100, 10005, 300, 30002, 3000201, 3000202, 3000203, 3000204, 3000205, 30003, 3000301, 3000302, 3000303, 3000304, 3000305, 30004, 3000401, 3000402, 3000403, 3000404, 30005, 3000501, 3000502, 3000503, 3000504]', 1, '默认租户管理员权限模板，可由默认租户维护', 1, 1, '2025-03-13 09:52:39', '2026-07-10 00:00:00', 0);
INSERT IGNORE INTO `base_role` (`id`, `tenant_id`, `name`, `code`, `data_scope`, `menus`, `status`, `remark`, `created_by`, `updated_by`, `created_at`, `updated_at`, `deleted_at`) VALUES (3, 1, '管理员', 'admin', 1, '[100, 10004, 10005, 200, 20002, 2000205, 20003, 2000301, 2000302, 2000303, 2000304, 20004, 2000403, 2000405, 20008, 2000801, 2000802, 2000803, 20005, 2000501, 2000502, 2000503, 2000504, 300, 30001, 3000101, 3000102, 3000103, 3000104, 30002, 3000201, 3000202, 3000203, 3000204, 3000205, 30003, 3000301, 3000302, 3000303, 3000304, 3000305, 30004, 3000401, 3000402, 3000403, 3000404, 30005, 3000501, 3000502, 3000503, 3000504]', 1, '系统管理员拥有对整个系统的管理权限', 1, 1, '2025-03-13 09:52:39', '2026-07-05 00:00:00', 0);
INSERT IGNORE INTO `base_role` (`id`, `tenant_id`, `name`, `code`, `data_scope`, `menus`, `status`, `remark`, `created_by`, `updated_by`, `created_at`, `updated_at`, `deleted_at`) VALUES (4, 1, '认证用户', 'authuser', 4, '[]', 1, '认证用户没有管理权限，只有设备和APP的使用权限', 1, 1, '2025-03-13 09:52:39', '2026-06-09 09:11:58', 0);
INSERT IGNORE INTO `base_role` (`id`, `tenant_id`, `name`, `code`, `data_scope`, `menus`, `status`, `remark`, `created_by`, `updated_by`, `created_at`, `updated_at`, `deleted_at`) VALUES (5, 1, '普通用户', 'user', 4, '[]', 1, '普通用户只有非常有限的数据读取权限', 1, 1, '2025-03-13 09:52:39', '2026-06-09 09:12:05', 0);

INSERT IGNORE INTO `base_user` (`id`, `tenant_id`, `user_name`, `nick_name`, `role_id`, `post_id`, `dept_id`, `phone`, `password`, `gender`, `avatar`, `status`, `remark`, `created_by`, `updated_by`, `created_at`, `updated_at`, `deleted_at`) VALUES (1, 1, 'super', '超级管理员', 1, NULL,2, '19999999999', '$2a$10$NoZtpzNfskZdbZSUzWWTV.slfr4/cKQsg5SNrzlxOHehPTn60.l4m', 1, '', 1, NULL, 1, 1, '2025-03-13 09:52:44', '2025-03-13 09:52:44', 0);
INSERT IGNORE INTO `base_user` (`id`, `tenant_id`, `user_name`, `nick_name`, `role_id`, `post_id`, `dept_id`, `phone`, `password`, `gender`, `avatar`, `status`, `remark`, `created_by`, `updated_by`, `created_at`, `updated_at`, `deleted_at`) VALUES (2, 1, 'admin', '管理员', 3, NULL,3, '19999911111', '$2a$10$NoZtpzNfskZdbZSUzWWTV.slfr4/cKQsg5SNrzlxOHehPTn60.l4m', 2, '', 1, '111111', 1, 1, '2025-03-13 09:52:44', '2025-03-13 09:52:44', 0);

SET FOREIGN_KEY_CHECKS = @old_foreign_key_checks;
