TRUNCATE TABLE `base_config`;
INSERT INTO `base_config` (`id`, `site`, `name`, `type`, `key`, `value`, `status`, `created_by`, `updated_by`, `created_at`, `updated_at`, `deleted_at`) VALUES (1000, 1, '支付超时时间（单位：分钟）', 1, 'payTimeout', '30', 1, 1, 1, '2025-04-24 09:55:48', '2025-04-24 09:55:48', 0);
INSERT INTO `base_config` (`id`, `site`, `name`, `type`, `key`, `value`, `status`, `created_by`, `updated_by`, `created_at`, `updated_at`, `deleted_at`) VALUES (2000, 2, 'Copyright', 1, 'copyright', 'Copyright © 2025 - 2030 haiwofeng.shop All Rights Reserved. 海沃丰农业科技有限公司 版权所有', 1, 1, 1, '2025-04-24 09:57:35', '2025-04-24 09:57:35', 0);
INSERT INTO `base_config` (`id`, `site`, `name`, `type`, `key`, `value`, `status`, `created_by`, `updated_by`, `created_at`, `updated_at`, `deleted_at`) VALUES (2001, 2, 'ICP备案号', 1, 'icp', '琼ICP备2025053245号-2', 1, 1, 1, '2025-04-24 09:58:16', '2025-04-24 09:58:16', 0);
INSERT INTO `base_config` (`id`, `site`, `name`, `type`, `key`, `value`, `status`, `created_by`, `updated_by`, `created_at`, `updated_at`, `deleted_at`) VALUES (2002, 2, '系统名称', 1, 'sysName', '商城管理系统', 1, 1, 1, '2025-04-24 10:21:53', '2025-04-24 10:21:53', 0);
INSERT INTO `base_config` (`id`, `site`, `name`, `type`, `key`, `value`, `status`, `created_by`, `updated_by`, `created_at`, `updated_at`, `deleted_at`) VALUES (2003, 2, 'LOGO', 2, 'adminLogo', '', 1, 0, 0, '2026-03-30 18:38:55', '2026-03-30 18:38:55', 0);
INSERT INTO `base_config` (`id`, `site`, `name`, `type`, `key`, `value`, `status`, `created_by`, `updated_by`, `created_at`, `updated_at`, `deleted_at`) VALUES (2004, 2, '水印', 1, 'watermark', 'Shop Admin', 1, 0, 0, '2026-03-30 18:39:29', '2026-03-30 18:39:29', 0);
INSERT INTO `base_config` (`id`, `site`, `name`, `type`, `key`, `value`, `status`, `created_by`, `updated_by`, `created_at`, `updated_at`, `deleted_at`) VALUES (2005, 2, '背景图', 2, 'background', '', 1, 0, 0, '2026-03-30 18:39:29', '2026-03-30 18:39:29', 0);
INSERT INTO `base_config` (`id`, `site`, `name`, `type`, `key`, `value`, `status`, `created_by`, `updated_by`, `created_at`, `updated_at`, `deleted_at`) VALUES (2006, 2, '登录验证码类型', 4, 'captchaType', 'digit', 1, 0, 0, '2026-06-05 00:00:00', '2026-06-05 00:00:00', 0);
INSERT INTO `base_config` (`id`, `site`, `name`, `type`, `key`, `value`, `status`, `created_by`, `updated_by`, `created_at`, `updated_at`, `deleted_at`) VALUES (3000, 3, '主标题', 1, 'mainTitle', '批发商城', 1, 1, 1, '2025-04-24 10:03:17', '2025-04-24 10:03:17', 0);
INSERT INTO `base_config` (`id`, `site`, `name`, `type`, `key`, `value`, `status`, `created_by`, `updated_by`, `created_at`, `updated_at`, `deleted_at`) VALUES (3001, 3, '副标题', 1, 'subTitle', '一站式作物整体解决方案集成商', 1, 1, 1, '2025-04-24 10:03:46', '2025-04-24 10:03:46', 0);
INSERT INTO `base_config` (`id`, `site`, `name`, `type`, `key`, `value`, `status`, `created_by`, `updated_by`, `created_at`, `updated_at`, `deleted_at`) VALUES (3002, 3, 'LOGO', 2, 'appLogo', '', 1, 1, 1, '2025-04-24 10:04:04', '2025-04-24 10:16:56', 0);
INSERT INTO `base_config` (`id`, `site`, `name`, `type`, `key`, `value`, `status`, `created_by`, `updated_by`, `created_at`, `updated_at`, `deleted_at`) VALUES (3003,3,'隐私协议',3,'privacyProtocol','<h2>海沃丰农资批发商城用户服务协议</h2><p>版本生效日期：2025年5月1日</p><h3>一、服务条款的确认及接受</h3><p>(一)<strong> 海沃丰农资批发商城 网站各项电子服务的所有权和运作权归属于"海沃丰农业科技有限公司"所有！</strong>本网站提供的服务将完全按照其发布的服务条款和操作规则严格执行。您确认所有服务条款并完成注册程序时，本协议在您与本网站间成立并发生法律效力，同时您成为本网站正式用户。</p>...<h3>七、不可抗力或其他免责事由</h3>',1,1,1,'2025-04-24 13:41:47','2025-04-24 13:45:11',0);
INSERT INTO `base_config` (`id`, `site`, `name`, `type`, `key`, `value`, `status`, `created_by`, `updated_by`, `created_at`, `updated_at`, `deleted_at`) VALUES (3004,3,'服务条款',3,'serviceProtocol','<h2>海沃丰农资批发商城用户服务协议</h2><p>版本生效日期：2025年5月1日</p><h3>一、服务条款的确认及接受</h3><p>(一)<strong> 海沃丰农资批发商城 网站各项电子服务的所有权和运作权归属于"海沃丰农业科技有限公司"所有！</strong>本网站提供的服务将完全按照其发布的服务条款和操作规则严格执行。您确认所有服务条款并完成注册程序时，本协议在您与本网站间成立并发生法律效力，同时您成为本网站正式用户。</p>...<h3>七、不可抗力或其他免责事由</h3>',1,1,1,'2025-04-24 13:41:47','2025-04-24 13:45:11',0);
INSERT INTO `base_config` (`id`, `site`, `name`, `type`, `key`, `value`, `status`, `created_by`, `updated_by`, `created_at`, `updated_at`, `deleted_at`) VALUES (3005, 3, '登录验证码类型', 4, 'captchaType', 'digit', 1, 0, 0, '2026-06-05 00:00:00', '2026-06-05 00:00:00', 0);

TRUNCATE TABLE `base_dept`;
INSERT INTO `base_dept` (`id`, `tenant_id`, `parent_id`, `path`, `name`, `sort`, `status`, `remark`, `created_by`, `updated_by`, `created_at`, `updated_at`, `deleted_at`) VALUES (1, 1, 0, '/0/1', '系统管理员', 0, 1, '', 1, 1, '2025-03-13 09:52:36', '2025-03-13 09:52:36', 0);
INSERT INTO `base_dept` (`id`, `tenant_id`, `parent_id`, `path`, `name`, `sort`, `status`, `remark`, `created_by`, `updated_by`, `created_at`, `updated_at`, `deleted_at`) VALUES (2, 1, 1, '/0/1/2', '超级管理员', 1, 1, '', 1, 1, '2025-03-13 09:52:36', '2025-03-13 09:52:36', 0);
INSERT INTO `base_dept` (`id`, `tenant_id`, `parent_id`, `path`, `name`, `sort`, `status`, `remark`, `created_by`, `updated_by`, `created_at`, `updated_at`, `deleted_at`) VALUES (3, 1, 1, '/0/1/3', '普通管理员', 2, 1, '', 1, 1, '2025-03-13 09:52:36', '2025-03-13 09:52:36', 0);
INSERT INTO `base_dept` (`id`, `tenant_id`, `parent_id`, `path`, `name`, `sort`, `status`, `remark`, `created_by`, `updated_by`, `created_at`, `updated_at`, `deleted_at`) VALUES (4, 1, 0, '/0/4', '移动端用户', 1, 1, '注册用户', 1, 1, '2025-04-10 09:11:22', '2025-04-10 09:11:38', 0);
INSERT INTO `base_dept` (`id`, `tenant_id`, `parent_id`, `path`, `name`, `sort`, `status`, `remark`, `created_by`, `updated_by`, `created_at`, `updated_at`, `deleted_at`) VALUES (5, 1, 4, '/0/4/5', '自动注册', 1, 1, '自动注册用户', 1, 1, '2025-04-10 09:11:31', '2025-04-10 09:11:31', 0);
INSERT INTO `base_dept` (`id`, `tenant_id`, `parent_id`, `path`, `name`, `sort`, `status`, `remark`, `created_by`, `updated_by`, `created_at`, `updated_at`, `deleted_at`) VALUES (6, 1, 4, '/0/4/6', '手动导入', 1, 1, '手动导入用户', 1, 1, '2025-04-10 09:11:31', '2025-04-10 09:11:31', 0);

TRUNCATE TABLE `base_dict`;
INSERT INTO `base_dict` (`id`, `code`, `name`, `status`, `created_by`, `updated_by`, `created_at`, `updated_at`, `deleted_at`) VALUES (1, 'status', '状态', 1, 1, 1, '2025-03-13 09:52:25', '2025-03-13 09:52:25', 0);
INSERT INTO `base_dict` (`id`, `code`, `name`, `status`, `created_by`, `updated_by`, `created_at`, `updated_at`, `deleted_at`) VALUES (1000, 'base_config_site', '系统配置位置', 1, 1, 1, '2025-04-24 09:50:03', '2025-04-24 09:50:03', 0);
INSERT INTO `base_dict` (`id`, `code`, `name`, `status`, `created_by`, `updated_by`, `created_at`, `updated_at`, `deleted_at`) VALUES (1010, 'base_config_type', '系统配置类型', 1, 1, 1, '2025-04-23 17:29:11', '2025-04-23 17:29:23', 0);
INSERT INTO `base_dict` (`id`, `code`, `name`, `status`, `created_by`, `updated_by`, `created_at`, `updated_at`, `deleted_at`) VALUES (1020, 'captcha_type', '验证码类型', 1, 1, 1, '2026-06-05 00:00:00', '2026-06-05 00:00:00', 0);
INSERT INTO `base_dict` (`id`, `code`, `name`, `status`, `created_by`, `updated_by`, `created_at`, `updated_at`, `deleted_at`) VALUES (1100, 'base_job_log_status', '定时任务日志状态', 1, 1, 1, '2025-04-21 15:05:07', '2025-04-21 15:05:07', 0);
INSERT INTO `base_dict` (`id`, `code`, `name`, `status`, `created_by`, `updated_by`, `created_at`, `updated_at`, `deleted_at`) VALUES (1200, 'base_menu_type', '菜单类型', 1, 1, 1, '2025-03-13 09:52:25', '2025-03-13 09:52:25', 0);
INSERT INTO `base_dict` (`id`, `code`, `name`, `status`, `created_by`, `updated_by`, `created_at`, `updated_at`, `deleted_at`) VALUES (1300, 'base_role_data_scope', '用户角色数据范围', 1, 1, 1, '2025-03-13 09:52:25', '2025-03-13 09:52:25', 0);
INSERT INTO `base_dict` (`id`, `code`, `name`, `status`, `created_by`, `updated_by`, `created_at`, `updated_at`, `deleted_at`) VALUES (2000, 'base_user_gender', '用户性别', 1, 1, 1, '2025-03-13 09:52:25', '2025-03-13 09:52:25', 0);
INSERT INTO `base_dict` (`id`, `code`, `name`, `status`, `created_by`, `updated_by`, `created_at`, `updated_at`, `deleted_at`) VALUES (2100, 'user_store_status', '门店认证状态', 1, 1, 1, '2025-03-26 08:54:21', '2025-03-26 08:54:21', 0);
INSERT INTO `base_dict` (`id`, `code`, `name`, `status`, `created_by`, `updated_by`, `created_at`, `updated_at`, `deleted_at`) VALUES (2110, 'tenant_store_status', '租户门店审核状态', 1, 1, 1, '2026-07-05 00:00:00', '2026-07-05 00:00:00', 0);
INSERT INTO `base_dict` (`id`, `code`, `name`, `status`, `created_by`, `updated_by`, `created_at`, `updated_at`, `deleted_at`) VALUES (3000, 'goods_status', '商品状态', 1, 1, 1, '2025-03-26 08:54:21', '2025-03-26 08:54:21', 0);
INSERT INTO `base_dict` (`id`, `code`, `name`, `status`, `created_by`, `updated_by`, `created_at`, `updated_at`, `deleted_at`) VALUES (3010, 'goods_inventory_alert', '商品库存预警类型', 1, 1, 1, '2026-05-31 00:00:00', '2026-05-31 00:00:00', 0);
INSERT INTO `base_dict` (`id`, `code`, `name`, `status`, `created_by`, `updated_by`, `created_at`, `updated_at`, `deleted_at`) VALUES (3020, 'goods_price_alert', '商品价格异常类型', 1, 1, 1, '2026-05-31 00:00:00', '2026-05-31 00:00:00', 0);
INSERT INTO `base_dict` (`id`, `code`, `name`, `status`, `created_by`, `updated_by`, `created_at`, `updated_at`, `deleted_at`) VALUES (4000, 'order_trade_status', '交易支付状态', 1, 1, 1, '2025-03-26 09:10:44', '2025-03-26 09:10:44', 0);
INSERT INTO `base_dict` (`id`, `code`, `name`, `status`, `created_by`, `updated_by`, `created_at`, `updated_at`, `deleted_at`) VALUES (4010, 'order_pay_type', '订单支付方式', 1, 1, 1, '2025-03-26 08:54:49', '2025-03-26 08:54:49', 0);
INSERT INTO `base_dict` (`id`, `code`, `name`, `status`, `created_by`, `updated_by`, `created_at`, `updated_at`, `deleted_at`) VALUES (4020, 'order_pay_channel', '订单支付渠道', 1, 1, 1, '2025-03-26 09:09:39', '2025-03-26 09:09:39', 0);
INSERT INTO `base_dict` (`id`, `code`, `name`, `status`, `created_by`, `updated_by`, `created_at`, `updated_at`, `deleted_at`) VALUES (4030, 'order_delivery_time', '订单配送时间', 1, 1, 1, '2025-03-26 09:10:02', '2025-03-26 09:10:02', 0);
INSERT INTO `base_dict` (`id`, `code`, `name`, `status`, `created_by`, `updated_by`, `created_at`, `updated_at`, `deleted_at`) VALUES (4040, 'order_cancel_reason', '订单取消原因', 1, 1, 1, '2025-03-26 09:17:54', '2025-03-26 09:17:54', 0);
INSERT INTO `base_dict` (`id`, `code`, `name`, `status`, `created_by`, `updated_by`, `created_at`, `updated_at`, `deleted_at`) VALUES (4050, 'order_refund_reason', '订单退款原因', 1, 1, 1, '2025-03-26 09:17:54', '2025-03-26 09:17:54', 0);
INSERT INTO `base_dict` (`id`, `code`, `name`, `status`, `created_by`, `updated_by`, `created_at`, `updated_at`, `deleted_at`) VALUES (4060, 'order_bill_status', '订单对帐状态', 1, 1, 1, '2025-04-21 23:35:56', '2025-04-21 23:35:56', 0);
INSERT INTO `base_dict` (`id`, `code`, `name`, `status`, `created_by`, `updated_by`, `created_at`, `updated_at`, `deleted_at`) VALUES (4070, 'order_info_status', '订单履约状态', 1, 1, 1, '2026-07-16 00:00:00', '2026-07-16 00:00:00', 0);
INSERT INTO `base_dict` (`id`, `code`, `name`, `status`, `created_by`, `updated_by`, `created_at`, `updated_at`, `deleted_at`) VALUES (4080, 'order_refund_status', '订单退款状态', 1, 1, 1, '2026-07-16 00:00:00', '2026-07-16 00:00:00', 0);
INSERT INTO `base_dict` (`id`, `code`, `name`, `status`, `created_by`, `updated_by`, `created_at`, `updated_at`, `deleted_at`) VALUES (5000, 'shop_banner_site', '商城轮播图位置', 1, 1, 1, '2025-03-17 02:17:55', '2025-03-17 02:17:55', 0);
INSERT INTO `base_dict` (`id`, `code`, `name`, `status`, `created_by`, `updated_by`, `created_at`, `updated_at`, `deleted_at`) VALUES (5010, 'shop_banner_type', '商城轮播图类型', 1, 1, 1, '2025-03-17 02:18:17', '2025-03-17 02:18:17', 0);
INSERT INTO `base_dict` (`id`, `code`, `name`, `status`, `created_by`, `updated_by`, `created_at`, `updated_at`, `deleted_at`) VALUES (6000, 'pay_bill_status', '支付对账单状态', 1, 1, 1, '2025-04-22 13:43:34', '2025-04-22 13:43:37', 0);
INSERT INTO `base_dict` (`id`, `code`, `name`, `status`, `created_by`, `updated_by`, `created_at`, `updated_at`, `deleted_at`) VALUES (7000, 'recommend_scene', '推荐场景', 1, 1, 1, '2026-04-18 00:00:00', '2026-04-18 00:00:00', 0);
INSERT INTO `base_dict` (`id`, `code`, `name`, `status`, `created_by`, `updated_by`, `created_at`, `updated_at`, `deleted_at`) VALUES (7010, 'recommend_event_type', '推荐事件类型', 1, 1, 1, '2026-04-20 00:00:00', '2026-04-20 00:00:00', 0);
INSERT INTO `base_dict` (`id`, `code`, `name`, `status`, `created_by`, `updated_by`, `created_at`, `updated_at`, `deleted_at`) VALUES (7020, 'recommend_actor_type', '推荐主体类型', 1, 1, 1, '2026-04-24 00:00:00', '2026-04-24 00:00:00', 0);
INSERT INTO `base_dict` (`id`, `code`, `name`, `status`, `created_by`, `updated_by`, `created_at`, `updated_at`, `deleted_at`) VALUES (7030, 'recommend_strategy', '推荐策略', 1, 1, 1, '2026-04-24 00:00:00', '2026-04-24 00:00:00', 0);
INSERT INTO `base_dict` (`id`, `code`, `name`, `status`, `created_by`, `updated_by`, `created_at`, `updated_at`, `deleted_at`) VALUES (7040, 'recommend_provider', '推荐器', 1, 1, 1, '2026-04-24 00:00:00', '2026-04-24 00:00:00', 0);
INSERT INTO `base_dict` (`id`, `code`, `name`, `status`, `created_by`, `updated_by`, `created_at`, `updated_at`, `deleted_at`) VALUES (8000, 'comment_status', '评价审核状态', 1, 1, 1, '2026-04-28 00:00:00', '2026-04-28 00:00:00', 0);
INSERT INTO `base_dict` (`id`, `code`, `name`, `status`, `created_by`, `updated_by`, `created_at`, `updated_at`, `deleted_at`) VALUES (8010, 'comment_summary_scene', '评价摘要场景', 1, 1, 1, '2026-04-28 00:00:00', '2026-04-28 00:00:00', 0);
INSERT INTO `base_dict` (`id`, `code`, `name`, `status`, `created_by`, `updated_by`, `created_at`, `updated_at`, `deleted_at`) VALUES (8020, 'comment_reaction_target_type', '评价互动目标类型', 1, 1, 1, '2026-04-28 00:00:00', '2026-04-28 00:00:00', 0);
INSERT INTO `base_dict` (`id`, `code`, `name`, `status`, `created_by`, `updated_by`, `created_at`, `updated_at`, `deleted_at`) VALUES (8030, 'comment_reaction_type', '评价互动类型', 1, 1, 1, '2026-04-28 00:00:00', '2026-04-28 00:00:00', 0);
INSERT INTO `base_dict` (`id`, `code`, `name`, `status`, `created_by`, `updated_by`, `created_at`, `updated_at`, `deleted_at`) VALUES (8040, 'comment_review_target_type', '评价审核记录目标类型', 1, 1, 1, '2026-04-28 00:00:00', '2026-04-28 00:00:00', 0);
INSERT INTO `base_dict` (`id`, `code`, `name`, `status`, `created_by`, `updated_by`, `created_at`, `updated_at`, `deleted_at`) VALUES (8050, 'comment_review_type', '评价审核记录审核类型', 1, 1, 1, '2026-04-28 00:00:00', '2026-04-28 00:00:00', 0);
INSERT INTO `base_dict` (`id`, `code`, `name`, `status`, `created_by`, `updated_by`, `created_at`, `updated_at`, `deleted_at`) VALUES (8060, 'comment_review_status', '评价审核记录结果', 1, 1, 1, '2026-04-28 00:00:00', '2026-04-28 00:00:00', 0);
INSERT INTO `base_dict` (`id`, `code`, `name`, `status`, `created_by`, `updated_by`, `created_at`, `updated_at`, `deleted_at`) VALUES (8100, 'business_module', '业务模块', 1, 1, 1, '2026-07-22 00:00:00', '2026-07-22 00:00:00', 0);

TRUNCATE TABLE `base_dict_item`;
INSERT INTO `base_dict_item` (`id`, `dict_id`, `value`, `label`, `tag_type`, `sort`, `status`, `created_by`, `updated_by`, `created_at`, `updated_at`, `deleted_at`) VALUES (1, 1, '1', '启用', 'success', 1, 1, 1, 1, '2025-03-13 09:52:30', '2025-03-13 09:52:30', 0);
INSERT INTO `base_dict_item` (`id`, `dict_id`, `value`, `label`, `tag_type`, `sort`, `status`, `created_by`, `updated_by`, `created_at`, `updated_at`, `deleted_at`) VALUES (2, 1, '2', '禁用', 'danger', 2, 1, 1, 1, '2025-03-13 09:52:30', '2025-03-13 09:52:30', 0);
INSERT INTO `base_dict_item` (`id`, `dict_id`, `value`, `label`, `tag_type`, `sort`, `status`, `created_by`, `updated_by`, `created_at`, `updated_at`, `deleted_at`) VALUES (10001, 1000, '1', '系统内置', '', 1, 1, 1, 1, '2025-04-24 09:50:53', '2025-04-24 09:50:53', 0);
INSERT INTO `base_dict_item` (`id`, `dict_id`, `value`, `label`, `tag_type`, `sort`, `status`, `created_by`, `updated_by`, `created_at`, `updated_at`, `deleted_at`) VALUES (10002, 1000, '2', '管理端', '', 2, 1, 1, 1, '2025-04-24 09:51:20', '2025-04-24 09:51:20', 0);
INSERT INTO `base_dict_item` (`id`, `dict_id`, `value`, `label`, `tag_type`, `sort`, `status`, `created_by`, `updated_by`, `created_at`, `updated_at`, `deleted_at`) VALUES (10003, 1000, '3', '移动端', '', 3, 1, 1, 1, '2025-04-24 09:52:04', '2025-04-24 09:52:04', 0);
INSERT INTO `base_dict_item` (`id`, `dict_id`, `value`, `label`, `tag_type`, `sort`, `status`, `created_by`, `updated_by`, `created_at`, `updated_at`, `deleted_at`) VALUES (10101, 1010, '1', '文本', '', 1, 1, 1, 1, '2025-04-23 17:29:35', '2025-04-23 17:29:35', 0);
INSERT INTO `base_dict_item` (`id`, `dict_id`, `value`, `label`, `tag_type`, `sort`, `status`, `created_by`, `updated_by`, `created_at`, `updated_at`, `deleted_at`) VALUES (10102, 1010, '2', '图片', '', 2, 1, 1, 1, '2025-04-23 17:29:42', '2025-04-23 17:29:42', 0);
INSERT INTO `base_dict_item` (`id`, `dict_id`, `value`, `label`, `tag_type`, `sort`, `status`, `created_by`, `updated_by`, `created_at`, `updated_at`, `deleted_at`) VALUES (10103, 1010, '3', '富文本', '', 3, 1, 1, 1, '2025-04-23 17:29:50', '2025-04-23 17:29:50', 0);
INSERT INTO `base_dict_item` (`id`, `dict_id`, `value`, `label`, `tag_type`, `sort`, `status`, `created_by`, `updated_by`, `created_at`, `updated_at`, `deleted_at`) VALUES (10104, 1010, '4', '字典', '', 4, 1, 1, 1, '2026-06-05 00:00:00', '2026-06-05 00:00:00', 0);
INSERT INTO `base_dict_item` (`id`, `dict_id`, `value`, `label`, `tag_type`, `sort`, `status`, `created_by`, `updated_by`, `created_at`, `updated_at`, `deleted_at`) VALUES (10201, 1020, 'digit', '数字验证码', 'primary', 1, 1, 1, 1, '2026-06-05 00:00:00', '2026-06-05 00:00:00', 0);
INSERT INTO `base_dict_item` (`id`, `dict_id`, `value`, `label`, `tag_type`, `sort`, `status`, `created_by`, `updated_by`, `created_at`, `updated_at`, `deleted_at`) VALUES (10202, 1020, 'string', '字符串验证码', 'success', 2, 1, 1, 1, '2026-06-05 00:00:00', '2026-06-05 00:00:00', 0);
INSERT INTO `base_dict_item` (`id`, `dict_id`, `value`, `label`, `tag_type`, `sort`, `status`, `created_by`, `updated_by`, `created_at`, `updated_at`, `deleted_at`) VALUES (10203, 1020, 'math', '算术验证码', 'warning', 3, 1, 1, 1, '2026-06-05 00:00:00', '2026-06-05 00:00:00', 0);
INSERT INTO `base_dict_item` (`id`, `dict_id`, `value`, `label`, `tag_type`, `sort`, `status`, `created_by`, `updated_by`, `created_at`, `updated_at`, `deleted_at`) VALUES (10204, 1020, 'chinese', '中文验证码', 'info', 4, 1, 1, 1, '2026-06-05 00:00:00', '2026-06-05 00:00:00', 0);
INSERT INTO `base_dict_item` (`id`, `dict_id`, `value`, `label`, `tag_type`, `sort`, `status`, `created_by`, `updated_by`, `created_at`, `updated_at`, `deleted_at`) VALUES (10205, 1020, 'slide', '滑动拼图验证码', 'primary', 5, 1, 1, 1, '2026-06-05 00:00:00', '2026-06-05 00:00:00', 0);
INSERT INTO `base_dict_item` (`id`, `dict_id`, `value`, `label`, `tag_type`, `sort`, `status`, `created_by`, `updated_by`, `created_at`, `updated_at`, `deleted_at`) VALUES (10206, 1020, 'click', '点击文字验证码', 'success', 6, 1, 1, 1, '2026-06-05 00:00:00', '2026-06-05 00:00:00', 0);
INSERT INTO `base_dict_item` (`id`, `dict_id`, `value`, `label`, `tag_type`, `sort`, `status`, `created_by`, `updated_by`, `created_at`, `updated_at`, `deleted_at`) VALUES (10207, 1020, 'rotate', '旋转验证码', 'warning', 7, 1, 1, 1, '2026-06-05 00:00:00', '2026-06-05 00:00:00', 0);
INSERT INTO `base_dict_item` (`id`, `dict_id`, `value`, `label`, `tag_type`, `sort`, `status`, `created_by`, `updated_by`, `created_at`, `updated_at`, `deleted_at`) VALUES (11001, 1100, '1', '成功', 'success', 1, 1, 1, 1, '2025-04-21 15:06:58', '2025-04-21 15:06:58', 0);
INSERT INTO `base_dict_item` (`id`, `dict_id`, `value`, `label`, `tag_type`, `sort`, `status`, `created_by`, `updated_by`, `created_at`, `updated_at`, `deleted_at`) VALUES (11002, 1100, '2', '失败', 'danger', 1, 1, 1, 1, '2025-04-21 15:07:08', '2025-04-21 15:07:08', 0);
INSERT INTO `base_dict_item` (`id`, `dict_id`, `value`, `label`, `tag_type`, `sort`, `status`, `created_by`, `updated_by`, `created_at`, `updated_at`, `deleted_at`) VALUES (12001, 1200, '1', '目录', '', 1, 1, 1, 1, '2025-03-13 09:52:30', '2025-03-13 09:52:30', 0);
INSERT INTO `base_dict_item` (`id`, `dict_id`, `value`, `label`, `tag_type`, `sort`, `status`, `created_by`, `updated_by`, `created_at`, `updated_at`, `deleted_at`) VALUES (12002, 1200, '2', '菜单', '', 2, 1, 1, 1, '2025-03-13 09:52:30', '2025-03-13 09:52:30', 0);
INSERT INTO `base_dict_item` (`id`, `dict_id`, `value`, `label`, `tag_type`, `sort`, `status`, `created_by`, `updated_by`, `created_at`, `updated_at`, `deleted_at`) VALUES (12003, 1200, '3', '按钮', '', 3, 1, 1, 1, '2025-03-13 09:52:30', '2025-03-13 09:52:30', 0);
INSERT INTO `base_dict_item` (`id`, `dict_id`, `value`, `label`, `tag_type`, `sort`, `status`, `created_by`, `updated_by`, `created_at`, `updated_at`, `deleted_at`) VALUES (12004, 1200, '4', '外部链接', '', 4, 1, 1, 1, '2025-03-13 09:52:30', '2025-03-13 09:52:30', 0);
INSERT INTO `base_dict_item` (`id`, `dict_id`, `value`, `label`, `tag_type`, `sort`, `status`, `created_by`, `updated_by`, `created_at`, `updated_at`, `deleted_at`) VALUES (13001, 1300, '1', '全部数据', '', 1, 1, 1, 1, '2025-03-13 09:52:30', '2025-03-13 09:52:30', 0);
INSERT INTO `base_dict_item` (`id`, `dict_id`, `value`, `label`, `tag_type`, `sort`, `status`, `created_by`, `updated_by`, `created_at`, `updated_at`, `deleted_at`) VALUES (13002, 1300, '2', '部门及子部门数据', '', 2, 1, 1, 1, '2025-03-13 09:52:30', '2025-03-13 09:52:30', 0);
INSERT INTO `base_dict_item` (`id`, `dict_id`, `value`, `label`, `tag_type`, `sort`, `status`, `created_by`, `updated_by`, `created_at`, `updated_at`, `deleted_at`) VALUES (13003, 1300, '3', '本部门数据', '', 3, 1, 1, 1, '2025-03-13 09:52:30', '2025-03-13 09:52:30', 0);
INSERT INTO `base_dict_item` (`id`, `dict_id`, `value`, `label`, `tag_type`, `sort`, `status`, `created_by`, `updated_by`, `created_at`, `updated_at`, `deleted_at`) VALUES (13004, 1300, '4', '本人数据', '', 4, 1, 1, 1, '2025-03-13 09:52:30', '2025-03-13 09:52:30', 0);
INSERT INTO `base_dict_item` (`id`, `dict_id`, `value`, `label`, `tag_type`, `sort`, `status`, `created_by`, `updated_by`, `created_at`, `updated_at`, `deleted_at`) VALUES (20001, 2000, '1', '保密', 'info', 3, 1, 1, 1, '2025-03-13 09:52:30', '2025-03-13 09:52:30', 0);
INSERT INTO `base_dict_item` (`id`, `dict_id`, `value`, `label`, `tag_type`, `sort`, `status`, `created_by`, `updated_by`, `created_at`, `updated_at`, `deleted_at`) VALUES (20002, 2000, '2', '男', 'primary', 1, 1, 1, 1, '2025-03-13 09:52:30', '2025-03-13 09:52:30', 0);
INSERT INTO `base_dict_item` (`id`, `dict_id`, `value`, `label`, `tag_type`, `sort`, `status`, `created_by`, `updated_by`, `created_at`, `updated_at`, `deleted_at`) VALUES (20003, 2000, '3', '女', 'danger', 2, 1, 1, 1, '2025-03-13 09:52:30', '2025-03-13 09:52:30', 0);
INSERT INTO `base_dict_item` (`id`, `dict_id`, `value`, `label`, `tag_type`, `sort`, `status`, `created_by`, `updated_by`, `created_at`, `updated_at`, `deleted_at`) VALUES (21001, 2100, '1', '待审核', 'primary', 1, 1, 0, 0, '2025-03-26 09:11:08', '2025-03-26 09:11:08', 0);
INSERT INTO `base_dict_item` (`id`, `dict_id`, `value`, `label`, `tag_type`, `sort`, `status`, `created_by`, `updated_by`, `created_at`, `updated_at`, `deleted_at`) VALUES (21002, 2100, '2', '审核失败', 'warning', 1, 1, 0, 0, '2025-03-26 09:11:17', '2025-03-26 09:11:17', 0);
INSERT INTO `base_dict_item` (`id`, `dict_id`, `value`, `label`, `tag_type`, `sort`, `status`, `created_by`, `updated_by`, `created_at`, `updated_at`, `deleted_at`) VALUES (21003, 2100, '3', '审核通过', 'success', 1, 1, 0, 0, '2025-03-26 09:11:17', '2025-03-26 09:11:17', 0);
INSERT INTO `base_dict_item` (`id`, `dict_id`, `value`, `label`, `tag_type`, `sort`, `status`, `created_by`, `updated_by`, `created_at`, `updated_at`, `deleted_at`) VALUES (21101, 2110, '1', '待审核', 'primary', 1, 1, 0, 0, '2026-07-05 00:00:00', '2026-07-05 00:00:00', 0);
INSERT INTO `base_dict_item` (`id`, `dict_id`, `value`, `label`, `tag_type`, `sort`, `status`, `created_by`, `updated_by`, `created_at`, `updated_at`, `deleted_at`) VALUES (21102, 2110, '2', '审核失败', 'warning', 2, 1, 0, 0, '2026-07-05 00:00:00', '2026-07-05 00:00:00', 0);
INSERT INTO `base_dict_item` (`id`, `dict_id`, `value`, `label`, `tag_type`, `sort`, `status`, `created_by`, `updated_by`, `created_at`, `updated_at`, `deleted_at`) VALUES (21103, 2110, '3', '审核通过', 'success', 3, 1, 0, 0, '2026-07-05 00:00:00', '2026-07-05 00:00:00', 0);
INSERT INTO `base_dict_item` (`id`, `dict_id`, `value`, `label`, `tag_type`, `sort`, `status`, `created_by`, `updated_by`, `created_at`, `updated_at`, `deleted_at`) VALUES (30001, 3000, '1', '上架', 'success', 1, 1, 0, 0, '2025-03-26 09:11:08', '2025-03-26 09:11:08', 0);
INSERT INTO `base_dict_item` (`id`, `dict_id`, `value`, `label`, `tag_type`, `sort`, `status`, `created_by`, `updated_by`, `created_at`, `updated_at`, `deleted_at`) VALUES (30002, 3000, '2', '下架', 'danger', 1, 1, 0, 0, '2025-03-26 09:11:17', '2025-03-26 09:11:17', 0);
INSERT INTO `base_dict_item` (`id`, `dict_id`, `value`, `label`, `tag_type`, `sort`, `status`, `created_by`, `updated_by`, `created_at`, `updated_at`, `deleted_at`) VALUES (30003, 3000, '3', '门店禁用', 'warning', 3, 1, 0, 0, '2026-07-08 00:00:00', '2026-07-08 00:00:00', 0);
INSERT INTO `base_dict_item` (`id`, `dict_id`, `value`, `label`, `tag_type`, `sort`, `status`, `created_by`, `updated_by`, `created_at`, `updated_at`, `deleted_at`) VALUES (30101, 3010, '1', '低库存', 'warning', 1, 1, 1, 1, '2026-05-31 00:00:00', '2026-05-31 00:00:00', 0);
INSERT INTO `base_dict_item` (`id`, `dict_id`, `value`, `label`, `tag_type`, `sort`, `status`, `created_by`, `updated_by`, `created_at`, `updated_at`, `deleted_at`) VALUES (30102, 3010, '2', '零库存', 'danger', 2, 1, 1, 1, '2026-05-31 00:00:00', '2026-05-31 00:00:00', 0);
INSERT INTO `base_dict_item` (`id`, `dict_id`, `value`, `label`, `tag_type`, `sort`, `status`, `created_by`, `updated_by`, `created_at`, `updated_at`, `deleted_at`) VALUES (30201, 3020, '1', '价格配置异常', 'danger', 1, 1, 1, 1, '2026-05-31 00:00:00', '2026-05-31 00:00:00', 0);
INSERT INTO `base_dict_item` (`id`, `dict_id`, `value`, `label`, `tag_type`, `sort`, `status`, `created_by`, `updated_by`, `created_at`, `updated_at`, `deleted_at`) VALUES (40001, 4000, '1', '待支付', 'info', 1, 1, 0, 0, '2026-07-16 00:00:00', '2026-07-16 00:00:00', 0);
INSERT INTO `base_dict_item` (`id`, `dict_id`, `value`, `label`, `tag_type`, `sort`, `status`, `created_by`, `updated_by`, `created_at`, `updated_at`, `deleted_at`) VALUES (40002, 4000, '2', '支付中', 'warning', 2, 1, 0, 0, '2026-07-16 00:00:00', '2026-07-16 00:00:00', 0);
INSERT INTO `base_dict_item` (`id`, `dict_id`, `value`, `label`, `tag_type`, `sort`, `status`, `created_by`, `updated_by`, `created_at`, `updated_at`, `deleted_at`) VALUES (40003, 4000, '3', '已支付', 'success', 3, 1, 0, 0, '2026-07-16 00:00:00', '2026-07-16 00:00:00', 0);
INSERT INTO `base_dict_item` (`id`, `dict_id`, `value`, `label`, `tag_type`, `sort`, `status`, `created_by`, `updated_by`, `created_at`, `updated_at`, `deleted_at`) VALUES (40004, 4000, '4', '货到付款', 'primary', 4, 1, 0, 0, '2026-07-16 00:00:00', '2026-07-16 00:00:00', 0);
INSERT INTO `base_dict_item` (`id`, `dict_id`, `value`, `label`, `tag_type`, `sort`, `status`, `created_by`, `updated_by`, `created_at`, `updated_at`, `deleted_at`) VALUES (40005, 4000, '5', '已关闭', 'info', 5, 1, 0, 0, '2026-07-16 00:00:00', '2026-07-16 00:00:00', 0);
INSERT INTO `base_dict_item` (`id`, `dict_id`, `value`, `label`, `tag_type`, `sort`, `status`, `created_by`, `updated_by`, `created_at`, `updated_at`, `deleted_at`) VALUES (40006, 4000, '6', '部分退款', 'warning', 6, 1, 0, 0, '2026-07-16 00:00:00', '2026-07-16 00:00:00', 0);
INSERT INTO `base_dict_item` (`id`, `dict_id`, `value`, `label`, `tag_type`, `sort`, `status`, `created_by`, `updated_by`, `created_at`, `updated_at`, `deleted_at`) VALUES (40007, 4000, '7', '全额退款', 'danger', 7, 1, 0, 0, '2026-07-16 00:00:00', '2026-07-16 00:00:00', 0);
INSERT INTO `base_dict_item` (`id`, `dict_id`, `value`, `label`, `tag_type`, `sort`, `status`, `created_by`, `updated_by`, `created_at`, `updated_at`, `deleted_at`) VALUES (40701, 4070, '1', '未进入履约', 'info', 1, 1, 0, 0, '2026-07-16 00:00:00', '2026-07-16 00:00:00', 0);
INSERT INTO `base_dict_item` (`id`, `dict_id`, `value`, `label`, `tag_type`, `sort`, `status`, `created_by`, `updated_by`, `created_at`, `updated_at`, `deleted_at`) VALUES (40702, 4070, '2', '待发货', 'primary', 2, 1, 0, 0, '2026-07-16 00:00:00', '2026-07-16 00:00:00', 0);
INSERT INTO `base_dict_item` (`id`, `dict_id`, `value`, `label`, `tag_type`, `sort`, `status`, `created_by`, `updated_by`, `created_at`, `updated_at`, `deleted_at`) VALUES (40703, 4070, '3', '已发货', 'warning', 3, 1, 0, 0, '2026-07-16 00:00:00', '2026-07-16 00:00:00', 0);
INSERT INTO `base_dict_item` (`id`, `dict_id`, `value`, `label`, `tag_type`, `sort`, `status`, `created_by`, `updated_by`, `created_at`, `updated_at`, `deleted_at`) VALUES (40704, 4070, '4', '待评价', 'warning', 4, 1, 0, 0, '2026-07-16 00:00:00', '2026-07-16 00:00:00', 0);
INSERT INTO `base_dict_item` (`id`, `dict_id`, `value`, `label`, `tag_type`, `sort`, `status`, `created_by`, `updated_by`, `created_at`, `updated_at`, `deleted_at`) VALUES (40705, 4070, '5', '已完成', 'success', 5, 1, 0, 0, '2026-07-16 00:00:00', '2026-07-16 00:00:00', 0);
INSERT INTO `base_dict_item` (`id`, `dict_id`, `value`, `label`, `tag_type`, `sort`, `status`, `created_by`, `updated_by`, `created_at`, `updated_at`, `deleted_at`) VALUES (40706, 4070, '6', '已取消', 'info', 6, 1, 0, 0, '2026-07-16 00:00:00', '2026-07-16 00:00:00', 0);
INSERT INTO `base_dict_item` (`id`, `dict_id`, `value`, `label`, `tag_type`, `sort`, `status`, `created_by`, `updated_by`, `created_at`, `updated_at`, `deleted_at`) VALUES (40801, 4080, '1', '无退款', 'info', 1, 1, 0, 0, '2026-07-16 00:00:00', '2026-07-16 00:00:00', 0);
INSERT INTO `base_dict_item` (`id`, `dict_id`, `value`, `label`, `tag_type`, `sort`, `status`, `created_by`, `updated_by`, `created_at`, `updated_at`, `deleted_at`) VALUES (40802, 4080, '2', '处理中', 'warning', 2, 1, 0, 0, '2026-07-16 00:00:00', '2026-07-16 00:00:00', 0);
INSERT INTO `base_dict_item` (`id`, `dict_id`, `value`, `label`, `tag_type`, `sort`, `status`, `created_by`, `updated_by`, `created_at`, `updated_at`, `deleted_at`) VALUES (40803, 4080, '3', '部分退款', 'warning', 3, 1, 0, 0, '2026-07-16 00:00:00', '2026-07-16 00:00:00', 0);
INSERT INTO `base_dict_item` (`id`, `dict_id`, `value`, `label`, `tag_type`, `sort`, `status`, `created_by`, `updated_by`, `created_at`, `updated_at`, `deleted_at`) VALUES (40804, 4080, '4', '已退款', 'success', 4, 1, 0, 0, '2026-07-16 00:00:00', '2026-07-16 00:00:00', 0);
INSERT INTO `base_dict_item` (`id`, `dict_id`, `value`, `label`, `tag_type`, `sort`, `status`, `created_by`, `updated_by`, `created_at`, `updated_at`, `deleted_at`) VALUES (40805, 4080, '5', '已关闭/失败', 'danger', 5, 1, 0, 0, '2026-07-16 00:00:00', '2026-07-16 00:00:00', 0);
INSERT INTO `base_dict_item` (`id`, `dict_id`, `value`, `label`, `tag_type`, `sort`, `status`, `created_by`, `updated_by`, `created_at`, `updated_at`, `deleted_at`) VALUES (40101, 4010, '1', '在线支付', '', 1, 1, 0, 0, '2025-03-26 09:11:44', '2025-03-26 09:11:44', 0);
INSERT INTO `base_dict_item` (`id`, `dict_id`, `value`, `label`, `tag_type`, `sort`, `status`, `created_by`, `updated_by`, `created_at`, `updated_at`, `deleted_at`) VALUES (40102, 4010, '2', '货到付款', '', 2, 1, 0, 0, '2025-03-26 09:11:57', '2025-03-26 09:11:57', 0);
INSERT INTO `base_dict_item` (`id`, `dict_id`, `value`, `label`, `tag_type`, `sort`, `status`, `created_by`, `updated_by`, `created_at`, `updated_at`, `deleted_at`) VALUES (40201, 4020, '1', '微信', '', 1, 1, 0, 0, '2025-03-26 09:12:38', '2025-03-26 09:12:38', 0);
INSERT INTO `base_dict_item` (`id`, `dict_id`, `value`, `label`, `tag_type`, `sort`, `status`, `created_by`, `updated_by`, `created_at`, `updated_at`, `deleted_at`) VALUES (40202, 4020, '2', '银联', '', 2, 1, 0, 0, '2025-03-26 09:12:47', '2025-03-26 09:12:55', 0);
INSERT INTO `base_dict_item` (`id`, `dict_id`, `value`, `label`, `tag_type`, `sort`, `status`, `created_by`, `updated_by`, `created_at`, `updated_at`, `deleted_at`) VALUES (40301, 4030, '1', '时间不限 (周一至周日)', '', 1, 1, 0, 0, '2025-03-26 09:13:16', '2025-03-26 09:13:16', 0);
INSERT INTO `base_dict_item` (`id`, `dict_id`, `value`, `label`, `tag_type`, `sort`, `status`, `created_by`, `updated_by`, `created_at`, `updated_at`, `deleted_at`) VALUES (40302, 4030, '2', '工作日送 (周一至周五)', '', 2, 1, 0, 0, '2025-03-26 09:13:33', '2025-03-26 09:13:33', 0);
INSERT INTO `base_dict_item` (`id`, `dict_id`, `value`, `label`, `tag_type`, `sort`, `status`, `created_by`, `updated_by`, `created_at`, `updated_at`, `deleted_at`) VALUES (40303, 4030, '3', '周末配送 (周六至周日)', '', 3, 1, 0, 0, '2025-03-26 09:13:47', '2025-03-26 09:13:47', 0);
INSERT INTO `base_dict_item` (`id`, `dict_id`, `value`, `label`, `tag_type`, `sort`, `status`, `created_by`, `updated_by`, `created_at`, `updated_at`, `deleted_at`) VALUES (40401, 4040, '1', '商品无货', 'warning', 1, 1, 0, 0, '2025-03-26 09:18:20', '2025-03-26 09:18:20', 0);
INSERT INTO `base_dict_item` (`id`, `dict_id`, `value`, `label`, `tag_type`, `sort`, `status`, `created_by`, `updated_by`, `created_at`, `updated_at`, `deleted_at`) VALUES (40402, 4040, '2', '不想要了', 'success', 3, 1, 0, 0, '2025-03-26 09:18:30', '2025-03-26 09:19:03', 0);
INSERT INTO `base_dict_item` (`id`, `dict_id`, `value`, `label`, `tag_type`, `sort`, `status`, `created_by`, `updated_by`, `created_at`, `updated_at`, `deleted_at`) VALUES (40403, 4040, '3', '商品信息填错了', 'primary', 3, 1, 0, 0, '2025-03-26 09:18:43', '2025-03-26 09:18:59', 0);
INSERT INTO `base_dict_item` (`id`, `dict_id`, `value`, `label`, `tag_type`, `sort`, `status`, `created_by`, `updated_by`, `created_at`, `updated_at`, `deleted_at`) VALUES (40404, 4040, '4', '地址信息填写错误', 'success', 4, 1, 0, 0, '2025-03-26 09:18:55', '2025-03-26 09:18:55', 0);
INSERT INTO `base_dict_item` (`id`, `dict_id`, `value`, `label`, `tag_type`, `sort`, `status`, `created_by`, `updated_by`, `created_at`, `updated_at`, `deleted_at`) VALUES (40405, 4040, '5', '商品降价', 'danger', 5, 1, 0, 0, '2025-03-26 09:19:14', '2025-03-26 09:19:14', 0);
INSERT INTO `base_dict_item` (`id`, `dict_id`, `value`, `label`, `tag_type`, `sort`, `status`, `created_by`, `updated_by`, `created_at`, `updated_at`, `deleted_at`) VALUES (40499, 4040, '99', '其它', 'info', 99, 1, 0, 0, '2025-03-26 09:19:26', '2025-03-26 09:19:26', 0);
INSERT INTO `base_dict_item` (`id`, `dict_id`, `value`, `label`, `tag_type`, `sort`, `status`, `created_by`, `updated_by`, `created_at`, `updated_at`, `deleted_at`) VALUES (40501, 4050, '1', '商品无货', 'warning', 1, 1, 0, 0, '2025-03-26 09:18:20', '2025-03-26 09:18:20', 0);
INSERT INTO `base_dict_item` (`id`, `dict_id`, `value`, `label`, `tag_type`, `sort`, `status`, `created_by`, `updated_by`, `created_at`, `updated_at`, `deleted_at`) VALUES (40502, 4050, '2', '不想要了', 'success', 3, 1, 0, 0, '2025-03-26 09:18:30', '2025-03-26 09:19:03', 0);
INSERT INTO `base_dict_item` (`id`, `dict_id`, `value`, `label`, `tag_type`, `sort`, `status`, `created_by`, `updated_by`, `created_at`, `updated_at`, `deleted_at`) VALUES (40503, 4050, '3', '商品信息填错了', 'primary', 3, 1, 0, 0, '2025-03-26 09:18:43', '2025-03-26 09:18:59', 0);
INSERT INTO `base_dict_item` (`id`, `dict_id`, `value`, `label`, `tag_type`, `sort`, `status`, `created_by`, `updated_by`, `created_at`, `updated_at`, `deleted_at`) VALUES (40504, 4050, '4', '地址信息填写错误', 'success', 4, 1, 0, 0, '2025-03-26 09:18:55', '2025-03-26 09:18:55', 0);
INSERT INTO `base_dict_item` (`id`, `dict_id`, `value`, `label`, `tag_type`, `sort`, `status`, `created_by`, `updated_by`, `created_at`, `updated_at`, `deleted_at`) VALUES (40505, 4050, '5', '商品降价', 'danger', 5, 1, 0, 0, '2025-03-26 09:19:14', '2025-03-26 09:19:14', 0);
INSERT INTO `base_dict_item` (`id`, `dict_id`, `value`, `label`, `tag_type`, `sort`, `status`, `created_by`, `updated_by`, `created_at`, `updated_at`, `deleted_at`) VALUES (40599, 4050, '99', '其它', 'info', 99, 1, 0, 0, '2025-03-26 09:19:26', '2025-03-26 09:19:26', 0);
INSERT INTO `base_dict_item` (`id`, `dict_id`, `value`, `label`, `tag_type`, `sort`, `status`, `created_by`, `updated_by`, `created_at`, `updated_at`, `deleted_at`) VALUES (40601, 4060, '1', '未对帐', 'danger', 1, 1, 1, 1, '2025-04-21 23:36:38', '2025-04-21 23:36:38', 0);
INSERT INTO `base_dict_item` (`id`, `dict_id`, `value`, `label`, `tag_type`, `sort`, `status`, `created_by`, `updated_by`, `created_at`, `updated_at`, `deleted_at`) VALUES (40602, 4060, '2', '已对帐', 'success', 1, 1, 1, 1, '2025-04-21 23:36:49', '2025-04-21 23:36:49', 0);
INSERT INTO `base_dict_item` (`id`, `dict_id`, `value`, `label`, `tag_type`, `sort`, `status`, `created_by`, `updated_by`, `created_at`, `updated_at`, `deleted_at`) VALUES (40603, 4060, '3', '对帐失败', 'danger', 1, 1, 1, 1, '2025-04-21 23:36:49', '2025-04-21 23:36:49', 0);
INSERT INTO `base_dict_item` (`id`, `dict_id`, `value`, `label`, `tag_type`, `sort`, `status`, `created_by`, `updated_by`, `created_at`, `updated_at`, `deleted_at`) VALUES (50001, 5000, '1', '首页', '', 1, 1, 1, 1, '2025-03-17 02:21:43', '2025-03-17 02:21:43', 0);
INSERT INTO `base_dict_item` (`id`, `dict_id`, `value`, `label`, `tag_type`, `sort`, `status`, `created_by`, `updated_by`, `created_at`, `updated_at`, `deleted_at`) VALUES (50002, 5000, '2', '分类页', '', 2, 1, 1, 1, '2025-03-17 02:22:00', '2025-03-17 02:22:00', 0);
INSERT INTO `base_dict_item` (`id`, `dict_id`, `value`, `label`, `tag_type`, `sort`, `status`, `created_by`, `updated_by`, `created_at`, `updated_at`, `deleted_at`) VALUES (50101, 5010, '1', '商品详情', '', 1, 1, 1, 1, '2025-03-17 02:23:40', '2025-03-17 02:23:40', 0);
INSERT INTO `base_dict_item` (`id`, `dict_id`, `value`, `label`, `tag_type`, `sort`, `status`, `created_by`, `updated_by`, `created_at`, `updated_at`, `deleted_at`) VALUES (50102, 5010, '2', '分类详情', '', 2, 1, 1, 1, '2025-03-17 02:23:40', '2025-03-17 02:23:40', 0);
INSERT INTO `base_dict_item` (`id`, `dict_id`, `value`, `label`, `tag_type`, `sort`, `status`, `created_by`, `updated_by`, `created_at`, `updated_at`, `deleted_at`) VALUES (50103, 5010, '3', 'H5', '', 3, 1, 1, 1, '2025-03-17 02:23:49', '2025-03-17 02:23:49', 0);
INSERT INTO `base_dict_item` (`id`, `dict_id`, `value`, `label`, `tag_type`, `sort`, `status`, `created_by`, `updated_by`, `created_at`, `updated_at`, `deleted_at`) VALUES (50104, 5010, '4', '小程序', '', 4, 1, 1, 1, '2025-03-17 02:24:05', '2025-03-17 02:24:05', 0);
INSERT INTO `base_dict_item` (`id`, `dict_id`, `value`, `label`, `tag_type`, `sort`, `status`, `created_by`, `updated_by`, `created_at`, `updated_at`, `deleted_at`) VALUES (60001, 6000, '1', '未对比', 'danger', 1, 1, 1, 1, '2025-04-21 23:36:38', '2025-04-21 23:36:38', 0);
INSERT INTO `base_dict_item` (`id`, `dict_id`, `value`, `label`, `tag_type`, `sort`, `status`, `created_by`, `updated_by`, `created_at`, `updated_at`, `deleted_at`) VALUES (60002, 6000, '2', '无误差', 'success', 1, 1, 1, 1, '2025-04-21 23:36:38', '2025-04-21 23:36:38', 0);
INSERT INTO `base_dict_item` (`id`, `dict_id`, `value`, `label`, `tag_type`, `sort`, `status`, `created_by`, `updated_by`, `created_at`, `updated_at`, `deleted_at`) VALUES (60003, 6000, '3', '有误差', 'danger', 1, 1, 1, 1, '2025-04-21 23:36:49', '2025-04-21 23:36:49', 0);
INSERT INTO `base_dict_item` (`id`, `dict_id`, `value`, `label`, `tag_type`, `sort`, `status`, `created_by`, `updated_by`, `created_at`, `updated_at`, `deleted_at`) VALUES (70001, 7000, '1', '首页', '', 1, 1, 1, 1, '2026-04-18 00:00:00', '2026-04-18 00:00:00', 0);
INSERT INTO `base_dict_item` (`id`, `dict_id`, `value`, `label`, `tag_type`, `sort`, `status`, `created_by`, `updated_by`, `created_at`, `updated_at`, `deleted_at`) VALUES (70002, 7000, '2', '商品详情', '', 2, 1, 1, 1, '2026-04-18 00:00:00', '2026-04-18 00:00:00', 0);
INSERT INTO `base_dict_item` (`id`, `dict_id`, `value`, `label`, `tag_type`, `sort`, `status`, `created_by`, `updated_by`, `created_at`, `updated_at`, `deleted_at`) VALUES (70003, 7000, '3', '购物车', '', 3, 1, 1, 1, '2026-04-18 00:00:00', '2026-04-18 00:00:00', 0);
INSERT INTO `base_dict_item` (`id`, `dict_id`, `value`, `label`, `tag_type`, `sort`, `status`, `created_by`, `updated_by`, `created_at`, `updated_at`, `deleted_at`) VALUES (70004, 7000, '4', '个人中心', '', 4, 1, 1, 1, '2026-04-18 00:00:00', '2026-04-18 00:00:00', 0);
INSERT INTO `base_dict_item` (`id`, `dict_id`, `value`, `label`, `tag_type`, `sort`, `status`, `created_by`, `updated_by`, `created_at`, `updated_at`, `deleted_at`) VALUES (70005, 7000, '5', '订单详情', '', 5, 1, 1, 1, '2026-04-18 00:00:00', '2026-04-18 00:00:00', 0);
INSERT INTO `base_dict_item` (`id`, `dict_id`, `value`, `label`, `tag_type`, `sort`, `status`, `created_by`, `updated_by`, `created_at`, `updated_at`, `deleted_at`) VALUES (70006, 7000, '6', '支付成功', '', 6, 1, 1, 1, '2026-04-18 00:00:00', '2026-04-18 00:00:00', 0);
INSERT INTO `base_dict_item` (`id`, `dict_id`, `value`, `label`, `tag_type`, `sort`, `status`, `created_by`, `updated_by`, `created_at`, `updated_at`, `deleted_at`) VALUES (70101, 7010, '1', '曝光', '', 1, 1, 1, 1, '2026-04-20 00:00:00', '2026-04-20 00:00:00', 0);
INSERT INTO `base_dict_item` (`id`, `dict_id`, `value`, `label`, `tag_type`, `sort`, `status`, `created_by`, `updated_by`, `created_at`, `updated_at`, `deleted_at`) VALUES (70102, 7010, '2', '点击', '', 2, 1, 1, 1, '2026-04-20 00:00:00', '2026-04-20 00:00:00', 0);
INSERT INTO `base_dict_item` (`id`, `dict_id`, `value`, `label`, `tag_type`, `sort`, `status`, `created_by`, `updated_by`, `created_at`, `updated_at`, `deleted_at`) VALUES (70103, 7010, '3', '浏览', '', 3, 1, 1, 1, '2026-04-20 00:00:00', '2026-04-20 00:00:00', 0);
INSERT INTO `base_dict_item` (`id`, `dict_id`, `value`, `label`, `tag_type`, `sort`, `status`, `created_by`, `updated_by`, `created_at`, `updated_at`, `deleted_at`) VALUES (70104, 7010, '4', '收藏', '', 4, 1, 1, 1, '2026-04-20 00:00:00', '2026-04-20 00:00:00', 0);
INSERT INTO `base_dict_item` (`id`, `dict_id`, `value`, `label`, `tag_type`, `sort`, `status`, `created_by`, `updated_by`, `created_at`, `updated_at`, `deleted_at`) VALUES (70105, 7010, '5', '加购', '', 5, 1, 1, 1, '2026-04-20 00:00:00', '2026-04-20 00:00:00', 0);
INSERT INTO `base_dict_item` (`id`, `dict_id`, `value`, `label`, `tag_type`, `sort`, `status`, `created_by`, `updated_by`, `created_at`, `updated_at`, `deleted_at`) VALUES (70106, 7010, '6', '下单', '', 6, 1, 1, 1, '2026-04-20 00:00:00', '2026-04-20 00:00:00', 0);
INSERT INTO `base_dict_item` (`id`, `dict_id`, `value`, `label`, `tag_type`, `sort`, `status`, `created_by`, `updated_by`, `created_at`, `updated_at`, `deleted_at`) VALUES (70107, 7010, '7', '支付', '', 7, 1, 1, 1, '2026-04-20 00:00:00', '2026-04-20 00:00:00', 0);
INSERT INTO `base_dict_item` (`id`, `dict_id`, `value`, `label`, `tag_type`, `sort`, `status`, `created_by`, `updated_by`, `created_at`, `updated_at`, `deleted_at`) VALUES (70201, 7020, '1', '匿名', 'warning', 1, 1, 1, 1, '2026-04-24 00:00:00', '2026-04-24 00:00:00', 0);
INSERT INTO `base_dict_item` (`id`, `dict_id`, `value`, `label`, `tag_type`, `sort`, `status`, `created_by`, `updated_by`, `created_at`, `updated_at`, `deleted_at`) VALUES (70202, 7020, '2', '用户', 'success', 2, 1, 1, 1, '2026-04-24 00:00:00', '2026-04-24 00:00:00', 0);
INSERT INTO `base_dict_item` (`id`, `dict_id`, `value`, `label`, `tag_type`, `sort`, `status`, `created_by`, `updated_by`, `created_at`, `updated_at`, `deleted_at`) VALUES (70301, 7030, '1', 'Gorse', 'success', 1, 1, 1, 1, '2026-04-24 00:00:00', '2026-04-24 00:00:00', 0);
INSERT INTO `base_dict_item` (`id`, `dict_id`, `value`, `label`, `tag_type`, `sort`, `status`, `created_by`, `updated_by`, `created_at`, `updated_at`, `deleted_at`) VALUES (70302, 7030, '2', '本地', 'warning', 2, 1, 1, 1, '2026-04-24 00:00:00', '2026-04-24 00:00:00', 0);
INSERT INTO `base_dict_item` (`id`, `dict_id`, `value`, `label`, `tag_type`, `sort`, `status`, `created_by`, `updated_by`, `created_at`, `updated_at`, `deleted_at`) VALUES (70401, 7040, 'gorse:recommend', '个性化推荐', '', 1, 1, 1, 1, '2026-04-24 00:00:00', '2026-04-24 00:00:00', 0);
INSERT INTO `base_dict_item` (`id`, `dict_id`, `value`, `label`, `tag_type`, `sort`, `status`, `created_by`, `updated_by`, `created_at`, `updated_at`, `deleted_at`) VALUES (70402, 7040, 'gorse:user_to_user.similar_users', '相似用户推荐', '', 2, 1, 1, 1, '2026-04-24 00:00:00', '2026-04-24 00:00:00', 0);
INSERT INTO `base_dict_item` (`id`, `dict_id`, `value`, `label`, `tag_type`, `sort`, `status`, `created_by`, `updated_by`, `created_at`, `updated_at`, `deleted_at`) VALUES (70403, 7040, 'gorse:session', '会话推荐', '', 3, 1, 1, 1, '2026-04-24 00:00:00', '2026-04-24 00:00:00', 0);
INSERT INTO `base_dict_item` (`id`, `dict_id`, `value`, `label`, `tag_type`, `sort`, `status`, `created_by`, `updated_by`, `created_at`, `updated_at`, `deleted_at`) VALUES (70404, 7040, 'gorse:neighbors', '相邻商品推荐', '', 4, 1, 1, 1, '2026-04-24 00:00:00', '2026-04-24 00:00:00', 0);
INSERT INTO `base_dict_item` (`id`, `dict_id`, `value`, `label`, `tag_type`, `sort`, `status`, `created_by`, `updated_by`, `created_at`, `updated_at`, `deleted_at`) VALUES (70405, 7040, 'gorse:item_to_item.goods_relation', '商品关联推荐', '', 5, 1, 1, 1, '2026-04-24 00:00:00', '2026-04-24 00:00:00', 0);
INSERT INTO `base_dict_item` (`id`, `dict_id`, `value`, `label`, `tag_type`, `sort`, `status`, `created_by`, `updated_by`, `created_at`, `updated_at`, `deleted_at`) VALUES (70406, 7040, 'gorse:non_personalized.hot_30d', '30天热门商品', '', 6, 1, 1, 1, '2026-04-24 00:00:00', '2026-04-24 00:00:00', 0);
INSERT INTO `base_dict_item` (`id`, `dict_id`, `value`, `label`, `tag_type`, `sort`, `status`, `created_by`, `updated_by`, `created_at`, `updated_at`, `deleted_at`) VALUES (70407, 7040, 'gorse:non_personalized.hot_7d', '7天热门商品', '', 7, 1, 1, 1, '2026-04-24 00:00:00', '2026-04-24 00:00:00', 0);
INSERT INTO `base_dict_item` (`id`, `dict_id`, `value`, `label`, `tag_type`, `sort`, `status`, `created_by`, `updated_by`, `created_at`, `updated_at`, `deleted_at`) VALUES (70408, 7040, 'gorse:non_personalized.hot_pay_30d', '30天支付热门商品', '', 8, 1, 1, 1, '2026-04-24 00:00:00', '2026-04-24 00:00:00', 0);
INSERT INTO `base_dict_item` (`id`, `dict_id`, `value`, `label`, `tag_type`, `sort`, `status`, `created_by`, `updated_by`, `created_at`, `updated_at`, `deleted_at`) VALUES (70409, 7040, 'gorse:latest', '最新商品', '', 9, 1, 1, 1, '2026-04-24 00:00:00', '2026-04-24 00:00:00', 0);
INSERT INTO `base_dict_item` (`id`, `dict_id`, `value`, `label`, `tag_type`, `sort`, `status`, `created_by`, `updated_by`, `created_at`, `updated_at`, `deleted_at`) VALUES (70410, 7040, 'local:context.category_7d', '7天上下文类目推荐', '', 10, 1, 1, 1, '2026-04-24 00:00:00', '2026-04-24 00:00:00', 0);
INSERT INTO `base_dict_item` (`id`, `dict_id`, `value`, `label`, `tag_type`, `sort`, `status`, `created_by`, `updated_by`, `created_at`, `updated_at`, `deleted_at`) VALUES (70411, 7040, 'local:context.category_30d', '30天上下文类目推荐', '', 11, 1, 1, 1, '2026-04-24 00:00:00', '2026-04-24 00:00:00', 0);
INSERT INTO `base_dict_item` (`id`, `dict_id`, `value`, `label`, `tag_type`, `sort`, `status`, `created_by`, `updated_by`, `created_at`, `updated_at`, `deleted_at`) VALUES (70412, 7040, 'local:hot.7d', '7天热门商品', '', 12, 1, 1, 1, '2026-04-24 00:00:00', '2026-04-24 00:00:00', 0);
INSERT INTO `base_dict_item` (`id`, `dict_id`, `value`, `label`, `tag_type`, `sort`, `status`, `created_by`, `updated_by`, `created_at`, `updated_at`, `deleted_at`) VALUES (70413, 7040, 'local:hot.30d', '30天热门商品', '', 13, 1, 1, 1, '2026-04-24 00:00:00', '2026-04-24 00:00:00', 0);
INSERT INTO `base_dict_item` (`id`, `dict_id`, `value`, `label`, `tag_type`, `sort`, `status`, `created_by`, `updated_by`, `created_at`, `updated_at`, `deleted_at`) VALUES (70414, 7040, 'local:explore', '全量商品探索', '', 14, 1, 1, 1, '2026-04-24 00:00:00', '2026-04-24 00:00:00', 0);
INSERT INTO `base_dict_item` (`id`, `dict_id`, `value`, `label`, `tag_type`, `sort`, `status`, `created_by`, `updated_by`, `created_at`, `updated_at`, `deleted_at`) VALUES (80001, 8000, '1', '待审核', 'warning', 1, 1, 1, 1, '2026-04-28 00:00:00', '2026-04-28 00:00:00', 0);
INSERT INTO `base_dict_item` (`id`, `dict_id`, `value`, `label`, `tag_type`, `sort`, `status`, `created_by`, `updated_by`, `created_at`, `updated_at`, `deleted_at`) VALUES (80002, 8000, '2', '审核通过', 'success', 2, 1, 1, 1, '2026-04-28 00:00:00', '2026-04-28 00:00:00', 0);
INSERT INTO `base_dict_item` (`id`, `dict_id`, `value`, `label`, `tag_type`, `sort`, `status`, `created_by`, `updated_by`, `created_at`, `updated_at`, `deleted_at`) VALUES (80003, 8000, '3', '审核不通过', 'danger', 3, 1, 1, 1, '2026-04-28 00:00:00', '2026-04-28 00:00:00', 0);
INSERT INTO `base_dict_item` (`id`, `dict_id`, `value`, `label`, `tag_type`, `sort`, `status`, `created_by`, `updated_by`, `created_at`, `updated_at`, `deleted_at`) VALUES (80101, 8010, '1', '商品详情摘要', '', 1, 1, 1, 1, '2026-04-28 00:00:00', '2026-04-28 00:00:00', 0);
INSERT INTO `base_dict_item` (`id`, `dict_id`, `value`, `label`, `tag_type`, `sort`, `status`, `created_by`, `updated_by`, `created_at`, `updated_at`, `deleted_at`) VALUES (80102, 8010, '2', '评价列表摘要', '', 2, 1, 1, 1, '2026-04-28 00:00:00', '2026-04-28 00:00:00', 0);
INSERT INTO `base_dict_item` (`id`, `dict_id`, `value`, `label`, `tag_type`, `sort`, `status`, `created_by`, `updated_by`, `created_at`, `updated_at`, `deleted_at`) VALUES (80201, 8020, '1', '评论', '', 1, 1, 1, 1, '2026-04-28 00:00:00', '2026-04-28 00:00:00', 0);
INSERT INTO `base_dict_item` (`id`, `dict_id`, `value`, `label`, `tag_type`, `sort`, `status`, `created_by`, `updated_by`, `created_at`, `updated_at`, `deleted_at`) VALUES (80202, 8020, '2', '讨论', '', 2, 1, 1, 1, '2026-04-28 00:00:00', '2026-04-28 00:00:00', 0);
INSERT INTO `base_dict_item` (`id`, `dict_id`, `value`, `label`, `tag_type`, `sort`, `status`, `created_by`, `updated_by`, `created_at`, `updated_at`, `deleted_at`) VALUES (80203, 8020, '3', '评价摘要', '', 3, 1, 1, 1, '2026-04-28 00:00:00', '2026-04-28 00:00:00', 0);
INSERT INTO `base_dict_item` (`id`, `dict_id`, `value`, `label`, `tag_type`, `sort`, `status`, `created_by`, `updated_by`, `created_at`, `updated_at`, `deleted_at`) VALUES (80301, 8030, '1', '点赞', 'success', 1, 1, 1, 1, '2026-04-28 00:00:00', '2026-04-28 00:00:00', 0);
INSERT INTO `base_dict_item` (`id`, `dict_id`, `value`, `label`, `tag_type`, `sort`, `status`, `created_by`, `updated_by`, `created_at`, `updated_at`, `deleted_at`) VALUES (80302, 8030, '2', '点踩', 'danger', 2, 1, 1, 1, '2026-04-28 00:00:00', '2026-04-28 00:00:00', 0);
INSERT INTO `base_dict_item` (`id`, `dict_id`, `value`, `label`, `tag_type`, `sort`, `status`, `created_by`, `updated_by`, `created_at`, `updated_at`, `deleted_at`) VALUES (80401, 8040, '1', '评论', '', 1, 1, 1, 1, '2026-04-28 00:00:00', '2026-04-28 00:00:00', 0);
INSERT INTO `base_dict_item` (`id`, `dict_id`, `value`, `label`, `tag_type`, `sort`, `status`, `created_by`, `updated_by`, `created_at`, `updated_at`, `deleted_at`) VALUES (80402, 8040, '2', '讨论', '', 2, 1, 1, 1, '2026-04-28 00:00:00', '2026-04-28 00:00:00', 0);
INSERT INTO `base_dict_item` (`id`, `dict_id`, `value`, `label`, `tag_type`, `sort`, `status`, `created_by`, `updated_by`, `created_at`, `updated_at`, `deleted_at`) VALUES (80501, 8050, '1', 'AI审核', 'success', 1, 1, 1, 1, '2026-04-28 00:00:00', '2026-04-28 00:00:00', 0);
INSERT INTO `base_dict_item` (`id`, `dict_id`, `value`, `label`, `tag_type`, `sort`, `status`, `created_by`, `updated_by`, `created_at`, `updated_at`, `deleted_at`) VALUES (80502, 8050, '2', '人工审核', 'primary', 2, 1, 1, 1, '2026-04-28 00:00:00', '2026-04-28 00:00:00', 0);
INSERT INTO `base_dict_item` (`id`, `dict_id`, `value`, `label`, `tag_type`, `sort`, `status`, `created_by`, `updated_by`, `created_at`, `updated_at`, `deleted_at`) VALUES (80601, 8060, '1', '通过', 'success', 1, 1, 1, 1, '2026-04-28 00:00:00', '2026-04-28 00:00:00', 0);
INSERT INTO `base_dict_item` (`id`, `dict_id`, `value`, `label`, `tag_type`, `sort`, `status`, `created_by`, `updated_by`, `created_at`, `updated_at`, `deleted_at`) VALUES (80602, 8060, '2', '不通过', 'danger', 2, 1, 1, 1, '2026-04-28 00:00:00', '2026-04-28 00:00:00', 0);
INSERT INTO `base_dict_item` (`id`, `dict_id`, `value`, `label`, `tag_type`, `sort`, `status`, `created_by`, `updated_by`, `created_at`, `updated_at`, `deleted_at`) VALUES (80603, 8060, '3', '异常', 'warning', 3, 1, 1, 1, '2026-04-28 00:00:00', '2026-04-28 00:00:00', 0);
INSERT INTO `base_dict_item` (`id`, `dict_id`, `value`, `label`, `tag_type`, `sort`, `status`, `created_by`, `updated_by`, `created_at`, `updated_at`, `deleted_at`) VALUES (81001, 8100, 'system', '系统管理', '', 1, 1, 1, 1, '2026-07-22 00:00:00', '2026-07-22 00:00:00', 0);
INSERT INTO `base_dict_item` (`id`, `dict_id`, `value`, `label`, `tag_type`, `sort`, `status`, `created_by`, `updated_by`, `created_at`, `updated_at`, `deleted_at`) VALUES (81002, 8100, 'shop', '商城', '', 2, 1, 1, 1, '2026-07-22 00:00:00', '2026-07-22 00:00:00', 0);

TRUNCATE TABLE `base_job`;
INSERT INTO `base_job` (`id`, `name`, `invoke_target`, `args`, `cron_expression`, `status`, `entry_id`, `created_by`, `updated_by`, `created_at`, `updated_at`, `deleted_at`) VALUES (1, '申请交易账单', 'TradeBill', '[{\"key\":\"billDate\"}]', '0 0 1 * * ?', 1, 0, 1, 1, '2025-04-21 10:52:17', '2026-04-06 07:31:57', 0);
INSERT INTO `base_job` (`id`, `name`, `invoke_target`, `args`, `cron_expression`, `status`, `entry_id`, `created_by`, `updated_by`, `created_at`, `updated_at`, `deleted_at`) VALUES (2, '订单日汇总', 'OrderStatDay', '[{\"key\":\"statDate\"}]', '0 10 0 * * ?', 1, 0, 1, 1, '2026-04-03 00:00:00', '2026-04-06 07:31:29', 0);
INSERT INTO `base_job` (`id`, `name`, `invoke_target`, `args`, `cron_expression`, `status`, `entry_id`, `created_by`, `updated_by`, `created_at`, `updated_at`, `deleted_at`) VALUES (3, '商品日汇总', 'GoodsStatDay', '[{\"key\":\"statDate\"}]', '0 20 0 * * ?', 1, 0, 1, 1, '2026-04-08 00:00:00', '2026-04-08 00:00:00', 0);
INSERT INTO `base_job` (`id`, `name`, `invoke_target`, `args`, `cron_expression`, `status`, `entry_id`, `created_by`, `updated_by`, `created_at`, `updated_at`, `deleted_at`) VALUES (4, '推荐服务主数据同步', 'RecommendSync', '[{\"key\":\"batchSize\",\"value\":\"200\"}]', '0 30 1 * * ?', 1, 0, 1, 1, '2026-04-21 00:00:00', '2026-04-21 00:00:00', 0);
INSERT INTO `base_job` (`id`, `name`, `invoke_target`, `args`, `cron_expression`, `status`, `entry_id`, `created_by`, `updated_by`, `created_at`, `updated_at`, `deleted_at`) VALUES (5, '评价自动审核补偿', 'CommentAuditRetry', '[{\"key\":\"batchSize\",\"value\":\"50\"},{\"key\":\"retryDelayMinutes\",\"value\":\"3\"},{\"key\":\"maxRetry\",\"value\":\"3\"}]', '0 */5 * * * ?', 1, 0, 1, 1, '2026-05-22 00:00:00', '2026-05-22 00:00:00', 0);

INSERT INTO `base_job` (`id`, `name`, `invoke_target`, `args`, `cron_expression`, `status`, `entry_id`, `created_by`, `updated_by`, `created_at`, `updated_at`, `deleted_at`) VALUES (6, '退款状态补偿', 'OrderRefundRetry', '[{\"key\":\"batchSize\",\"value\":\"100\"},{\"key\":\"retryDelayMinutes\",\"value\":\"5\"}]', '0 * * * * ?', 1, 0, 1, 1, '2026-07-17 00:00:00', '2026-07-17 00:00:00', 0);

TRUNCATE TABLE `base_tenant`;
INSERT INTO `base_tenant` (`id`, `code`, `name`, `contact_name`, `contact_phone`, `status`, `remark`, `created_by`, `updated_by`, `created_at`, `updated_at`, `deleted_at`) VALUES (1, '0000', '默认租户', '', '', 1, '系统默认租户', 1, 1, '2026-06-30 00:00:00', '2026-06-30 00:00:00', 0);

TRUNCATE TABLE `base_menu`;
INSERT INTO `base_menu` (`id`, `parent_id`, `type`, `path`, `name`, `component`, `redirect`, `meta`, `api`, `sort`, `status`, `created_by`, `updated_by`, `created_at`, `updated_at`, `deleted_at`) VALUES (100, 0, 1, '', '', 'Layout', '/dashboard/workspace', '{\"icon\": \"HomeFilled\", \"title\": \"首页\", \"hidden\": false, \"keep_alive\": false, \"always_show\": false}', '[]', 1, 1, 1, 1, '2025-04-14 09:29:19', '2025-04-18 10:18:39', 0);
INSERT INTO `base_menu` (`id`, `parent_id`, `type`, `path`, `name`, `component`, `redirect`, `meta`, `api`, `sort`, `status`, `created_by`, `updated_by`, `created_at`, `updated_at`, `deleted_at`) VALUES (10001, 100, 2, 'dashboard/workspace', 'DashboardWorkspace', 'shop/dashboard/workspace/index', '', '{\"icon\": \"Odometer\", \"title\": \"工作台\", \"hidden\": false, \"keep_alive\": false, \"always_show\": true}', '[\"/shop.admin.v1.WorkspaceService/SummaryWorkspaceMetrics\", \"/shop.admin.v1.WorkspaceService/SummaryWorkspaceTodo\", \"/shop.admin.v1.WorkspaceService/SummaryWorkspaceRisk\", \"/shop.admin.v1.WorkspaceService/SummaryWorkspaceReputation\", \"/shop.admin.v1.WorkspaceService/ListWorkspacePendingComment\", \"/shop.admin.v1.TenantStoreService/OptionTenantStore\", \"/shop.admin.v1.TenantStoreService/TreeTenantStore\"]', 1, 1, 1, 1, '2026-03-26 10:50:42', '2026-03-26 10:50:47', 0);
INSERT INTO `base_menu` (`id`, `parent_id`, `type`, `path`, `name`, `component`, `redirect`, `meta`, `api`, `sort`, `status`, `created_by`, `updated_by`, `created_at`, `updated_at`, `deleted_at`) VALUES (10002, 100, 1, '', '', 'Layout', '', '{\"icon\": \"DataAnalysis\", \"title\": \"数据分析\", \"hidden\": false, \"keep_alive\": false, \"always_show\": true}', '[]', 3, 1, 1, 1, '2025-04-14 09:31:57', '2026-05-09 00:00:00', 0);
INSERT INTO `base_menu` (`id`, `parent_id`, `type`, `path`, `name`, `component`, `redirect`, `meta`, `api`, `sort`, `status`, `created_by`, `updated_by`, `created_at`, `updated_at`, `deleted_at`) VALUES (1000201, 10002, 2, 'analytics/user', 'AnalyticsUser', 'shop/analytics/user/index', '', '{\"icon\": \"User\", \"title\": \"用户分析\", \"hidden\": false, \"keep_alive\": false, \"always_show\": false}', '[\"/shop.admin.v1.UserAnalyticsService/SummaryUserAnalytics\", \"/shop.admin.v1.UserAnalyticsService/TrendUserAnalytics\", \"/shop.admin.v1.UserAnalyticsService/RankUserAnalytics\"]', 1, 1, 1, 1, '2026-04-03 00:00:00', '2026-04-03 00:00:00', 0);
INSERT INTO `base_menu` (`id`, `parent_id`, `type`, `path`, `name`, `component`, `redirect`, `meta`, `api`, `sort`, `status`, `created_by`, `updated_by`, `created_at`, `updated_at`, `deleted_at`) VALUES (1000202, 10002, 2, 'analytics/goods', 'AnalyticsGoods', 'shop/analytics/goods/index', '', '{\"icon\": \"Goods\", \"title\": \"商品分析\", \"hidden\": false, \"keep_alive\": false, \"always_show\": false}', '[\"/shop.admin.v1.GoodsAnalyticsService/SummaryGoodsAnalytics\", \"/shop.admin.v1.GoodsAnalyticsService/TrendGoodsAnalytics\", \"/shop.admin.v1.GoodsAnalyticsService/PieGoodsAnalytics\", \"/shop.admin.v1.GoodsAnalyticsService/RankGoodsAnalytics\"]', 2, 1, 1, 1, '2026-04-03 00:00:00', '2026-04-03 00:00:00', 0);
INSERT INTO `base_menu` (`id`, `parent_id`, `type`, `path`, `name`, `component`, `redirect`, `meta`, `api`, `sort`, `status`, `created_by`, `updated_by`, `created_at`, `updated_at`, `deleted_at`) VALUES (1000203, 10002, 2, 'analytics/order', 'AnalyticsOrder', 'shop/analytics/order/index', '', '{\"icon\": \"Document\", \"title\": \"订单分析\", \"hidden\": false, \"keep_alive\": false, \"always_show\": false}', '[\"/shop.admin.v1.OrderAnalyticsService/SummaryOrderAnalytics\", \"/shop.admin.v1.OrderAnalyticsService/TrendOrderAnalytics\", \"/shop.admin.v1.OrderAnalyticsService/PieOrderAnalytics\", \"/shop.admin.v1.TenantStoreService/OptionTenantStore\", \"/shop.admin.v1.TenantStoreService/TreeTenantStore\"]', 3, 1, 1, 1, '2026-04-03 00:00:00', '2026-04-03 00:00:00', 0);
INSERT INTO `base_menu` (`id`, `parent_id`, `type`, `path`, `name`, `component`, `redirect`, `meta`, `api`, `sort`, `status`, `created_by`, `updated_by`, `created_at`, `updated_at`, `deleted_at`) VALUES (10003, 100, 1, '', '', 'Layout', '', '{\"icon\": \"Histogram\", \"title\": \"报表分析\", \"hidden\": false, \"keep_alive\": false, \"always_show\": true}', '[]', 4, 1, 1, 1, '2026-04-03 00:00:00', '2026-04-03 00:00:00', 0);
INSERT INTO `base_menu` (`id`, `parent_id`, `type`, `path`, `name`, `component`, `redirect`, `meta`, `api`, `sort`, `status`, `created_by`, `updated_by`, `created_at`, `updated_at`, `deleted_at`) VALUES (1000301, 10003, 2, 'report/order/month', 'ReportOrderMonth', 'shop/report/order/month/index', '', '{\"icon\": \"Tickets\", \"title\": \"订单月报\", \"hidden\": false, \"keep_alive\": false, \"always_show\": false}', '[\"/shop.admin.v1.OrderReportService/SummaryOrderMonthReport\", \"/shop.admin.v1.OrderReportService/ListOrderMonthReport\", \"/shop.admin.v1.TenantStoreService/OptionTenantStore\", \"/shop.admin.v1.TenantStoreService/TreeTenantStore\"]', 1, 1, 1, 1, '2026-04-03 00:00:00', '2026-04-03 00:00:00', 0);
INSERT INTO `base_menu` (`id`, `parent_id`, `type`, `path`, `name`, `component`, `redirect`, `meta`, `api`, `sort`, `status`, `created_by`, `updated_by`, `created_at`, `updated_at`, `deleted_at`) VALUES (1000302, 10003, 2, 'report/order/day', 'ReportOrderDay', 'shop/report/order/day/index', '', '{\"icon\": \"Tickets\", \"title\": \"订单日报\", \"hidden\": true, \"keep_alive\": false, \"always_show\": false}', '[\"/shop.admin.v1.OrderReportService/SummaryOrderDayReport\", \"/shop.admin.v1.OrderReportService/ListOrderDayReport\", \"/shop.admin.v1.TenantStoreService/OptionTenantStore\", \"/shop.admin.v1.TenantStoreService/TreeTenantStore\"]', 2, 1, 1, 1, '2026-04-05 00:00:00', '2026-04-05 00:00:00', 0);
INSERT INTO `base_menu` (`id`, `parent_id`, `type`, `path`, `name`, `component`, `redirect`, `meta`, `api`, `sort`, `status`, `created_by`, `updated_by`, `created_at`, `updated_at`, `deleted_at`) VALUES (1000303, 10003, 2, 'report/goods/month', 'ReportGoodsMonth', 'shop/report/goods/month/index', '', '{\"icon\": \"Goods\", \"title\": \"商品月报\", \"hidden\": false, \"keep_alive\": false, \"always_show\": false}', '[\"/shop.admin.v1.GoodsReportService/SummaryGoodsMonthReport\", \"/shop.admin.v1.GoodsReportService/ListGoodsMonthReport\"]', 2, 1, 1, 1, '2026-04-15 00:00:00', '2026-04-15 00:00:00', 0);
INSERT INTO `base_menu` (`id`, `parent_id`, `type`, `path`, `name`, `component`, `redirect`, `meta`, `api`, `sort`, `status`, `created_by`, `updated_by`, `created_at`, `updated_at`, `deleted_at`) VALUES (1000304, 10003, 2, 'report/goods/day', 'ReportGoodsDay', 'shop/report/goods/day/index', '', '{\"icon\": \"Goods\", \"title\": \"商品日报\", \"hidden\": true, \"keep_alive\": false, \"always_show\": false}', '[\"/shop.admin.v1.GoodsReportService/SummaryGoodsDayReport\", \"/shop.admin.v1.GoodsReportService/ListGoodsDayReport\"]', 4, 1, 1, 1, '2026-04-15 00:00:00', '2026-04-15 00:00:00', 0);
INSERT INTO `base_menu` (`id`, `parent_id`, `type`, `path`, `name`, `component`, `redirect`, `meta`, `api`, `sort`, `status`, `created_by`, `updated_by`, `created_at`, `updated_at`, `deleted_at`) VALUES (10004, 100, 2, 'ai/chat', 'AiChat', 'base/ai/chat/index', '', '{\"icon\": \"ChatDotRound\", \"title\": \"AI助手\", \"hidden\": true, \"keep_alive\": false, \"always_show\": false}', '[\"/base.v1.AiToolService/ListAiShortcut\", \"/base.v1.AiSessionService/ListAiSession\", \"/base.v1.AiSessionService/CreateAiSession\", \"/base.v1.AiSessionService/UpdateAiSession\", \"/base.v1.AiSessionService/DeleteAiSession\", \"/base.v1.AiSessionService/ListAiMessage\", \"/base.v1.AiSessionService/CreateAiSessionBranch\", \"/base.v1.AiMessageService/SendAiMessage\", \"/base.v1.AiMessageService/DeleteAiMessage\", \"/base.v1.AiMessageService/UpdateAiMessage\", \"/base.v1.AiMessageService/RetryAiUserMessage\", \"/base.v1.AiMessageService/RegenerateAiMessage\"]', 2, 1, 1, 1, '2026-05-11 00:00:00', '2026-05-22 00:00:00', 0);
INSERT INTO `base_menu` (`id`, `parent_id`, `type`, `path`, `name`, `component`, `redirect`, `meta`, `api`, `sort`, `status`, `created_by`, `updated_by`, `created_at`, `updated_at`, `deleted_at`) VALUES (10005, 100, 2, 'profile', 'Profile', 'system/profile/index', '', '{\"icon\": \"UserFilled\", \"title\": \"个人信息\", \"hidden\": true}', '[\"/system.admin.v1.AuthService/ListUserButton\", \"/system.admin.v1.AuthService/GetUserInfo\", \"/system.admin.v1.AuthService/TreeUserMenu\", \"/system.admin.v1.AuthService/GetUserProfile\", \"/system.admin.v1.AuthService/SendPhoneCode\", \"/system.admin.v1.AuthService/UpdateUserPhone\", \"/system.admin.v1.AuthService/UpdateUserProfile\", \"/system.admin.v1.AuthService/UpdateUserPassword\", \"/system.admin.v1.BaseDictService/OptionBaseDict\", \"/base.v1.FileService/DownloadFile\", \"/base.v1.FileService/MultiUploadFile\", \"/base.v1.FileService/UploadFile\", \"/base.v1.LoginService/Logout\", \"/base.v1.LoginService/RefreshToken\", \"/base.v1.OauthService/ListOauthBinding\", \"/base.v1.OauthService/CreateOauthBindingAuthorization\", \"/base.v1.OauthService/UnbindOauthAccount\"]', 5, 1, 1, 1, '2025-04-14 09:31:57', '2026-05-09 00:00:00', 0);
INSERT INTO `base_menu` (`id`, `parent_id`, `type`, `path`, `name`, `component`, `redirect`, `meta`, `api`, `sort`, `status`, `created_by`, `updated_by`, `created_at`, `updated_at`, `deleted_at`) VALUES (200, 0, 1, '', '', 'Layout', '', '{\"icon\": \"Setting\", \"title\": \"系统管理\", \"hidden\": false, \"keep_alive\": false, \"always_show\": true}', '[]', 10, 1, 1, 1, '2025-03-13 09:52:57', '2025-04-18 10:18:39', 0);
INSERT INTO `base_menu` (`id`, `parent_id`, `type`, `path`, `name`, `component`, `redirect`, `meta`, `api`, `sort`, `status`, `created_by`, `updated_by`, `created_at`, `updated_at`, `deleted_at`) VALUES (20001, 200, 2, 'base/menu', 'BaseMenu', 'system/base/menu/index', '', '{\"icon\": \"Menu\", \"title\": \"菜单管理\", \"hidden\": false, \"keep_alive\": true, \"always_show\": false}', '[\"/system.admin.v1.BaseMenuService/TreeBaseMenu\"]', 100, 1, 1, 1, '2025-03-13 09:52:57', '2025-04-18 10:18:39', 0);
INSERT INTO `base_menu` (`id`, `parent_id`, `type`, `path`, `name`, `component`, `redirect`, `meta`, `api`, `sort`, `status`, `created_by`, `updated_by`, `created_at`, `updated_at`, `deleted_at`) VALUES (2000101, 20001, 3, 'base:menu:create', '', '', '', '{\"title\": \"新增菜单\"}', '[\"/system.admin.v1.BaseApiService/ListBaseApi\", \"/system.admin.v1.BaseMenuService/CreateBaseMenu\", \"/system.admin.v1.BaseMenuService/TreeBaseMenu\"]', 1, 1, 1, 1, '2025-03-13 09:52:57', '2025-04-18 10:18:39', 0);
INSERT INTO `base_menu` (`id`, `parent_id`, `type`, `path`, `name`, `component`, `redirect`, `meta`, `api`, `sort`, `status`, `created_by`, `updated_by`, `created_at`, `updated_at`, `deleted_at`) VALUES (2000102, 20001, 3, 'base:menu:delete', '', '', '', '{\"title\": \"删除菜单\"}', '[\"/system.admin.v1.BaseMenuService/DeleteBaseMenu\"]', 1, 1, 1, 1, '2025-03-13 09:52:57', '2025-04-18 10:18:39', 0);
INSERT INTO `base_menu` (`id`, `parent_id`, `type`, `path`, `name`, `component`, `redirect`, `meta`, `api`, `sort`, `status`, `created_by`, `updated_by`, `created_at`, `updated_at`, `deleted_at`) VALUES (2000103, 20001, 3, 'base:menu:update', '', '', '', '{\"title\": \"编辑菜单\"}', '[\"/system.admin.v1.BaseApiService/ListBaseApi\", \"/system.admin.v1.BaseMenuService/GetBaseMenu\", \"/system.admin.v1.BaseMenuService/TreeBaseMenu\", \"/system.admin.v1.BaseMenuService/UpdateBaseMenu\"]', 1, 1, 1, 1, '2025-03-13 09:52:57', '2025-04-18 10:18:39', 0);
INSERT INTO `base_menu` (`id`, `parent_id`, `type`, `path`, `name`, `component`, `redirect`, `meta`, `api`, `sort`, `status`, `created_by`, `updated_by`, `created_at`, `updated_at`, `deleted_at`) VALUES (2000104, 20001, 3, 'base:menu:status', '', '', '', '{\"title\": \"修改菜单状态\"}', '[\"/system.admin.v1.BaseMenuService/SetBaseMenuStatus\"]', 1, 1, 1, 1, '2025-03-13 09:52:57', '2025-04-18 10:18:39', 0);
INSERT INTO `base_menu` (`id`, `parent_id`, `type`, `path`, `name`, `component`, `redirect`, `meta`, `api`, `sort`, `status`, `created_by`, `updated_by`, `created_at`, `updated_at`, `deleted_at`) VALUES (20002, 200, 2, 'base/dict', 'BaseDict', 'system/base/dict/index', '', '{\"icon\": \"Files\", \"title\": \"字典管理\", \"hidden\": false, \"keep_alive\": true, \"always_show\": false}', '[\"/system.admin.v1.BaseDictService/PageBaseDict\"]', 110, 1, 1, 1, '2025-03-13 09:52:57', '2025-04-18 10:18:39', 0);
INSERT INTO `base_menu` (`id`, `parent_id`, `type`, `path`, `name`, `component`, `redirect`, `meta`, `api`, `sort`, `status`, `created_by`, `updated_by`, `created_at`, `updated_at`, `deleted_at`) VALUES (2000201, 20002, 3, 'base:dict:create', '', '', '', '{\"title\": \"新增字典\"}', '[\"/system.admin.v1.BaseDictService/CreateBaseDict\"]', 1, 1, 1, 1, '2025-03-13 09:52:57', '2025-04-18 10:18:39', 0);
INSERT INTO `base_menu` (`id`, `parent_id`, `type`, `path`, `name`, `component`, `redirect`, `meta`, `api`, `sort`, `status`, `created_by`, `updated_by`, `created_at`, `updated_at`, `deleted_at`) VALUES (2000202, 20002, 3, 'base:dict:delete', '', '', '', '{\"title\": \"删除字典\"}', '[\"/system.admin.v1.BaseDictService/DeleteBaseDict\"]', 1, 1, 1, 1, '2025-03-13 09:52:57', '2025-04-18 10:18:39', 0);
INSERT INTO `base_menu` (`id`, `parent_id`, `type`, `path`, `name`, `component`, `redirect`, `meta`, `api`, `sort`, `status`, `created_by`, `updated_by`, `created_at`, `updated_at`, `deleted_at`) VALUES (2000203, 20002, 3, 'base:dict:update', '', '', '', '{\"title\": \"编辑字典\"}', '[\"/system.admin.v1.BaseDictService/GetBaseDict\", \"/system.admin.v1.BaseDictService/UpdateBaseDict\"]', 1, 1, 1, 1, '2025-03-13 09:52:57', '2025-04-18 10:18:39', 0);
INSERT INTO `base_menu` (`id`, `parent_id`, `type`, `path`, `name`, `component`, `redirect`, `meta`, `api`, `sort`, `status`, `created_by`, `updated_by`, `created_at`, `updated_at`, `deleted_at`) VALUES (2000204, 20002, 3, 'base:dict:status', '', '', '', '{\"title\": \"修改字典状态\"}', '[\"/system.admin.v1.BaseDictService/SetBaseDictStatus\"]', 1, 1, 1, 1, '2025-03-13 09:52:57', '2025-04-18 10:18:39', 0);
INSERT INTO `base_menu` (`id`, `parent_id`, `type`, `path`, `name`, `component`, `redirect`, `meta`, `api`, `sort`, `status`, `created_by`, `updated_by`, `created_at`, `updated_at`, `deleted_at`) VALUES (2000205, 20002, 3, 'base:dict:items', '', '', '', '{\"title\": \"字典属性\"}', '[]', 0, 1, 1, 1, '2025-03-13 09:52:57', '2025-04-18 10:18:39', 0);
INSERT INTO `base_menu` (`id`, `parent_id`, `type`, `path`, `name`, `component`, `redirect`, `meta`, `api`, `sort`, `status`, `created_by`, `updated_by`, `created_at`, `updated_at`, `deleted_at`) VALUES (20003, 200, 2, 'base/dict/item', 'BaseDictItem', 'system/base/dict/item', '', '{\"icon\": \"Files\", \"title\": \"字典数据\", \"hidden\": true, \"keep_alive\": true, \"always_show\": false}', '[\"/system.admin.v1.BaseDictService/PageBaseDictItem\"]', 120, 1, 1, 1, '2025-03-13 09:52:57', '2025-04-18 10:18:39', 0);
INSERT INTO `base_menu` (`id`, `parent_id`, `type`, `path`, `name`, `component`, `redirect`, `meta`, `api`, `sort`, `status`, `created_by`, `updated_by`, `created_at`, `updated_at`, `deleted_at`) VALUES (2000301, 20003, 3, 'base:dict-item:create', '', '', '', '{\"title\": \"新增字典数据\"}', '[\"/system.admin.v1.BaseDictService/CreateBaseDictItem\"]', 1, 1, 1, 1, '2025-03-13 09:52:57', '2025-04-18 10:18:39', 0);
INSERT INTO `base_menu` (`id`, `parent_id`, `type`, `path`, `name`, `component`, `redirect`, `meta`, `api`, `sort`, `status`, `created_by`, `updated_by`, `created_at`, `updated_at`, `deleted_at`) VALUES (2000302, 20003, 3, 'base:dict-item:delete', '', '', '', '{\"title\": \"删除字典数据\"}', '[\"/system.admin.v1.BaseDictService/DeleteBaseDictItem\"]', 1, 1, 1, 1, '2025-03-13 09:52:57', '2025-04-18 10:18:39', 0);
INSERT INTO `base_menu` (`id`, `parent_id`, `type`, `path`, `name`, `component`, `redirect`, `meta`, `api`, `sort`, `status`, `created_by`, `updated_by`, `created_at`, `updated_at`, `deleted_at`) VALUES (2000303, 20003, 3, 'base:dict-item:update', '', '', '', '{\"title\": \"编辑字典数据\"}', '[\"/system.admin.v1.BaseDictService/GetBaseDictItem\", \"/system.admin.v1.BaseDictService/UpdateBaseDictItem\"]', 1, 1, 1, 1, '2025-03-13 09:52:57', '2025-04-18 10:18:39', 0);
INSERT INTO `base_menu` (`id`, `parent_id`, `type`, `path`, `name`, `component`, `redirect`, `meta`, `api`, `sort`, `status`, `created_by`, `updated_by`, `created_at`, `updated_at`, `deleted_at`) VALUES (2000304, 20003, 3, 'base:dict-item:status', '', '', '', '{\"title\": \"修改字典数据状态\"}', '[\"/system.admin.v1.BaseDictService/SetBaseDictItemStatus\"]', 1, 1, 1, 1, '2025-03-13 09:52:57', '2025-04-18 10:18:39', 0);
INSERT INTO `base_menu` (`id`, `parent_id`, `type`, `path`, `name`, `component`, `redirect`, `meta`, `api`, `sort`, `status`, `created_by`, `updated_by`, `created_at`, `updated_at`, `deleted_at`) VALUES (20004, 200, 2, 'base/config', 'BaseConfig', 'system/base/config/index', '', '{\"icon\": \"Setting\", \"title\": \"系统配置\", \"hidden\": false, \"keep_alive\": true, \"always_show\": false}', '[\"/system.admin.v1.BaseConfigService/PageBaseConfig\"]', 130, 1, 1, 1, '2025-03-15 06:59:20', '2025-04-18 10:18:39', 0);
INSERT INTO `base_menu` (`id`, `parent_id`, `type`, `path`, `name`, `component`, `redirect`, `meta`, `api`, `sort`, `status`, `created_by`, `updated_by`, `created_at`, `updated_at`, `deleted_at`) VALUES (2000401, 20004, 3, 'base:config:create', '', '', '', '{\"title\": \"新增配置\"}', '[\"/system.admin.v1.BaseConfigService/CreateBaseConfig\"]', 1, 1, 1, 1, '2025-03-13 09:52:57', '2025-04-18 10:18:39', 0);
INSERT INTO `base_menu` (`id`, `parent_id`, `type`, `path`, `name`, `component`, `redirect`, `meta`, `api`, `sort`, `status`, `created_by`, `updated_by`, `created_at`, `updated_at`, `deleted_at`) VALUES (2000402, 20004, 3, 'base:config:delete', '', '', '', '{\"title\": \"删除配置\"}', '[\"/system.admin.v1.BaseConfigService/DeleteBaseConfig\"]', 1, 1, 1, 1, '2025-03-13 09:52:57', '2025-04-18 10:18:39', 0);
INSERT INTO `base_menu` (`id`, `parent_id`, `type`, `path`, `name`, `component`, `redirect`, `meta`, `api`, `sort`, `status`, `created_by`, `updated_by`, `created_at`, `updated_at`, `deleted_at`) VALUES (2000403, 20004, 3, 'base:config:update', '', '', '', '{\"title\": \"编辑配置\"}', '[\"/system.admin.v1.BaseConfigService/GetBaseConfig\", \"/system.admin.v1.BaseConfigService/UpdateBaseConfig\"]', 1, 1, 1, 1, '2025-03-13 09:52:57', '2025-04-18 10:18:39', 0);
INSERT INTO `base_menu` (`id`, `parent_id`, `type`, `path`, `name`, `component`, `redirect`, `meta`, `api`, `sort`, `status`, `created_by`, `updated_by`, `created_at`, `updated_at`, `deleted_at`) VALUES (2000404, 20004, 3, 'base:config:status', '', '', '', '{\"title\": \"修改配置状态\"}', '[\"/system.admin.v1.BaseConfigService/SetBaseConfigStatus\"]', 1, 1, 1, 1, '2025-03-13 09:52:57', '2025-04-18 10:18:39', 0);
INSERT INTO `base_menu` (`id`, `parent_id`, `type`, `path`, `name`, `component`, `redirect`, `meta`, `api`, `sort`, `status`, `created_by`, `updated_by`, `created_at`, `updated_at`, `deleted_at`) VALUES (2000405, 20004, 3, 'base:config:refresh', '', '', '', '{\"title\": \"刷新配置缓存\"}', '[\"/system.admin.v1.BaseConfigService/RefreshBaseConfigCache\"]', 1, 1, 1, 1, '2025-03-13 09:52:57', '2025-04-18 10:18:39', 0);
INSERT INTO `base_menu` (`id`, `parent_id`, `type`, `path`, `name`, `component`, `redirect`, `meta`, `api`, `sort`, `status`, `created_by`, `updated_by`, `created_at`, `updated_at`, `deleted_at`) VALUES (20005, 200, 2, 'base/job', 'BaseJob', 'system/base/job/index', '', '{\"icon\": \"Timer\", \"title\": \"定时任务\", \"hidden\": false, \"keep_alive\": true, \"always_show\": false}', '[\"/system.admin.v1.BaseJobService/PageBaseJob\"]', 140, 1, 1, 1, '2025-03-15 06:59:20', '2025-04-18 10:18:39', 0);
INSERT INTO `base_menu` (`id`, `parent_id`, `type`, `path`, `name`, `component`, `redirect`, `meta`, `api`, `sort`, `status`, `created_by`, `updated_by`, `created_at`, `updated_at`, `deleted_at`) VALUES (2000501, 20005, 3, 'base:job:create', '', '', '', '{\"title\": \"新增定时任务\"}', '[\"/system.admin.v1.BaseJobService/CreateBaseJob\"]', 1, 1, 1, 1, '2025-03-13 09:52:57', '2025-04-18 10:18:39', 0);
INSERT INTO `base_menu` (`id`, `parent_id`, `type`, `path`, `name`, `component`, `redirect`, `meta`, `api`, `sort`, `status`, `created_by`, `updated_by`, `created_at`, `updated_at`, `deleted_at`) VALUES (2000502, 20005, 3, 'base:job:delete', '', '', '', '{\"title\": \"删除定时任务\"}', '[\"/system.admin.v1.BaseJobService/DeleteBaseJob\"]', 1, 1, 1, 1, '2025-03-13 09:52:57', '2025-04-18 10:18:39', 0);
INSERT INTO `base_menu` (`id`, `parent_id`, `type`, `path`, `name`, `component`, `redirect`, `meta`, `api`, `sort`, `status`, `created_by`, `updated_by`, `created_at`, `updated_at`, `deleted_at`) VALUES (2000503, 20005, 3, 'base:job:update', '', '', '', '{\"title\": \"编辑定时任务\"}', '[\"/system.admin.v1.BaseJobService/GetBaseJob\", \"/system.admin.v1.BaseJobService/UpdateBaseJob\"]', 1, 1, 1, 1, '2025-03-13 09:52:57', '2025-04-18 10:18:39', 0);
INSERT INTO `base_menu` (`id`, `parent_id`, `type`, `path`, `name`, `component`, `redirect`, `meta`, `api`, `sort`, `status`, `created_by`, `updated_by`, `created_at`, `updated_at`, `deleted_at`) VALUES (2000504, 20005, 3, 'base:job:status', '', '', '', '{\"title\": \"修改定时任务状态\"}', '[\"/system.admin.v1.BaseJobService/SetBaseJobStatus\"]', 1, 1, 1, 1, '2025-03-13 09:52:57', '2025-04-18 10:18:39', 0);
INSERT INTO `base_menu` (`id`, `parent_id`, `type`, `path`, `name`, `component`, `redirect`, `meta`, `api`, `sort`, `status`, `created_by`, `updated_by`, `created_at`, `updated_at`, `deleted_at`) VALUES (2000505, 20005, 3, 'base:job:start', '', '', '', '{\"title\": \"启动定时任务\"}', '[\"/system.admin.v1.BaseJobService/StartBaseJob\"]', 1, 1, 1, 1, '2025-03-13 09:52:57', '2025-04-18 10:18:39', 0);
INSERT INTO `base_menu` (`id`, `parent_id`, `type`, `path`, `name`, `component`, `redirect`, `meta`, `api`, `sort`, `status`, `created_by`, `updated_by`, `created_at`, `updated_at`, `deleted_at`) VALUES (2000506, 20005, 3, 'base:job:stop', '', '', '', '{\"title\": \"停止定时任务\"}', '[\"/system.admin.v1.BaseJobService/StopBaseJob\"]', 1, 1, 1, 1, '2025-03-13 09:52:57', '2025-04-18 10:18:39', 0);
INSERT INTO `base_menu` (`id`, `parent_id`, `type`, `path`, `name`, `component`, `redirect`, `meta`, `api`, `sort`, `status`, `created_by`, `updated_by`, `created_at`, `updated_at`, `deleted_at`) VALUES (2000507, 20005, 3, 'base:job:exec', '', '', '', '{\"title\": \"执行定时任务\"}', '[\"/system.admin.v1.BaseJobService/ExecuteBaseJob\"]', 1, 1, 1, 1, '2025-03-13 09:52:57', '2025-04-18 10:18:39', 0);
INSERT INTO `base_menu` (`id`, `parent_id`, `type`, `path`, `name`, `component`, `redirect`, `meta`, `api`, `sort`, `status`, `created_by`, `updated_by`, `created_at`, `updated_at`, `deleted_at`) VALUES (2000508, 20005, 3, 'base:job:log', '', '', '', '{\"title\": \"定时任务日志\"}', '[]', 1, 1, 1, 1, '2025-03-13 09:52:57', '2025-04-18 10:18:39', 0);
INSERT INTO `base_menu` (`id`, `parent_id`, `type`, `path`, `name`, `component`, `redirect`, `meta`, `api`, `sort`, `status`, `created_by`, `updated_by`, `created_at`, `updated_at`, `deleted_at`) VALUES (20006, 200, 2, 'base/job/log', 'BaseJobLog', 'system/base/job/log', '', '{\"icon\": \"Document\", \"title\": \"定时任务日志\", \"hidden\": true, \"keep_alive\": true, \"always_show\": false}', '[\"/system.admin.v1.BaseJobService/PageBaseJobLog\"]', 150, 1, 1, 1, '2025-03-15 07:07:48', '2025-04-18 10:18:39', 0);
INSERT INTO `base_menu` (`id`, `parent_id`, `type`, `path`, `name`, `component`, `redirect`, `meta`, `api`, `sort`, `status`, `created_by`, `updated_by`, `created_at`, `updated_at`, `deleted_at`) VALUES (2000601, 20006, 3, 'base:job-log:info', '', '', '', '{\"title\": \"查询定时任务日志详情\"}', '[\"/system.admin.v1.BaseJobService/GetBaseJobLog\"]', 1, 1, 1, 1, '2025-03-13 09:52:57', '2025-04-18 10:18:39', 0);
INSERT INTO `base_menu` (`id`, `parent_id`, `type`, `path`, `name`, `component`, `redirect`, `meta`, `api`, `sort`, `status`, `created_by`, `updated_by`, `created_at`, `updated_at`, `deleted_at`) VALUES (20007, 200, 2, 'base/api', 'BaseApi', 'system/base/api/index', '', '{\"icon\": \"Connection\", \"title\": \"API管理\", \"hidden\": false, \"keep_alive\": true, \"always_show\": false}', '[\"/system.admin.v1.BaseApiService/PageBaseApi\"]', 160, 1, 1, 1, '2025-03-15 07:07:48', '2025-04-18 10:18:39', 0);
INSERT INTO `base_menu` (`id`, `parent_id`, `type`, `path`, `name`, `component`, `redirect`, `meta`, `api`, `sort`, `status`, `created_by`, `updated_by`, `created_at`, `updated_at`, `deleted_at`) VALUES (2000701, 20007, 3, 'base:api:info', '', '', '', '{\"title\": \"查询API详情\"}', '[\"/system.admin.v1.BaseApiService/GetBaseApi\", \"/system.admin.v1.BaseApiService/GetBaseApiDoc\"]', 1, 1, 1, 1, '2025-03-13 09:52:57', '2025-04-18 10:18:39', 0);
INSERT INTO `base_menu` (`id`, `parent_id`, `type`, `path`, `name`, `component`, `redirect`, `meta`, `api`, `sort`, `status`, `created_by`, `updated_by`, `created_at`, `updated_at`, `deleted_at`) VALUES (2000702, 20007, 3, 'base:api:mcp-status', '', '', '', '{\"title\": \"设置API MCP工具状态\"}', '[\"/system.admin.v1.BaseApiService/SetBaseApiMcpStatus\"]', 1, 1, 1, 1, '2025-03-13 09:52:57', '2025-04-18 10:18:39', 0);
INSERT INTO `base_menu` (`id`, `parent_id`, `type`, `path`, `name`, `component`, `redirect`, `meta`, `api`, `sort`, `status`, `created_by`, `updated_by`, `created_at`, `updated_at`, `deleted_at`) VALUES (2000703, 20007, 3, 'base:api:agent-status', '', '', '', '{\"title\": \"设置API Agent工具状态\"}', '[\"/system.admin.v1.BaseApiService/SetBaseApiAgentStatus\"]', 1, 1, 1, 1, '2025-03-13 09:52:57', '2025-04-18 10:18:39', 0);
INSERT INTO `base_menu` (`id`, `parent_id`, `type`, `path`, `name`, `component`, `redirect`, `meta`, `api`, `sort`, `status`, `created_by`, `updated_by`, `created_at`, `updated_at`, `deleted_at`) VALUES (2000704, 20007, 3, 'base:api:update', '', '', '', '{\"title\": \"编辑API配置\"}', '[\"/system.admin.v1.BaseApiService/UpdateBaseApi\"]', 1, 1, 1, 1, '2026-06-11 00:00:00', '2026-06-11 00:00:00', 0);
INSERT INTO `base_menu` (`id`, `parent_id`, `type`, `path`, `name`, `component`, `redirect`, `meta`, `api`, `sort`, `status`, `created_by`, `updated_by`, `created_at`, `updated_at`, `deleted_at`) VALUES (20008, 200, 2, 'base/tenant', 'BaseTenant', 'system/base/tenant/index', '', '{\"icon\": \"OfficeBuilding\", \"title\": \"租户管理\", \"hidden\": false, \"keep_alive\": true, \"always_show\": false}', '[\"/system.admin.v1.BaseTenantService/OptionBaseTenant\", \"/system.admin.v1.BaseTenantService/PageBaseTenant\"]', 140, 1, 1, 1, '2026-06-30 00:00:00', '2026-06-30 00:00:00', 0);
INSERT INTO `base_menu` (`id`, `parent_id`, `type`, `path`, `name`, `component`, `redirect`, `meta`, `api`, `sort`, `status`, `created_by`, `updated_by`, `created_at`, `updated_at`, `deleted_at`) VALUES (2000801, 20008, 3, 'base:tenant:create', '', '', '', '{\"title\": \"新增租户\"}', '[\"/system.admin.v1.BaseTenantService/CreateBaseTenant\"]', 1, 1, 1, 1, '2026-06-30 00:00:00', '2026-06-30 00:00:00', 0);
INSERT INTO `base_menu` (`id`, `parent_id`, `type`, `path`, `name`, `component`, `redirect`, `meta`, `api`, `sort`, `status`, `created_by`, `updated_by`, `created_at`, `updated_at`, `deleted_at`) VALUES (2000802, 20008, 3, 'base:tenant:delete', '', '', '', '{\"title\": \"删除租户\"}', '[\"/system.admin.v1.BaseTenantService/DeleteBaseTenant\"]', 1, 1, 1, 1, '2026-06-30 00:00:00', '2026-06-30 00:00:00', 0);
INSERT INTO `base_menu` (`id`, `parent_id`, `type`, `path`, `name`, `component`, `redirect`, `meta`, `api`, `sort`, `status`, `created_by`, `updated_by`, `created_at`, `updated_at`, `deleted_at`) VALUES (2000803, 20008, 3, 'base:tenant:update', '', '', '', '{\"title\": \"编辑租户\"}', '[\"/system.admin.v1.BaseTenantService/GetBaseTenant\", \"/system.admin.v1.BaseTenantService/UpdateBaseTenant\"]', 1, 1, 1, 1, '2026-06-30 00:00:00', '2026-06-30 00:00:00', 0);
INSERT INTO `base_menu` (`id`, `parent_id`, `type`, `path`, `name`, `component`, `redirect`, `meta`, `api`, `sort`, `status`, `created_by`, `updated_by`, `created_at`, `updated_at`, `deleted_at`) VALUES (2000804, 20008, 3, 'base:tenant:status', '', '', '', '{\"title\": \"修改租户状态\"}', '[\"/system.admin.v1.BaseTenantService/SetBaseTenantStatus\"]', 1, 1, 1, 1, '2026-06-30 00:00:00', '2026-06-30 00:00:00', 0);
INSERT INTO `base_menu` (`id`, `parent_id`, `type`, `path`, `name`, `component`, `redirect`, `meta`, `api`, `sort`, `status`, `created_by`, `updated_by`, `created_at`, `updated_at`, `deleted_at`) VALUES (20009, 200, 2, 'base/log', 'BaseLog', 'system/base/log/index', '', '{\"icon\": \"Document\", \"title\": \"系统日志\", \"hidden\": false, \"keep_alive\": true, \"always_show\": false}', '[\"/system.admin.v1.BaseLogService/PageBaseLog\"]', 190, 1, 1, 1, '2025-03-15 07:07:48', '2025-04-18 10:18:39', 0);
INSERT INTO `base_menu` (`id`, `parent_id`, `type`, `path`, `name`, `component`, `redirect`, `meta`, `api`, `sort`, `status`, `created_by`, `updated_by`, `created_at`, `updated_at`, `deleted_at`) VALUES (2000901, 20009, 3, 'base:log:info', '', '', '', '{\"title\": \"查询日志详情\"}', '[\"/system.admin.v1.BaseLogService/GetBaseLog\"]', 1, 1, 1, 1, '2025-03-13 09:52:57', '2025-04-18 10:18:39', 0);
INSERT INTO `base_menu` (`id`, `parent_id`, `type`, `path`, `name`, `component`, `redirect`, `meta`, `api`, `sort`, `status`, `created_by`, `updated_by`, `created_at`, `updated_at`, `deleted_at`) VALUES (300, 0, 1, '', '', 'Layout', '', '{\"icon\": \"User\", \"title\": \"用户管理\", \"hidden\": false, \"keep_alive\": false, \"always_show\": true}', '[]', 20, 1, 1, 1, '2025-04-09 00:15:54', '2025-04-18 10:18:39', 0);
INSERT INTO `base_menu` (`id`, `parent_id`, `type`, `path`, `name`, `component`, `redirect`, `meta`, `api`, `sort`, `status`, `created_by`, `updated_by`, `created_at`, `updated_at`, `deleted_at`) VALUES (30001, 300, 2, 'base/user', 'BaseUser', 'system/base/user/index', '', '{\"icon\": \"User\", \"title\": \"用户管理\", \"hidden\": false, \"keep_alive\": true, \"always_show\": false}', '[\"/system.admin.v1.BaseTenantService/OptionBaseTenant\", \"/system.admin.v1.BasePostService/OptionBasePost\", \"/system.admin.v1.BaseUserService/PageBaseUser\"]', 200, 1, 1, 1, '2025-03-13 09:52:57', '2025-04-18 10:18:39', 0);
INSERT INTO `base_menu` (`id`, `parent_id`, `type`, `path`, `name`, `component`, `redirect`, `meta`, `api`, `sort`, `status`, `created_by`, `updated_by`, `created_at`, `updated_at`, `deleted_at`) VALUES (3000101, 30001, 3, 'base:user:create', '', '', '', '{\"title\": \"新增用户\"}', '[\"/system.admin.v1.BaseDeptService/OptionBaseDept\", \"/system.admin.v1.BasePostService/OptionBasePost\", \"/system.admin.v1.BaseRoleService/OptionBaseRole\", \"/system.admin.v1.BaseUserService/CreateBaseUser\"]', 1, 1, 1, 1, '2025-03-13 09:52:57', '2025-04-18 10:18:39', 0);
INSERT INTO `base_menu` (`id`, `parent_id`, `type`, `path`, `name`, `component`, `redirect`, `meta`, `api`, `sort`, `status`, `created_by`, `updated_by`, `created_at`, `updated_at`, `deleted_at`) VALUES (3000102, 30001, 3, 'base:user:delete', '', '', '', '{\"title\": \"删除用户\"}', '[\"/system.admin.v1.BaseUserService/DeleteBaseUser\"]', 1, 1, 1, 1, '2025-03-13 09:52:57', '2025-04-18 10:18:39', 0);
INSERT INTO `base_menu` (`id`, `parent_id`, `type`, `path`, `name`, `component`, `redirect`, `meta`, `api`, `sort`, `status`, `created_by`, `updated_by`, `created_at`, `updated_at`, `deleted_at`) VALUES (3000103, 30001, 3, 'base:user:update', '', '', '', '{\"title\": \"编辑用户\"}', '[\"/system.admin.v1.BaseDeptService/OptionBaseDept\", \"/system.admin.v1.BasePostService/OptionBasePost\", \"/system.admin.v1.BaseRoleService/OptionBaseRole\", \"/system.admin.v1.BaseUserService/GetBaseUser\", \"/system.admin.v1.BaseUserService/UpdateBaseUser\"]', 1, 1, 1, 1, '2025-03-13 09:52:57', '2025-04-18 10:18:39', 0);
INSERT INTO `base_menu` (`id`, `parent_id`, `type`, `path`, `name`, `component`, `redirect`, `meta`, `api`, `sort`, `status`, `created_by`, `updated_by`, `created_at`, `updated_at`, `deleted_at`) VALUES (3000104, 30001, 3, 'base:user:status', '', '', '', '{\"title\": \"修改用户状态\"}', '[\"/system.admin.v1.BaseUserService/SetBaseUserStatus\"]', 1, 1, 1, 1, '2025-03-13 09:52:57', '2025-04-18 10:18:39', 0);
INSERT INTO `base_menu` (`id`, `parent_id`, `type`, `path`, `name`, `component`, `redirect`, `meta`, `api`, `sort`, `status`, `created_by`, `updated_by`, `created_at`, `updated_at`, `deleted_at`) VALUES (3000105, 30001, 3, 'base:user:pwd', '', '', '', '{\"title\": \"重置用户密码\"}', '[\"/system.admin.v1.BaseUserService/ResetBaseUserPassword\"]', 1, 1, 1, 1, '2025-03-13 09:52:57', '2025-04-18 10:18:39', 0);
INSERT INTO `base_menu` (`id`, `parent_id`, `type`, `path`, `name`, `component`, `redirect`, `meta`, `api`, `sort`, `status`, `created_by`, `updated_by`, `created_at`, `updated_at`, `deleted_at`) VALUES (30002, 300, 2, 'base/role', 'BaseRole', 'system/base/role/index', '', '{\"icon\": \"Avatar\", \"title\": \"角色管理\", \"hidden\": false, \"keep_alive\": true, \"always_show\": false}', '[\"/system.admin.v1.BaseRoleService/PageBaseRole\", \"/system.admin.v1.BaseTenantService/OptionBaseTenant\"]', 210, 1, 1, 1, '2025-03-13 09:52:57', '2025-04-18 10:18:39', 0);
INSERT INTO `base_menu` (`id`, `parent_id`, `type`, `path`, `name`, `component`, `redirect`, `meta`, `api`, `sort`, `status`, `created_by`, `updated_by`, `created_at`, `updated_at`, `deleted_at`) VALUES (3000201, 30002, 3, 'base:role:create', '', '', '', '{\"title\": \"新增角色\"}', '[\"/system.admin.v1.BaseMenuService/OptionBaseMenu\", \"/system.admin.v1.BaseRoleService/CreateBaseRole\"]', 1, 1, 1, 1, '2025-03-13 09:52:57', '2025-04-18 10:18:39', 0);
INSERT INTO `base_menu` (`id`, `parent_id`, `type`, `path`, `name`, `component`, `redirect`, `meta`, `api`, `sort`, `status`, `created_by`, `updated_by`, `created_at`, `updated_at`, `deleted_at`) VALUES (3000202, 30002, 3, 'base:role:delete', '', '', '', '{\"title\": \"删除角色\"}', '[\"/system.admin.v1.BaseRoleService/DeleteBaseRole\"]', 1, 1, 1, 1, '2025-03-13 09:52:57', '2025-04-18 10:18:39', 0);
INSERT INTO `base_menu` (`id`, `parent_id`, `type`, `path`, `name`, `component`, `redirect`, `meta`, `api`, `sort`, `status`, `created_by`, `updated_by`, `created_at`, `updated_at`, `deleted_at`) VALUES (3000203, 30002, 3, 'base:role:update', '', '', '', '{\"title\": \"编辑角色\"}', '[\"/system.admin.v1.BaseMenuService/OptionBaseMenu\", \"/system.admin.v1.BaseRoleService/GetBaseRole\", \"/system.admin.v1.BaseRoleService/UpdateBaseRole\"]', 1, 1, 1, 1, '2025-03-13 09:52:57', '2025-04-18 10:18:39', 0);
INSERT INTO `base_menu` (`id`, `parent_id`, `type`, `path`, `name`, `component`, `redirect`, `meta`, `api`, `sort`, `status`, `created_by`, `updated_by`, `created_at`, `updated_at`, `deleted_at`) VALUES (3000204, 30002, 3, 'base:role:status', '', '', '', '{\"title\": \"修改角色状态\"}', '[\"/system.admin.v1.BaseRoleService/SetBaseRoleStatus\"]', 1, 1, 1, 1, '2025-03-13 09:52:57', '2025-04-18 10:18:39', 0);
INSERT INTO `base_menu` (`id`, `parent_id`, `type`, `path`, `name`, `component`, `redirect`, `meta`, `api`, `sort`, `status`, `created_by`, `updated_by`, `created_at`, `updated_at`, `deleted_at`) VALUES (3000205, 30002, 3, 'base:role:menus', '', '', '', '{\"title\": \"分配角色权限\"}', '[\"/system.admin.v1.BaseMenuService/OptionBaseMenu\", \"/system.admin.v1.BaseRoleService/SetBaseRoleMenu\"]', 1, 1, 1, 1, '2025-03-13 09:52:57', '2025-04-18 10:18:39', 0);
INSERT INTO `base_menu` (`id`, `parent_id`, `type`, `path`, `name`, `component`, `redirect`, `meta`, `api`, `sort`, `status`, `created_by`, `updated_by`, `created_at`, `updated_at`, `deleted_at`) VALUES (30003, 300, 2, 'base/dept', 'BaseDept', 'system/base/dept/index', '', '{\"icon\": \"OfficeBuilding\", \"title\": \"部门管理\", \"hidden\": false, \"keep_alive\": true, \"always_show\": false}', '[\"/system.admin.v1.BaseDeptService/TreeBaseDept\", \"/system.admin.v1.BaseTenantService/OptionBaseTenant\"]', 220, 1, 1, 1, '2025-03-13 09:52:57', '2025-04-18 10:18:39', 0);
INSERT INTO `base_menu` (`id`, `parent_id`, `type`, `path`, `name`, `component`, `redirect`, `meta`, `api`, `sort`, `status`, `created_by`, `updated_by`, `created_at`, `updated_at`, `deleted_at`) VALUES (3000301, 30003, 3, 'base:dept:create', '', '', '', '{\"title\": \"新增部门\"}', '[\"/system.admin.v1.BaseDeptService/CreateBaseDept\"]', 1, 1, 1, 1, '2025-03-13 09:52:57', '2025-04-18 10:18:39', 0);
INSERT INTO `base_menu` (`id`, `parent_id`, `type`, `path`, `name`, `component`, `redirect`, `meta`, `api`, `sort`, `status`, `created_by`, `updated_by`, `created_at`, `updated_at`, `deleted_at`) VALUES (3000302, 30003, 3, 'base:dept:delete', '', '', '', '{\"title\": \"删除部门\"}', '[\"/system.admin.v1.BaseDeptService/DeleteBaseDept\"]', 1, 1, 1, 1, '2025-03-13 09:52:57', '2025-04-18 10:18:39', 0);
INSERT INTO `base_menu` (`id`, `parent_id`, `type`, `path`, `name`, `component`, `redirect`, `meta`, `api`, `sort`, `status`, `created_by`, `updated_by`, `created_at`, `updated_at`, `deleted_at`) VALUES (3000303, 30003, 3, 'base:dept:update', '', '', '', '{\"title\": \"编辑部门\"}', '[\"/system.admin.v1.BaseDeptService/GetBaseDept\", \"/system.admin.v1.BaseDeptService/UpdateBaseDept\"]', 1, 1, 1, 1, '2025-03-13 09:52:57', '2025-04-18 10:18:39', 0);
INSERT INTO `base_menu` (`id`, `parent_id`, `type`, `path`, `name`, `component`, `redirect`, `meta`, `api`, `sort`, `status`, `created_by`, `updated_by`, `created_at`, `updated_at`, `deleted_at`) VALUES (3000304, 30003, 3, 'base:dept:status', '', '', '', '{\"title\": \"修改部门状态\"}', '[\"/system.admin.v1.BaseDeptService/SetBaseDeptStatus\"]', 1, 1, 1, 1, '2025-03-13 09:52:57', '2025-04-18 10:18:39', 0);
INSERT INTO `base_menu` (`id`, `parent_id`, `type`, `path`, `name`, `component`, `redirect`, `meta`, `api`, `sort`, `status`, `created_by`, `updated_by`, `created_at`, `updated_at`, `deleted_at`) VALUES (30004, 300, 2, 'user/store', 'UserStore', 'shop/user/store/index', '', '{\"icon\": \"Shop\", \"title\": \"门店审核\", \"hidden\": false, \"keep_alive\": true, \"always_show\": false}', '[\"/shop.admin.v1.UserStoreService/PageUserStore\"]', 230, 1, 1, 1, '2026-07-06 00:00:00', '2026-07-06 00:00:00', 0);
INSERT INTO `base_menu` (`id`, `parent_id`, `type`, `path`, `name`, `component`, `redirect`, `meta`, `api`, `sort`, `status`, `created_by`, `updated_by`, `created_at`, `updated_at`, `deleted_at`) VALUES (3000401, 30004, 3, 'user:store:audit', '', '', '', '{\"title\": \"用户门店审核\"}', '[\"/shop.admin.v1.UserStoreService/AuditUserStore\", \"/shop.admin.v1.UserStoreService/GetUserStore\"]', 1, 1, 1, 1, '2026-07-06 00:00:00', '2026-07-06 00:00:00', 0);
INSERT INTO `base_menu` (`id`, `parent_id`, `type`, `path`, `name`, `component`, `redirect`, `meta`, `api`, `sort`, `status`, `created_by`, `updated_by`, `created_at`, `updated_at`, `deleted_at`) VALUES (30005, 300, 2, 'base/post', 'BasePost', 'system/base/post/index', '', '{\"icon\": \"Suitcase\", \"title\": \"岗位管理\", \"hidden\": false, \"keep_alive\": true, \"always_show\": false}', '[\"/system.admin.v1.BasePostService/PageBasePost\", \"/system.admin.v1.BasePostService/OptionBasePost\", \"/system.admin.v1.BaseTenantService/OptionBaseTenant\"]', 225, 1, 1, 1, '2026-07-22 00:00:00', '2026-07-22 00:00:00', 0);
INSERT INTO `base_menu` (`id`, `parent_id`, `type`, `path`, `name`, `component`, `redirect`, `meta`, `api`, `sort`, `status`, `created_by`, `updated_by`, `created_at`, `updated_at`, `deleted_at`) VALUES (3000501, 30005, 3, 'base:post:create', '', '', '', '{\"title\": \"新增岗位\"}', '[\"/system.admin.v1.BasePostService/CreateBasePost\", \"/system.admin.v1.BaseTenantService/OptionBaseTenant\"]', 1, 1, 1, 1, '2026-07-22 00:00:00', '2026-07-22 00:00:00', 0);
INSERT INTO `base_menu` (`id`, `parent_id`, `type`, `path`, `name`, `component`, `redirect`, `meta`, `api`, `sort`, `status`, `created_by`, `updated_by`, `created_at`, `updated_at`, `deleted_at`) VALUES (3000502, 30005, 3, 'base:post:delete', '', '', '', '{\"title\": \"删除岗位\"}', '[\"/system.admin.v1.BasePostService/DeleteBasePost\"]', 1, 1, 1, 1, '2026-07-22 00:00:00', '2026-07-22 00:00:00', 0);
INSERT INTO `base_menu` (`id`, `parent_id`, `type`, `path`, `name`, `component`, `redirect`, `meta`, `api`, `sort`, `status`, `created_by`, `updated_by`, `created_at`, `updated_at`, `deleted_at`) VALUES (3000503, 30005, 3, 'base:post:update', '', '', '', '{\"title\": \"编辑岗位\"}', '[\"/system.admin.v1.BasePostService/GetBasePost\", \"/system.admin.v1.BasePostService/UpdateBasePost\"]', 1, 1, 1, 1, '2026-07-22 00:00:00', '2026-07-22 00:00:00', 0);
INSERT INTO `base_menu` (`id`, `parent_id`, `type`, `path`, `name`, `component`, `redirect`, `meta`, `api`, `sort`, `status`, `created_by`, `updated_by`, `created_at`, `updated_at`, `deleted_at`) VALUES (3000504, 30005, 3, 'base:post:status', '', '', '', '{\"title\": \"修改岗位状态\"}', '[\"/system.admin.v1.BasePostService/SetBasePostStatus\"]', 1, 1, 1, 1, '2026-07-22 00:00:00', '2026-07-22 00:00:00', 0);
INSERT INTO `base_menu` (`id`, `parent_id`, `type`, `path`, `name`, `component`, `redirect`, `meta`, `api`, `sort`, `status`, `created_by`, `updated_by`, `created_at`, `updated_at`, `deleted_at`) VALUES (400, 0, 1, '', '', 'Layout', '', '{\"icon\": \"Goods\", \"title\": \"商品管理\", \"hidden\": false, \"keep_alive\": false, \"always_show\": true}', '[]', 30, 1, 1, 1, '2025-03-17 01:38:05', '2025-04-18 10:18:39', 0);
INSERT INTO `base_menu` (`id`, `parent_id`, `type`, `path`, `name`, `component`, `redirect`, `meta`, `api`, `sort`, `status`, `created_by`, `updated_by`, `created_at`, `updated_at`, `deleted_at`) VALUES (40001, 400, 2, 'goods/category', 'GoodsCategory', 'shop/goods/category/index', '', '{\"icon\": \"Grid\", \"title\": \"分类管理\", \"hidden\": false, \"keep_alive\": true, \"always_show\": false}', '[\"/shop.admin.v1.GoodsCategoryService/TreeGoodsCategory\"]', 300, 1, 1, 1, '2025-03-17 01:48:23', '2025-04-18 10:18:39', 0);
INSERT INTO `base_menu` (`id`, `parent_id`, `type`, `path`, `name`, `component`, `redirect`, `meta`, `api`, `sort`, `status`, `created_by`, `updated_by`, `created_at`, `updated_at`, `deleted_at`) VALUES (4000101, 40001, 3, 'goods:category:create', '', '', '', '{\"title\": \"新增分类\"}', '[\"/shop.admin.v1.GoodsCategoryService/CreateGoodsCategory\"]', 1, 1, 1, 1, '2025-03-13 09:52:57', '2025-04-18 10:18:39', 0);
INSERT INTO `base_menu` (`id`, `parent_id`, `type`, `path`, `name`, `component`, `redirect`, `meta`, `api`, `sort`, `status`, `created_by`, `updated_by`, `created_at`, `updated_at`, `deleted_at`) VALUES (4000102, 40001, 3, 'goods:category:delete', '', '', '', '{\"title\": \"删除分类\"}', '[\"/shop.admin.v1.GoodsCategoryService/DeleteGoodsCategory\"]', 1, 1, 1, 1, '2025-03-13 09:52:57', '2025-04-18 10:18:39', 0);
INSERT INTO `base_menu` (`id`, `parent_id`, `type`, `path`, `name`, `component`, `redirect`, `meta`, `api`, `sort`, `status`, `created_by`, `updated_by`, `created_at`, `updated_at`, `deleted_at`) VALUES (4000103, 40001, 3, 'goods:category:update', '', '', '', '{\"title\": \"编辑分类\"}', '[\"/shop.admin.v1.GoodsCategoryService/GetGoodsCategory\", \"/shop.admin.v1.GoodsCategoryService/UpdateGoodsCategory\"]', 1, 1, 1, 1, '2025-03-13 09:52:57', '2025-04-18 10:18:39', 0);
INSERT INTO `base_menu` (`id`, `parent_id`, `type`, `path`, `name`, `component`, `redirect`, `meta`, `api`, `sort`, `status`, `created_by`, `updated_by`, `created_at`, `updated_at`, `deleted_at`) VALUES (4000104, 40001, 3, 'goods:category:status', '', '', '', '{\"title\": \"修改分类状态\"}', '[\"/shop.admin.v1.GoodsCategoryService/SetGoodsCategoryStatus\"]', 1, 1, 1, 1, '2025-03-13 09:52:57', '2025-04-18 10:18:39', 0);
INSERT INTO `base_menu` (`id`, `parent_id`, `type`, `path`, `name`, `component`, `redirect`, `meta`, `api`, `sort`, `status`, `created_by`, `updated_by`, `created_at`, `updated_at`, `deleted_at`) VALUES (40002, 400, 2, 'goods/info', 'GoodsInfo', 'shop/goods/info/index', '', '{\"icon\": \"Goods\", \"title\": \"商品管理\", \"hidden\": false, \"keep_alive\": true, \"always_show\": false}', '[\"/shop.admin.v1.GoodsInfoService/PageGoodsInfo\", \"/shop.admin.v1.TenantStoreService/OptionTenantStore\", \"/shop.admin.v1.TenantStoreService/TreeTenantStore\"]', 310, 1, 1, 1, '2025-03-17 01:50:28', '2025-04-18 10:18:39', 0);
INSERT INTO `base_menu` (`id`, `parent_id`, `type`, `path`, `name`, `component`, `redirect`, `meta`, `api`, `sort`, `status`, `created_by`, `updated_by`, `created_at`, `updated_at`, `deleted_at`) VALUES (4000201, 40002, 3, 'goods:info:sku', '', '', '', '{\"title\": \"库存\"}', '[]', 0, 1, 1, 1, '2025-03-13 09:52:57', '2025-04-18 10:18:39', 0);
INSERT INTO `base_menu` (`id`, `parent_id`, `type`, `path`, `name`, `component`, `redirect`, `meta`, `api`, `sort`, `status`, `created_by`, `updated_by`, `created_at`, `updated_at`, `deleted_at`) VALUES (4000202, 40002, 3, 'goods:info:prop', '', '', '', '{\"title\": \"属性\"}', '[]', 0, 1, 1, 1, '2025-03-13 09:52:57', '2025-04-18 10:18:39', 0);
INSERT INTO `base_menu` (`id`, `parent_id`, `type`, `path`, `name`, `component`, `redirect`, `meta`, `api`, `sort`, `status`, `created_by`, `updated_by`, `created_at`, `updated_at`, `deleted_at`) VALUES (4000203, 40002, 3, 'goods:info:delete', '', '', '', '{\"title\": \"删除商品\"}', '[\"/shop.admin.v1.GoodsInfoService/DeleteGoodsInfo\"]', 1, 1, 1, 1, '2025-03-13 09:52:57', '2025-04-18 10:18:39', 0);
INSERT INTO `base_menu` (`id`, `parent_id`, `type`, `path`, `name`, `component`, `redirect`, `meta`, `api`, `sort`, `status`, `created_by`, `updated_by`, `created_at`, `updated_at`, `deleted_at`) VALUES (4000204, 40002, 3, 'goods:info:status', '', '', '', '{\"title\": \"上架下架商品\"}', '[\"/shop.admin.v1.GoodsInfoService/SetGoodsInfoStatus\"]', 1, 1, 1, 1, '2025-03-13 09:52:57', '2025-04-18 10:18:39', 0);
INSERT INTO `base_menu` (`id`, `parent_id`, `type`, `path`, `name`, `component`, `redirect`, `meta`, `api`, `sort`, `status`, `created_by`, `updated_by`, `created_at`, `updated_at`, `deleted_at`) VALUES (40003, 400, 2, 'goods/info/edit', 'GoodsInfoEdit', 'shop/goods/info/edit/index', '', '{\"icon\": \"Goods\", \"title\": \"新增商品\", \"hidden\": true, \"keep_alive\": true, \"always_show\": false}', '[]', 320, 1, 1, 1, '2025-03-17 01:51:56', '2025-04-18 10:18:39', 0);
INSERT INTO `base_menu` (`id`, `parent_id`, `type`, `path`, `name`, `component`, `redirect`, `meta`, `api`, `sort`, `status`, `created_by`, `updated_by`, `created_at`, `updated_at`, `deleted_at`) VALUES (4000301, 40003, 3, 'goods:info:create', '', '', '', '{\"title\": \"新增商品\"}', '[\"/shop.admin.v1.GoodsCategoryService/OptionGoodsCategory\", \"/shop.admin.v1.GoodsInfoService/CreateGoodsInfo\", \"/shop.admin.v1.TenantStoreService/OptionTenantStore\"]', 1, 1, 1, 1, '2025-03-13 09:52:57', '2025-04-18 10:18:39', 0);
INSERT INTO `base_menu` (`id`, `parent_id`, `type`, `path`, `name`, `component`, `redirect`, `meta`, `api`, `sort`, `status`, `created_by`, `updated_by`, `created_at`, `updated_at`, `deleted_at`) VALUES (4000302, 40003, 3, 'goods:info:update', '', '', '', '{\"title\": \"编辑商品\"}', '[\"/shop.admin.v1.GoodsCategoryService/OptionGoodsCategory\", \"/shop.admin.v1.GoodsInfoService/GetGoodsInfo\", \"/shop.admin.v1.GoodsInfoService/UpdateGoodsInfo\", \"/shop.admin.v1.TenantStoreService/OptionTenantStore\"]', 1, 1, 1, 1, '2025-03-13 09:52:57', '2025-04-18 10:18:39', 0);
INSERT INTO `base_menu` (`id`, `parent_id`, `type`, `path`, `name`, `component`, `redirect`, `meta`, `api`, `sort`, `status`, `created_by`, `updated_by`, `created_at`, `updated_at`, `deleted_at`) VALUES (40004, 400, 2, 'goods/info/detail/:goodsId', 'GoodsInfoDetail', 'shop/goods/info/detail/index', '', '{\"icon\": \"Memo\", \"title\": \"商品详情\", \"hidden\": true, \"keep_alive\": true, \"always_show\": false}', '[]', 330, 1, 1, 1, '2025-03-17 01:51:56', '2025-04-18 10:18:39', 0);
INSERT INTO `base_menu` (`id`, `parent_id`, `type`, `path`, `name`, `component`, `redirect`, `meta`, `api`, `sort`, `status`, `created_by`, `updated_by`, `created_at`, `updated_at`, `deleted_at`) VALUES (4000401, 40004, 3, 'goods:info:detail', '', '', '', '{\"title\": \"查看\"}', '[\"/shop.admin.v1.GoodsInfoService/GetGoodsInfo\"]', 1, 1, 1, 1, '2025-03-13 09:52:57', '2025-04-18 10:18:39', 0);
INSERT INTO `base_menu` (`id`, `parent_id`, `type`, `path`, `name`, `component`, `redirect`, `meta`, `api`, `sort`, `status`, `created_by`, `updated_by`, `created_at`, `updated_at`, `deleted_at`) VALUES (40005, 400, 2, 'goods/prop', 'GoodsProp', 'shop/goods/prop/index', '', '{\"icon\": \"Operation\", \"title\": \"属性管理\", \"hidden\": true, \"keep_alive\": true, \"always_show\": false}', '[\"/shop.admin.v1.GoodsPropService/PageGoodsProp\"]', 340, 1, 1, 1, '2025-03-17 01:51:56', '2025-04-18 10:18:39', 0);
INSERT INTO `base_menu` (`id`, `parent_id`, `type`, `path`, `name`, `component`, `redirect`, `meta`, `api`, `sort`, `status`, `created_by`, `updated_by`, `created_at`, `updated_at`, `deleted_at`) VALUES (4000501, 40005, 3, 'goods:prop:create', '', '', '', '{\"title\": \"新增属性\"}', '[\"/shop.admin.v1.GoodsPropService/CreateGoodsProp\"]', 1, 1, 1, 1, '2025-03-13 09:52:57', '2025-04-18 10:18:39', 0);
INSERT INTO `base_menu` (`id`, `parent_id`, `type`, `path`, `name`, `component`, `redirect`, `meta`, `api`, `sort`, `status`, `created_by`, `updated_by`, `created_at`, `updated_at`, `deleted_at`) VALUES (4000502, 40005, 3, 'goods:prop:delete', '', '', '', '{\"title\": \"删除属性\"}', '[\"/shop.admin.v1.GoodsPropService/DeleteGoodsProp\"]', 1, 1, 1, 1, '2025-03-13 09:52:57', '2025-04-18 10:18:39', 0);
INSERT INTO `base_menu` (`id`, `parent_id`, `type`, `path`, `name`, `component`, `redirect`, `meta`, `api`, `sort`, `status`, `created_by`, `updated_by`, `created_at`, `updated_at`, `deleted_at`) VALUES (4000503, 40005, 3, 'goods:prop:update', '', '', '', '{\"title\": \"编辑属性\"}', '[\"/shop.admin.v1.GoodsPropService/GetGoodsProp\", \"/shop.admin.v1.GoodsPropService/UpdateGoodsProp\"]', 1, 1, 1, 1, '2025-03-13 09:52:57', '2025-04-18 10:18:39', 0);
INSERT INTO `base_menu` (`id`, `parent_id`, `type`, `path`, `name`, `component`, `redirect`, `meta`, `api`, `sort`, `status`, `created_by`, `updated_by`, `created_at`, `updated_at`, `deleted_at`) VALUES (40006, 400, 2, 'goods/sku', 'GoodsSku', 'shop/goods/sku/index', '', '{\"icon\": \"CollectionTag\", \"title\": \"SKU管理\", \"hidden\": true, \"keep_alive\": true, \"always_show\": false}', '[\"/shop.admin.v1.GoodsSkuService/PageGoodsSku\", \"/shop.admin.v1.GoodsSpecService/ListGoodsSpec\"]', 350, 1, 1, 1, '2025-03-17 01:52:48', '2025-04-18 10:18:39', 0);
INSERT INTO `base_menu` (`id`, `parent_id`, `type`, `path`, `name`, `component`, `redirect`, `meta`, `api`, `sort`, `status`, `created_by`, `updated_by`, `created_at`, `updated_at`, `deleted_at`) VALUES (4000601, 40006, 3, 'goods:sku:update', '', '', '', '{\"title\": \"编辑型号\"}', '[\"/shop.admin.v1.GoodsSkuService/GetGoodsSku\", \"/shop.admin.v1.GoodsSkuService/UpdateGoodsSku\"]', 1, 1, 1, 1, '2025-03-13 09:52:57', '2025-04-18 10:18:40', 0);
INSERT INTO `base_menu` (`id`, `parent_id`, `type`, `path`, `name`, `component`, `redirect`, `meta`, `api`, `sort`, `status`, `created_by`, `updated_by`, `created_at`, `updated_at`, `deleted_at`) VALUES (40007, 400, 2, 'comment/info', 'CommentInfo', 'shop/comment/info/index', '', '{\"icon\": \"ChatDotRound\", \"title\": \"评论管理\", \"hidden\": false, \"keep_alive\": true, \"always_show\": false}', '[\"/shop.admin.v1.CommentInfoService/PageCommentInfo\", \"/shop.admin.v1.TenantStoreService/TreeTenantStore\"]', 360, 1, 1, 1, '2026-04-28 00:00:00', '2026-04-28 00:00:00', 0);
INSERT INTO `base_menu` (`id`, `parent_id`, `type`, `path`, `name`, `component`, `redirect`, `meta`, `api`, `sort`, `status`, `created_by`, `updated_by`, `created_at`, `updated_at`, `deleted_at`) VALUES (4000701, 40007, 3, 'comment:detail', '', '', '', '{\"title\": \"查看评论\"}', '[\"/shop.admin.v1.CommentInfoService/GetCommentInfo\", \"/shop.admin.v1.CommentInfoService/GetGoodsCommentInfo\", \"/shop.admin.v1.CommentInfoService/PageCommentDiscussion\", \"/shop.admin.v1.CommentInfoService/ListCommentReview\"]', 1, 1, 1, 1, '2026-04-28 00:00:00', '2026-04-28 00:00:00', 0);
INSERT INTO `base_menu` (`id`, `parent_id`, `type`, `path`, `name`, `component`, `redirect`, `meta`, `api`, `sort`, `status`, `created_by`, `updated_by`, `created_at`, `updated_at`, `deleted_at`) VALUES (4000702, 40007, 3, 'comment:status', '', '', '', '{\"title\": \"审核评论\"}', '[\"/shop.admin.v1.CommentInfoService/SetCommentInfoStatus\", \"/shop.admin.v1.CommentInfoService/SetCommentDiscussionStatus\"]', 2, 1, 1, 1, '2026-04-28 00:00:00', '2026-04-28 00:00:00', 0);
INSERT INTO `base_menu` (`id`, `parent_id`, `type`, `path`, `name`, `component`, `redirect`, `meta`, `api`, `sort`, `status`, `created_by`, `updated_by`, `created_at`, `updated_at`, `deleted_at`) VALUES (40008, 400, 2, 'comment/info/detail/:commentId', 'CommentInfoDetail', 'shop/comment/info/detail/index', '', '{"icon": "ChatDotRound", "title": "评论详情", "hidden": true, "keep_alive": true, "always_show": false}', '["/shop.admin.v1.CommentInfoService/GetCommentInfo", "/shop.admin.v1.CommentInfoService/PageCommentDiscussion", "/shop.admin.v1.CommentInfoService/ListCommentReview"]', 361, 1, 1, 1, '2026-04-28 00:00:00', '2026-04-28 00:00:00', 0);
INSERT INTO `base_menu` (`id`, `parent_id`, `type`, `path`, `name`, `component`, `redirect`, `meta`, `api`, `sort`, `status`, `created_by`, `updated_by`, `created_at`, `updated_at`, `deleted_at`) VALUES (500, 0, 1, '', '', 'Layout', '', '{\"icon\": \"Tickets\", \"title\": \"订单管理\", \"hidden\": false, \"keep_alive\": false, \"always_show\": true}', '[]', 40, 1, 1, 1, '2025-04-09 00:15:54', '2025-04-18 10:18:39', 0);
INSERT INTO `base_menu` (`id`, `parent_id`, `type`, `path`, `name`, `component`, `redirect`, `meta`, `api`, `sort`, `status`, `created_by`, `updated_by`, `created_at`, `updated_at`, `deleted_at`) VALUES (50001, 500, 2, 'order/info', 'OrderInfo', 'shop/order/info/index', '', '{\"icon\": \"Tickets\", \"title\": \"订单管理\", \"hidden\": false, \"keep_alive\": true, \"always_show\": false}', '[\"/system.admin.v1.BaseUserService/OptionBaseUser\", \"/shop.admin.v1.OrderInfoService/PageOrderInfo\", \"/shop.admin.v1.TenantStoreService/OptionTenantStore\", \"/shop.admin.v1.TenantStoreService/TreeTenantStore\"]', 400, 1, 1, 1, '2025-04-09 00:17:34', '2025-04-18 10:18:40', 0);
INSERT INTO `base_menu` (`id`, `parent_id`, `type`, `path`, `name`, `component`, `redirect`, `meta`, `api`, `sort`, `status`, `created_by`, `updated_by`, `created_at`, `updated_at`, `deleted_at`) VALUES (5000101, 50001, 3, 'order:info:detail', '', '', '', '{\"title\": \"查看\"}', '[\"/shop.admin.v1.OrderInfoService/GetOrderInfo\"]', 1, 1, 1, 1, '2025-03-13 09:52:57', '2025-04-18 10:18:40', 0);
INSERT INTO `base_menu` (`id`, `parent_id`, `type`, `path`, `name`, `component`, `redirect`, `meta`, `api`, `sort`, `status`, `created_by`, `updated_by`, `created_at`, `updated_at`, `deleted_at`) VALUES (5000102, 50001, 3, 'order:info:shipped', '', '', '', '{\"title\": \"发货\"}', '[\"/shop.admin.v1.OrderInfoService/GetOrderInfoShipment\", \"/shop.admin.v1.OrderInfoService/ShipOrderInfo\"]', 1, 1, 1, 1, '2025-03-13 09:52:57', '2025-04-18 10:18:40', 0);
INSERT INTO `base_menu` (`id`, `parent_id`, `type`, `path`, `name`, `component`, `redirect`, `meta`, `api`, `sort`, `status`, `created_by`, `updated_by`, `created_at`, `updated_at`, `deleted_at`) VALUES (5000103, 50001, 3, 'order:info:refund', '', '', '', '{\"title\": \"退款\"}', '[\"/shop.admin.v1.OrderInfoService/GetOrderInfoRefund\", \"/shop.admin.v1.OrderInfoService/RefundOrderInfo\"]', 1, 1, 1, 1, '2025-03-13 09:52:57', '2025-04-18 10:18:40', 0);
INSERT INTO `base_menu` (`id`, `parent_id`, `type`, `path`, `name`, `component`, `redirect`, `meta`, `api`, `sort`, `status`, `created_by`, `updated_by`, `created_at`, `updated_at`, `deleted_at`) VALUES (50002, 500, 2, 'order/info/shipped', 'OrderInfoShipped', 'shop/order/info/shipped/index', '', '{\"icon\": \"Van\", \"title\": \"待发货订单\", \"hidden\": false, \"keep_alive\": true, \"always_show\": false}', '[\"/system.admin.v1.BaseUserService/OptionBaseUser\", \"/shop.admin.v1.OrderInfoService/PageOrderInfo\", \"/shop.admin.v1.TenantStoreService/OptionTenantStore\", \"/shop.admin.v1.TenantStoreService/TreeTenantStore\"]', 410, 1, 1, 1, '2025-04-09 11:29:49', '2025-04-18 10:18:40', 0);
INSERT INTO `base_menu` (`id`, `parent_id`, `type`, `path`, `name`, `component`, `redirect`, `meta`, `api`, `sort`, `status`, `created_by`, `updated_by`, `created_at`, `updated_at`, `deleted_at`) VALUES (50003, 500, 2, 'order/info/detail/:orderId', 'OrderInfoDetail', 'shop/order/info/detail/index', '', '{\"icon\": \"Memo\", \"title\": \"订单详情\", \"hidden\": true, \"keep_alive\": true, \"always_show\": false}', '[\"/shop.admin.v1.OrderInfoService/GetOrderInfo\"]', 420, 1, 1, 1, '2025-03-17 01:51:56', '2025-04-18 10:18:40', 0);
INSERT INTO `base_menu` (`id`, `parent_id`, `type`, `path`, `name`, `component`, `redirect`, `meta`, `api`, `sort`, `status`, `created_by`, `updated_by`, `created_at`, `updated_at`, `deleted_at`) VALUES (600, 0, 1, '', '', 'Layout', '', '{\"icon\": \"ShoppingCart\", \"title\": \"商城管理\", \"hidden\": false, \"keep_alive\": false, \"always_show\": true}', '[]', 50, 1, 1, 1, '2025-03-17 01:37:00', '2025-04-18 10:18:39', 0);
INSERT INTO `base_menu` (`id`, `parent_id`, `type`, `path`, `name`, `component`, `redirect`, `meta`, `api`, `sort`, `status`, `created_by`, `updated_by`, `created_at`, `updated_at`, `deleted_at`) VALUES (60001, 600, 2, 'shop/banner', 'ShopBanner', 'shop/shop/banner/index', '', '{\"icon\": \"PictureFilled\", \"title\": \"轮播图\", \"hidden\": false, \"keep_alive\": true, \"always_show\": false}', '[\"/shop.admin.v1.ShopBannerService/PageShopBanner\"]', 500, 1, 1, 1, '2025-03-17 01:40:29', '2025-04-18 10:18:40', 0);
INSERT INTO `base_menu` (`id`, `parent_id`, `type`, `path`, `name`, `component`, `redirect`, `meta`, `api`, `sort`, `status`, `created_by`, `updated_by`, `created_at`, `updated_at`, `deleted_at`) VALUES (6000101, 60001, 3, 'shop:banner:create', '', '', '', '{\"title\": \"新增轮播图\"}', '[\"/shop.admin.v1.GoodsInfoService/OptionGoodsInfo\", \"/shop.admin.v1.ShopBannerService/CreateShopBanner\"]', 1, 1, 1, 1, '2025-03-13 09:52:57', '2025-05-07 16:00:25', 0);
INSERT INTO `base_menu` (`id`, `parent_id`, `type`, `path`, `name`, `component`, `redirect`, `meta`, `api`, `sort`, `status`, `created_by`, `updated_by`, `created_at`, `updated_at`, `deleted_at`) VALUES (6000102, 60001, 3, 'shop:banner:delete', '', '', '', '{\"title\": \"删除轮播图\"}', '[\"/shop.admin.v1.ShopBannerService/DeleteShopBanner\"]', 1, 1, 1, 1, '2025-03-13 09:52:57', '2025-04-18 10:18:40', 0);
INSERT INTO `base_menu` (`id`, `parent_id`, `type`, `path`, `name`, `component`, `redirect`, `meta`, `api`, `sort`, `status`, `created_by`, `updated_by`, `created_at`, `updated_at`, `deleted_at`) VALUES (6000103, 60001, 3, 'shop:banner:update', '', '', '', '{\"title\": \"编辑轮播图\"}', '[\"/shop.admin.v1.GoodsInfoService/OptionGoodsInfo\", \"/shop.admin.v1.ShopBannerService/GetShopBanner\", \"/shop.admin.v1.ShopBannerService/UpdateShopBanner\"]', 1, 1, 1, 1, '2025-03-13 09:52:57', '2025-05-07 16:01:01', 0);
INSERT INTO `base_menu` (`id`, `parent_id`, `type`, `path`, `name`, `component`, `redirect`, `meta`, `api`, `sort`, `status`, `created_by`, `updated_by`, `created_at`, `updated_at`, `deleted_at`) VALUES (6000104, 60001, 3, 'shop:banner:status', '', '', '', '{\"title\": \"修改轮播图状态\"}', '[\"/shop.admin.v1.ShopBannerService/SetShopBannerStatus\"]', 1, 1, 1, 1, '2025-03-13 09:52:57', '2025-04-18 10:18:40', 0);
INSERT INTO `base_menu` (`id`, `parent_id`, `type`, `path`, `name`, `component`, `redirect`, `meta`, `api`, `sort`, `status`, `created_by`, `updated_by`, `created_at`, `updated_at`, `deleted_at`) VALUES (60002, 600, 2, 'shop/service', 'ShopService', 'shop/shop/service/index', '', '{\"icon\": \"Collection\", \"title\": \"商城服务\", \"hidden\": false, \"keep_alive\": true, \"always_show\": false}', '[\"/shop.admin.v1.ShopServiceService/PageShopService\"]', 500, 1, 1, 1, '2025-03-17 01:40:29', '2025-04-18 10:18:40', 0);
INSERT INTO `base_menu` (`id`, `parent_id`, `type`, `path`, `name`, `component`, `redirect`, `meta`, `api`, `sort`, `status`, `created_by`, `updated_by`, `created_at`, `updated_at`, `deleted_at`) VALUES (6000201, 60002, 3, 'shop:service:create', '', '', '', '{\"title\": \"新增商城服务\"}', '[\"/shop.admin.v1.GoodsInfoService/OptionGoodsInfo\", \"/shop.admin.v1.ShopServiceService/CreateShopService\"]', 1, 1, 1, 1, '2025-03-13 09:52:57', '2025-05-07 16:00:25', 0);
INSERT INTO `base_menu` (`id`, `parent_id`, `type`, `path`, `name`, `component`, `redirect`, `meta`, `api`, `sort`, `status`, `created_by`, `updated_by`, `created_at`, `updated_at`, `deleted_at`) VALUES (6000202, 60002, 3, 'shop:service:delete', '', '', '', '{\"title\": \"删除商城服务\"}', '[\"/shop.admin.v1.ShopServiceService/DeleteShopService\"]', 1, 1, 1, 1, '2025-03-13 09:52:57', '2025-04-18 10:18:40', 0);
INSERT INTO `base_menu` (`id`, `parent_id`, `type`, `path`, `name`, `component`, `redirect`, `meta`, `api`, `sort`, `status`, `created_by`, `updated_by`, `created_at`, `updated_at`, `deleted_at`) VALUES (6000203, 60002, 3, 'shop:service:update', '', '', '', '{\"title\": \"编辑商城服务\"}', '[\"/shop.admin.v1.GoodsInfoService/OptionGoodsInfo\", \"/shop.admin.v1.ShopServiceService/GetShopService\", \"/shop.admin.v1.ShopServiceService/UpdateShopService\"]', 1, 1, 1, 1, '2025-03-13 09:52:57', '2025-05-07 16:01:01', 0);
INSERT INTO `base_menu` (`id`, `parent_id`, `type`, `path`, `name`, `component`, `redirect`, `meta`, `api`, `sort`, `status`, `created_by`, `updated_by`, `created_at`, `updated_at`, `deleted_at`) VALUES (6000204, 60002, 3, 'shop:service:status', '', '', '', '{\"title\": \"修改商城服务状态\"}', '[\"/shop.admin.v1.ShopServiceService/SetShopServiceStatus\"]', 1, 1, 1, 1, '2025-03-13 09:52:57', '2025-04-18 10:18:40', 0);
INSERT INTO `base_menu` (`id`, `parent_id`, `type`, `path`, `name`, `component`, `redirect`, `meta`, `api`, `sort`, `status`, `created_by`, `updated_by`, `created_at`, `updated_at`, `deleted_at`) VALUES (60003, 600, 2, 'tenant/store', 'TenantStore', 'shop/tenant/store/index', '', '{\"icon\": \"Shop\", \"title\": \"租户门店\", \"hidden\": false, \"keep_alive\": true, \"always_show\": false}', '[\"/system.admin.v1.BaseTenantService/OptionBaseTenant\", \"/shop.admin.v1.TenantStoreService/PageTenantStore\"]', 230, 1, 1, 1, '2026-07-05 00:00:00', '2026-07-05 00:00:00', 0);
INSERT INTO `base_menu` (`id`, `parent_id`, `type`, `path`, `name`, `component`, `redirect`, `meta`, `api`, `sort`, `status`, `created_by`, `updated_by`, `created_at`, `updated_at`, `deleted_at`) VALUES (6000301, 60003, 3, 'shop:store:create', '', '', '', '{\"title\": \"新增租户门店\"}', '[\"/shop.admin.v1.TenantStoreService/CreateTenantStore\"]', 1, 1, 1, 1, '2026-07-05 00:00:00', '2026-07-05 00:00:00', 0);
INSERT INTO `base_menu` (`id`, `parent_id`, `type`, `path`, `name`, `component`, `redirect`, `meta`, `api`, `sort`, `status`, `created_by`, `updated_by`, `created_at`, `updated_at`, `deleted_at`) VALUES (6000302, 60003, 3, 'shop:store:update', '', '', '', '{\"title\": \"编辑租户门店\"}', '[\"/shop.admin.v1.TenantStoreService/GetTenantStore\", \"/shop.admin.v1.TenantStoreService/UpdateTenantStore\"]', 2, 1, 1, 1, '2026-07-05 00:00:00', '2026-07-05 00:00:00', 0);
INSERT INTO `base_menu` (`id`, `parent_id`, `type`, `path`, `name`, `component`, `redirect`, `meta`, `api`, `sort`, `status`, `created_by`, `updated_by`, `created_at`, `updated_at`, `deleted_at`) VALUES (6000303, 60003, 3, 'shop:store:delete', '', '', '', '{\"title\": \"删除租户门店\"}', '[\"/shop.admin.v1.TenantStoreService/DeleteTenantStore\"]', 3, 1, 1, 1, '2026-07-05 00:00:00', '2026-07-05 00:00:00', 0);
INSERT INTO `base_menu` (`id`, `parent_id`, `type`, `path`, `name`, `component`, `redirect`, `meta`, `api`, `sort`, `status`, `created_by`, `updated_by`, `created_at`, `updated_at`, `deleted_at`) VALUES (6000304, 60003, 3, 'shop:store:audit', '', '', '', '{\"title\": \"审核租户门店\"}', '[\"/shop.admin.v1.TenantStoreService/AuditTenantStore\"]', 4, 1, 1, 1, '2026-07-05 00:00:00', '2026-07-05 00:00:00', 0);
INSERT INTO `base_menu` (`id`, `parent_id`, `type`, `path`, `name`, `component`, `redirect`, `meta`, `api`, `sort`, `status`, `created_by`, `updated_by`, `created_at`, `updated_at`, `deleted_at`) VALUES (700, 0, 1, '', '', 'Layout', '', '{\"icon\": \"Star\", \"title\": \"推荐管理\", \"hidden\": false, \"keep_alive\": false, \"always_show\": true}', '[]', 60, 1, 1, 1, '2025-04-22 11:54:16', '2025-04-22 11:54:27', 0);
INSERT INTO `base_menu` (`id`, `parent_id`, `type`, `path`, `name`, `component`, `redirect`, `meta`, `api`, `sort`, `status`, `created_by`, `updated_by`, `created_at`, `updated_at`, `deleted_at`) VALUES (70001, 700, 2, 'shop/hot', 'ShopHot', 'shop/hot/index', '', '{\"icon\": \"StarFilled\", \"title\": \"热门推荐\", \"hidden\": false, \"keep_alive\": true, \"always_show\": false}', '[\"/shop.admin.v1.ShopHotService/PageShopHot\"]', 600, 1, 1, 1, '2025-03-13 09:52:57', '2025-04-18 10:18:40', 0);
INSERT INTO `base_menu` (`id`, `parent_id`, `type`, `path`, `name`, `component`, `redirect`, `meta`, `api`, `sort`, `status`, `created_by`, `updated_by`, `created_at`, `updated_at`, `deleted_at`) VALUES (7000101, 70001, 3, 'shop:hot:create', '', '', '', '{\"title\": \"新增热门推荐\"}', '[\"/shop.admin.v1.ShopHotService/CreateShopHot\"]', 1, 1, 1, 1, '2025-03-13 09:52:57', '2025-04-18 10:18:40', 0);
INSERT INTO `base_menu` (`id`, `parent_id`, `type`, `path`, `name`, `component`, `redirect`, `meta`, `api`, `sort`, `status`, `created_by`, `updated_by`, `created_at`, `updated_at`, `deleted_at`) VALUES (7000102, 70001, 3, 'shop:hot:delete', '', '', '', '{\"title\": \"删除热门推荐\"}', '[\"/shop.admin.v1.ShopHotService/DeleteShopHot\"]', 1, 1, 1, 1, '2025-03-13 09:52:57', '2025-04-18 10:18:40', 0);
INSERT INTO `base_menu` (`id`, `parent_id`, `type`, `path`, `name`, `component`, `redirect`, `meta`, `api`, `sort`, `status`, `created_by`, `updated_by`, `created_at`, `updated_at`, `deleted_at`) VALUES (7000103, 70001, 3, 'shop:hot:update', '', '', '', '{\"title\": \"编辑热门推荐\"}', '[\"/shop.admin.v1.ShopHotService/GetShopHot\", \"/shop.admin.v1.ShopHotService/UpdateShopHot\"]', 1, 1, 1, 1, '2025-03-13 09:52:57', '2025-04-18 10:18:40', 0);
INSERT INTO `base_menu` (`id`, `parent_id`, `type`, `path`, `name`, `component`, `redirect`, `meta`, `api`, `sort`, `status`, `created_by`, `updated_by`, `created_at`, `updated_at`, `deleted_at`) VALUES (7000104, 70001, 3, 'shop:hot:status', '', '', '', '{\"title\": \"修改热门推荐状态\"}', '[\"/shop.admin.v1.ShopHotService/SetShopHotStatus\"]', 1, 1, 1, 1, '2025-03-13 09:52:57', '2025-04-18 10:18:40', 0);
INSERT INTO `base_menu` (`id`, `parent_id`, `type`, `path`, `name`, `component`, `redirect`, `meta`, `api`, `sort`, `status`, `created_by`, `updated_by`, `created_at`, `updated_at`, `deleted_at`) VALUES (7000105, 70001, 3, 'shop:hot:items', '', '', '', '{\"title\": \"热门推荐选项\"}', '[]', 0, 1, 1, 1, '2025-03-13 09:52:57', '2025-04-18 10:18:40', 0);
INSERT INTO `base_menu` (`id`, `parent_id`, `type`, `path`, `name`, `component`, `redirect`, `meta`, `api`, `sort`, `status`, `created_by`, `updated_by`, `created_at`, `updated_at`, `deleted_at`) VALUES (70002, 700, 2, 'shop/hot/item', 'ShopHotItem', 'shop/hot/item', '', '{\"icon\": \"Star\", \"title\": \"热门推荐选项数据\", \"hidden\": true, \"keep_alive\": true, \"always_show\": false}', '[\"/shop.admin.v1.ShopHotService/PageShopHotItem\"]', 610, 1, 1, 1, '2025-03-13 09:52:57', '2025-04-18 10:18:40', 0);
INSERT INTO `base_menu` (`id`, `parent_id`, `type`, `path`, `name`, `component`, `redirect`, `meta`, `api`, `sort`, `status`, `created_by`, `updated_by`, `created_at`, `updated_at`, `deleted_at`) VALUES (7000201, 70002, 3, 'shop:hot-item:create', '', '', '', '{\"title\": \"新增热门推荐选项数据\"}', '[\"/shop.admin.v1.ShopHotService/CreateShopHotItem\"]', 1, 1, 1, 1, '2025-03-13 09:52:57', '2025-04-18 10:18:40', 0);
INSERT INTO `base_menu` (`id`, `parent_id`, `type`, `path`, `name`, `component`, `redirect`, `meta`, `api`, `sort`, `status`, `created_by`, `updated_by`, `created_at`, `updated_at`, `deleted_at`) VALUES (7000202, 70002, 3, 'shop:hot-item:delete', '', '', '', '{\"title\": \"删除热门推荐选项数据\"}', '[\"/shop.admin.v1.ShopHotService/DeleteShopHotItem\"]', 1, 1, 1, 1, '2025-03-13 09:52:57', '2025-04-18 10:18:40', 0);
INSERT INTO `base_menu` (`id`, `parent_id`, `type`, `path`, `name`, `component`, `redirect`, `meta`, `api`, `sort`, `status`, `created_by`, `updated_by`, `created_at`, `updated_at`, `deleted_at`) VALUES (7000203, 70002, 3, 'shop:hot-item:update', '', '', '', '{\"title\": \"编辑热门推荐选项数据\"}', '[\"/shop.admin.v1.ShopHotService/GetShopHotItem\", \"/shop.admin.v1.ShopHotService/UpdateShopHotItem\"]', 1, 1, 1, 1, '2025-03-13 09:52:57', '2025-04-18 10:18:40', 0);
INSERT INTO `base_menu` (`id`, `parent_id`, `type`, `path`, `name`, `component`, `redirect`, `meta`, `api`, `sort`, `status`, `created_by`, `updated_by`, `created_at`, `updated_at`, `deleted_at`) VALUES (7000204, 70002, 3, 'shop:hot-item:status', '', '', '', '{\"title\": \"修改热门推荐选项数据状态\"}', '[\"/shop.admin.v1.ShopHotService/SetShopHotItemStatus\"]', 1, 1, 1, 1, '2025-03-13 09:52:57', '2025-04-18 10:18:40', 0);
INSERT INTO `base_menu` (`id`, `parent_id`, `type`, `path`, `name`, `component`, `redirect`, `meta`, `api`, `sort`, `status`, `created_by`, `updated_by`, `created_at`, `updated_at`, `deleted_at`) VALUES (70003, 700, 2, 'recommend/request', 'RecommendRequest', 'shop/recommend/request/index', '', '{\"icon\": \"Connection\", \"title\": \"推荐请求\", \"hidden\": false, \"keep_alive\": true, \"always_show\": false}', '[\"/shop.admin.v1.RecommendRequestService/PageRecommendRequest\", \"/shop.admin.v1.RecommendRequestService/GetRecommendRequest\", \"/shop.admin.v1.RecommendRequestService/ListRecommendRequestEvent\"]', 615, 1, 1, 1, '2026-04-24 00:00:00', '2026-04-24 00:00:00', 0);
INSERT INTO `base_menu` (`id`, `parent_id`, `type`, `path`, `name`, `component`, `redirect`, `meta`, `api`, `sort`, `status`, `created_by`, `updated_by`, `created_at`, `updated_at`, `deleted_at`) VALUES (70004, 700, 2, 'recommend/request/detail/:requestRecordId', 'RecommendRequestDetail', 'shop/recommend/request/detail/index', '', '{\"icon\": \"Connection\", \"title\": \"推荐请求详情\", \"hidden\": true, \"keep_alive\": true, \"always_show\": false}', '[\"/shop.admin.v1.RecommendRequestService/GetRecommendRequest\", \"/shop.admin.v1.RecommendRequestService/ListRecommendRequestEvent\"]', 616, 1, 1, 1, '2026-04-24 00:00:00', '2026-04-24 00:00:00', 0);
INSERT INTO `base_menu` (`id`, `parent_id`, `type`, `path`, `name`, `component`, `redirect`, `meta`, `api`, `sort`, `status`, `created_by`, `updated_by`, `created_at`, `updated_at`, `deleted_at`) VALUES (70005, 700, 1, '', '', 'Layout', '', '{\"icon\": \"DataAnalysis\", \"title\": \"Gorse 推荐\", \"hidden\": false, \"keep_alive\": false, \"always_show\": true}', '[]', 620, 1, 1, 1, '2026-04-23 00:00:00', '2026-04-23 00:00:00', 0);
INSERT INTO `base_menu` (`id`, `parent_id`, `type`, `path`, `name`, `component`, `redirect`, `meta`, `api`, `sort`, `status`, `created_by`, `updated_by`, `created_at`, `updated_at`, `deleted_at`) VALUES (7000501, 70005, 2, 'gorse/overview', 'GorseOverview', 'shop/gorse/overview/index', '', '{\"icon\": \"DataAnalysis\", \"title\": \"推荐概览\", \"hidden\": false, \"keep_alive\": true, \"always_show\": false}', '[\"/shop.admin.v1.RecommendGorseService/GetTimeSeries\", \"/shop.admin.v1.RecommendGorseService/OptionCategory\", \"/shop.admin.v1.RecommendGorseService/ListDashboardItem\", \"/shop.admin.v1.RecommendGorseService/GetConfig\"]', 1, 1, 1, 1, '2026-04-23 00:00:00', '2026-04-23 00:00:00', 0);
INSERT INTO `base_menu` (`id`, `parent_id`, `type`, `path`, `name`, `component`, `redirect`, `meta`, `api`, `sort`, `status`, `created_by`, `updated_by`, `created_at`, `updated_at`, `deleted_at`) VALUES (7000502, 70005, 2, 'gorse/task', 'GorseTask', 'shop/gorse/task/index', '', '{"icon": "Timer", "title": "任务状态", "hidden": false, "keep_alive": true, "always_show": false}', '["/shop.admin.v1.RecommendGorseService/ListTask"]', 2, 1, 1, 1, '2026-04-23 00:00:00', '2026-04-23 00:00:00', 0);
INSERT INTO `base_menu` (`id`, `parent_id`, `type`, `path`, `name`, `component`, `redirect`, `meta`, `api`, `sort`, `status`, `created_by`, `updated_by`, `created_at`, `updated_at`, `deleted_at`) VALUES (7000503, 70005, 2, 'gorse/user', 'GorseUser', 'shop/gorse/user/index', '', '{"icon": "User", "title": "推荐用户", "hidden": false, "keep_alive": true, "always_show": false}', '["/shop.admin.v1.RecommendGorseService/PageUser", "/shop.admin.v1.RecommendGorseService/GetUser", "/shop.admin.v1.RecommendGorseService/DeleteUser", "/shop.admin.v1.RecommendGorseService/GetUserSimilar", "/shop.admin.v1.RecommendGorseService/GetUserFeedback", "/shop.admin.v1.RecommendGorseService/GetUserRecommend"]', 3, 1, 1, 1, '2026-04-23 00:00:00', '2026-04-23 00:00:00', 0);
INSERT INTO `base_menu` (`id`, `parent_id`, `type`, `path`, `name`, `component`, `redirect`, `meta`, `api`, `sort`, `status`, `created_by`, `updated_by`, `created_at`, `updated_at`, `deleted_at`) VALUES (7000504, 70005, 2, 'gorse/user/similar/:userId', 'GorseUserSimilar', 'shop/gorse/user/similar/index', '', '{"icon": "User", "title": "相似用户", "hidden": true, "keep_alive": true, "always_show": false}', '["/shop.admin.v1.RecommendGorseService/GetUser", "/shop.admin.v1.RecommendGorseService/GetUserSimilar"]', 31, 1, 1, 1, '2026-04-23 00:00:00', '2026-04-23 00:00:00', 0);
INSERT INTO `base_menu` (`id`, `parent_id`, `type`, `path`, `name`, `component`, `redirect`, `meta`, `api`, `sort`, `status`, `created_by`, `updated_by`, `created_at`, `updated_at`, `deleted_at`) VALUES (7000505, 70005, 2, 'gorse/user/recommend/:userId', 'GorseUserRecommend', 'shop/gorse/user/recommend/index', '', '{"icon": "Star", "title": "用户推荐", "hidden": true, "keep_alive": true, "always_show": false}', '["/shop.admin.v1.RecommendGorseService/GetUser", "/shop.admin.v1.RecommendGorseService/GetUserRecommend", "/shop.admin.v1.RecommendGorseService/OptionCategory"]', 32, 1, 1, 1, '2026-04-23 00:00:00', '2026-04-23 00:00:00', 0);
INSERT INTO `base_menu` (`id`, `parent_id`, `type`, `path`, `name`, `component`, `redirect`, `meta`, `api`, `sort`, `status`, `created_by`, `updated_by`, `created_at`, `updated_at`, `deleted_at`) VALUES (7000506, 70005, 2, 'gorse/user/feedback/:userId', 'GorseUserFeedback', 'shop/gorse/user/recommend/feedback', '', '{"icon": "ChatLineRound", "title": "用户反馈", "hidden": true, "keep_alive": true, "always_show": false}', '["/shop.admin.v1.RecommendGorseService/GetUser", "/shop.admin.v1.RecommendGorseService/GetUserFeedback"]', 33, 1, 1, 1, '2026-04-28 00:00:00', '2026-04-28 00:00:00', 0);
INSERT INTO `base_menu` (`id`, `parent_id`, `type`, `path`, `name`, `component`, `redirect`, `meta`, `api`, `sort`, `status`, `created_by`, `updated_by`, `created_at`, `updated_at`, `deleted_at`) VALUES (7000507, 70005, 2, 'gorse/item', 'GorseItem', 'shop/gorse/item/index', '', '{"icon": "Goods", "title": "推荐商品", "hidden": false, "keep_alive": true, "always_show": false}', '["/shop.admin.v1.RecommendGorseService/PageItem", "/shop.admin.v1.RecommendGorseService/GetItem", "/shop.admin.v1.RecommendGorseService/DeleteItem", "/shop.admin.v1.RecommendGorseService/GetItemSimilar"]', 4, 1, 1, 1, '2026-04-23 00:00:00', '2026-04-23 00:00:00', 0);
INSERT INTO `base_menu` (`id`, `parent_id`, `type`, `path`, `name`, `component`, `redirect`, `meta`, `api`, `sort`, `status`, `created_by`, `updated_by`, `created_at`, `updated_at`, `deleted_at`) VALUES (7000508, 70005, 2, 'gorse/item/similar/:itemId', 'GorseItemSimilar', 'shop/gorse/item/similar/index', '', '{"icon": "Goods", "title": "相似商品", "hidden": true, "keep_alive": true, "always_show": false}', '["/shop.admin.v1.RecommendGorseService/GetItem", "/shop.admin.v1.RecommendGorseService/GetItemSimilar"]', 41, 1, 1, 1, '2026-04-23 00:00:00', '2026-04-23 00:00:00', 0);
INSERT INTO `base_menu` (`id`, `parent_id`, `type`, `path`, `name`, `component`, `redirect`, `meta`, `api`, `sort`, `status`, `created_by`, `updated_by`, `created_at`, `updated_at`, `deleted_at`) VALUES (7000509, 70005, 2, 'gorse/advance', 'GorseAdvance', 'shop/gorse/advance/index', '', '{\"icon\": \"Operation\", \"title\": \"高级调试\", \"hidden\": false, \"keep_alive\": true, \"always_show\": false}', '[\"/shop.admin.v1.RecommendGorseService/ExportData\", \"/shop.admin.v1.RecommendGorseService/ImportData\"]', 5, 1, 1, 1, '2026-04-23 00:00:00', '2026-04-23 00:00:00', 0);
INSERT INTO `base_menu` (`id`, `parent_id`, `type`, `path`, `name`, `component`, `redirect`, `meta`, `api`, `sort`, `status`, `created_by`, `updated_by`, `created_at`, `updated_at`, `deleted_at`) VALUES (7000510, 70005, 2, 'gorse/flow', 'GorseFlow', 'shop/gorse/flow/index', '', '{\"icon\": \"Share\", \"title\": \"推荐编排\", \"hidden\": false, \"keep_alive\": true, \"always_show\": false}', '[\"/shop.admin.v1.RecommendGorseService/GetConfig\", \"/shop.admin.v1.RecommendGorseService/SaveConfig\", \"/shop.admin.v1.RecommendGorseService/ResetConfig\", \"/shop.admin.v1.RecommendGorseService/PreviewExternal\", \"/shop.admin.v1.RecommendGorseService/PreviewRankerPrompt\"]', 6, 1, 1, 1, '2026-04-23 00:00:00', '2026-04-23 00:00:00', 0);
INSERT INTO `base_menu` (`id`, `parent_id`, `type`, `path`, `name`, `component`, `redirect`, `meta`, `api`, `sort`, `status`, `created_by`, `updated_by`, `created_at`, `updated_at`, `deleted_at`) VALUES (7000511, 70005, 2, 'gorse/config', 'GorseConfig', 'shop/gorse/config/index', '', '{\"icon\": \"Setting\", \"title\": \"推荐配置\", \"hidden\": false, \"keep_alive\": true, \"always_show\": false}', '[\"/shop.admin.v1.RecommendGorseService/GetConfig\"]', 7, 1, 1, 1, '2026-04-23 00:00:00', '2026-04-23 00:00:00', 0);
INSERT INTO `base_menu` (`id`, `parent_id`, `type`, `path`, `name`, `component`, `redirect`, `meta`, `api`, `sort`, `status`, `created_by`, `updated_by`, `created_at`, `updated_at`, `deleted_at`) VALUES (800, 0, 1, '', '', 'Layout', '', '{\"icon\": \"Operation\", \"title\": \"开发工具\", \"hidden\": false, \"keep_alive\": false, \"always_show\": true}', '[]', 70, 1, 1, 1, '2026-07-15 00:00:00', '2026-07-15 00:00:00', 0);
INSERT INTO `base_menu` (`id`, `parent_id`, `type`, `path`, `name`, `component`, `redirect`, `meta`, `api`, `sort`, `status`, `created_by`, `updated_by`, `created_at`, `updated_at`, `deleted_at`) VALUES (80001, 800, 2, 'code/gen/table', 'CodeGenTable', 'system/tool/code-gen/table/index', '', '{\"icon\": \"Operation\", \"title\": \"代码生成\", \"hidden\": false, \"keep_alive\": true, \"always_show\": false}', '[\"/system.admin.v1.CodeGenTableService/PageCodeGenTable\", \"/system.admin.v1.BaseMenuService/TreeBaseMenu\"]', 1, 1, 1, 1, '2026-07-15 00:00:00', '2026-07-15 00:00:00', 0);
INSERT INTO `base_menu` (`id`, `parent_id`, `type`, `path`, `name`, `component`, `redirect`, `meta`, `api`, `sort`, `status`, `created_by`, `updated_by`, `created_at`, `updated_at`, `deleted_at`) VALUES (8000101, 80001, 3, 'tool:code-gen-table:create', '', '', '', '{\"title\": \"新增代码生成表配置\"}', '[\"/system.admin.v1.CodeGenTableService/ListCodeGenDatabaseTable\", \"/system.admin.v1.CodeGenColumnService/ListCodeGenDatabaseColumn\", \"/system.admin.v1.BaseMenuService/TreeBaseMenu\", \"/system.admin.v1.BaseDictService/OptionBaseDict\", \"/system.admin.v1.CodeGenTableService/CreateCodeGenTable\"]', 1, 1, 1, 1, '2026-07-22 00:00:00', '2026-07-22 00:00:00', 0);
INSERT INTO `base_menu` (`id`, `parent_id`, `type`, `path`, `name`, `component`, `redirect`, `meta`, `api`, `sort`, `status`, `created_by`, `updated_by`, `created_at`, `updated_at`, `deleted_at`) VALUES (8000102, 80001, 3, 'tool:code-gen-table:update', '', '', '', '{\"title\": \"编辑代码生成表配置\"}', '[\"/system.admin.v1.CodeGenTableService/ListCodeGenDatabaseTable\", \"/system.admin.v1.CodeGenColumnService/ListCodeGenDatabaseColumn\", \"/system.admin.v1.BaseMenuService/TreeBaseMenu\", \"/system.admin.v1.BaseDictService/OptionBaseDict\", \"/system.admin.v1.CodeGenTableService/GetCodeGenTable\", \"/system.admin.v1.CodeGenTableService/UpdateCodeGenTable\"]', 2, 1, 1, 1, '2026-07-22 00:00:00', '2026-07-22 00:00:00', 0);
INSERT INTO `base_menu` (`id`, `parent_id`, `type`, `path`, `name`, `component`, `redirect`, `meta`, `api`, `sort`, `status`, `created_by`, `updated_by`, `created_at`, `updated_at`, `deleted_at`) VALUES (8000103, 80001, 3, 'tool:code-gen-table:delete', '', '', '', '{\"title\": \"删除代码生成表配置\"}', '[\"/system.admin.v1.CodeGenTableService/DeleteCodeGenTable\"]', 3, 1, 1, 1, '2026-07-15 00:00:00', '2026-07-15 00:00:00', 0);
INSERT INTO `base_menu` (`id`, `parent_id`, `type`, `path`, `name`, `component`, `redirect`, `meta`, `api`, `sort`, `status`, `created_by`, `updated_by`, `created_at`, `updated_at`, `deleted_at`) VALUES (8000104, 80001, 3, 'tool:code-gen-table:column', '', '', '', '{\"title\": \"维护代码生成字段配置\"}', '[\"/system.admin.v1.CodeGenColumnService/SaveCodeGenColumn\"]', 4, 1, 1, 1, '2026-07-15 00:00:00', '2026-07-15 00:00:00', 0);
INSERT INTO `base_menu` (`id`, `parent_id`, `type`, `path`, `name`, `component`, `redirect`, `meta`, `api`, `sort`, `status`, `created_by`, `updated_by`, `created_at`, `updated_at`, `deleted_at`) VALUES (8000105, 80001, 3, 'tool:code-gen-table:proto', '', '', '', '{\"title\": \"维护代码生成Proto配置\"}', '[\"/system.admin.v1.CodeGenProtoService/ListCodeGenProto\", \"/system.admin.v1.CodeGenProtoService/SaveCodeGenProto\"]', 5, 1, 1, 1, '2026-07-15 00:00:00', '2026-07-15 00:00:00', 0);
INSERT INTO `base_menu` (`id`, `parent_id`, `type`, `path`, `name`, `component`, `redirect`, `meta`, `api`, `sort`, `status`, `created_by`, `updated_by`, `created_at`, `updated_at`, `deleted_at`) VALUES (8000106, 80001, 3, 'tool:code-gen-table:preview', '', '', '', '{\"title\": \"预览代码生成页面\"}', '[]', 6, 1, 1, 1, '2026-07-16 00:00:00', '2026-07-16 00:00:00', 0);
INSERT INTO `base_menu` (`id`, `parent_id`, `type`, `path`, `name`, `component`, `redirect`, `meta`, `api`, `sort`, `status`, `created_by`, `updated_by`, `created_at`, `updated_at`, `deleted_at`) VALUES (8000107, 80001, 3, 'tool:code-gen-table:code-preview', '', '', '', '{\"title\": \"预览代码生成文件\"}', '[\"/system.admin.v1.CodeGenService/PreviewCodeGen\"]', 7, 1, 1, 1, '2026-07-17 00:00:00', '2026-07-17 00:00:00', 0);
INSERT INTO `base_menu` (`id`, `parent_id`, `type`, `path`, `name`, `component`, `redirect`, `meta`, `api`, `sort`, `status`, `created_by`, `updated_by`, `created_at`, `updated_at`, `deleted_at`) VALUES (8000108, 80001, 3, 'tool:code-gen-table:generate', '', '', '', '{\"title\": \"执行代码生成\"}', '[\"/system.admin.v1.CodeGenService/StartCodeGenTask\", \"/system.admin.v1.CodeGenService/GetCodeGenTask\", \"/base.v1.SseService/SubscribeSse\"]', 8, 1, 1, 1, '2026-07-17 00:00:00', '2026-07-17 00:00:00', 0);
INSERT INTO `base_menu` (`id`, `parent_id`, `type`, `path`, `name`, `component`, `redirect`, `meta`, `api`, `sort`, `status`, `created_by`, `updated_by`, `created_at`, `updated_at`, `deleted_at`) VALUES (80002, 800, 2, 'code/gen/column/:tableId', 'CodeGenColumn', 'system/tool/code-gen/columns/index', '', '{\"icon\": \"SetUp\", \"title\": \"代码生成字段配置\", \"hidden\": true, \"keep_alive\": true, \"always_show\": false}', '[\"/system.admin.v1.CodeGenTableService/GetCodeGenTable\", \"/system.admin.v1.CodeGenTableService/ListCodeGenDatabaseTable\", \"/system.admin.v1.CodeGenColumnService/ListCodeGenDatabaseColumn\", \"/system.admin.v1.CodeGenColumnService/ListCodeGenColumn\", \"/system.admin.v1.BaseDictService/OptionBaseDict\"]', 2, 1, 1, 1, '2026-07-15 00:00:00', '2026-07-15 00:00:00', 0);
INSERT INTO `base_menu` (`id`, `parent_id`, `type`, `path`, `name`, `component`, `redirect`, `meta`, `api`, `sort`, `status`, `created_by`, `updated_by`, `created_at`, `updated_at`, `deleted_at`) VALUES (80003, 800, 2, 'code/gen/proto/:tableId', 'CodeGenProto', 'system/tool/code-gen/proto/index', '', '{\"icon\": \"Connection\", \"title\": \"代码生成Proto配置\", \"hidden\": true, \"keep_alive\": true, \"always_show\": false}', '[\"/system.admin.v1.CodeGenTableService/GetCodeGenTable\", \"/system.admin.v1.CodeGenTableService/ListCodeGenDatabaseTable\", \"/system.admin.v1.CodeGenColumnService/ListCodeGenDatabaseColumn\", \"/system.admin.v1.CodeGenColumnService/ListCodeGenColumn\", \"/system.admin.v1.CodeGenProtoService/ListCodeGenProto\"]', 3, 1, 1, 1, '2026-07-15 00:00:00', '2026-07-15 00:00:00', 0);
INSERT INTO `base_menu` (`id`, `parent_id`, `type`, `path`, `name`, `component`, `redirect`, `meta`, `api`, `sort`, `status`, `created_by`, `updated_by`, `created_at`, `updated_at`, `deleted_at`) VALUES (80004, 800, 2, 'code/gen/preview/:tableId', 'CodeGenPreview', 'system/tool/code-gen/preview/index', '', '{\"icon\": \"View\", \"title\": \"代码生成页面预览\", \"hidden\": true, \"keep_alive\": false, \"always_show\": false}', '[\"/system.admin.v1.CodeGenTableService/GetCodeGenTable\", \"/system.admin.v1.CodeGenColumnService/ListCodeGenColumn\", \"/system.admin.v1.CodeGenProtoService/ListCodeGenProto\", \"/system.admin.v1.BaseDictService/OptionBaseDict\"]', 4, 1, 1, 1, '2026-07-16 00:00:00', '2026-07-16 00:00:00', 0);
INSERT INTO `base_menu` (`id`, `parent_id`, `type`, `path`, `name`, `component`, `redirect`, `meta`, `api`, `sort`, `status`, `created_by`, `updated_by`, `created_at`, `updated_at`, `deleted_at`) VALUES (80005, 800, 2, 'code/gen/code/preview/:tableId', 'CodeGenCodePreview', 'system/tool/code-gen/code-preview/index', '', '{\"icon\": \"Document\", \"title\": \"代码生成代码预览\", \"hidden\": true, \"keep_alive\": false, \"always_show\": false}', '[\"/system.admin.v1.CodeGenTableService/GetCodeGenTable\", \"/system.admin.v1.CodeGenService/PreviewCodeGen\"]', 5, 1, 1, 1, '2026-07-18 00:00:00', '2026-07-18 00:00:00', 0);
INSERT INTO `base_menu` (`id`, `parent_id`, `type`, `path`, `name`, `component`, `redirect`, `meta`, `api`, `sort`, `status`, `created_by`, `updated_by`, `created_at`, `updated_at`, `deleted_at`) VALUES (80006, 800, 2, 'api-doc', 'ApiDocument', 'system/tool/api-doc/index', '', '{\"icon\": \"Document\", \"title\": \"API文档\", \"hidden\": false, \"keep_alive\": false, \"always_show\": false}', '[]', 10, 1, 1, 1, '2026-07-22 00:00:00', '2026-07-22 00:00:00', 0);
INSERT INTO `base_menu` (`id`, `parent_id`, `type`, `path`, `name`, `component`, `redirect`, `meta`, `api`, `sort`, `status`, `created_by`, `updated_by`, `created_at`, `updated_at`, `deleted_at`) VALUES (900, 0, 1, '', '', 'Layout', '', '{\"icon\": \"Coin\", \"title\": \"支付管理\", \"hidden\": false, \"keep_alive\": false, \"always_show\": true}', '[]', 80, 1, 1, 1, '2025-04-22 11:54:16', '2025-04-22 11:54:27', 0);
INSERT INTO `base_menu` (`id`, `parent_id`, `type`, `path`, `name`, `component`, `redirect`, `meta`, `api`, `sort`, `status`, `created_by`, `updated_by`, `created_at`, `updated_at`, `deleted_at`) VALUES (90001, 900, 2, 'pay/bill', 'PayBill', 'shop/pay/bill/index', '', '{\"icon\": \"Document\", \"title\": \"交易账单\", \"hidden\": false, \"keep_alive\": true, \"always_show\": false}', '[\"/shop.admin.v1.PayBillService/PagePayBill\"]', 800, 1, 1, 1, '2025-04-22 11:59:02', '2025-04-24 00:18:03', 0);
INSERT INTO `base_menu` (`id`, `parent_id`, `type`, `path`, `name`, `component`, `redirect`, `meta`, `api`, `sort`, `status`, `created_by`, `updated_by`, `created_at`, `updated_at`, `deleted_at`) VALUES (9000101, 90001, 3, 'pay:bill:download', '', '', '', '{\"title\": \"下载账单\"}', '[]', 1, 1, 1, 1, '2025-03-13 09:52:57', '2025-04-18 10:18:40', 0);
INSERT INTO `base_menu` (`id`, `parent_id`, `type`, `path`, `name`, `component`, `redirect`, `meta`, `api`, `sort`, `status`, `created_by`, `updated_by`, `created_at`, `updated_at`, `deleted_at`) VALUES (999, 0, 1, '', '', 'Layout', '', '{\"icon\": \"Hide\", \"title\": \"隐藏目录\", \"hidden\": true, \"keep_alive\": false, \"always_show\": false}', '[]', 90, 1, 1, 1, '2025-04-13 00:40:24', '2025-04-18 10:18:39', 0);
INSERT INTO `base_menu` (`id`, `parent_id`, `type`, `path`, `name`, `component`, `redirect`, `meta`, `api`, `sort`, `status`, `created_by`, `updated_by`, `created_at`, `updated_at`, `deleted_at`) VALUES (99901, 999, 2, 'app', 'App', 'app/index', '', '{\"icon\": \"Iphone\", \"title\": \"移动端\", \"hidden\": true, \"keep_alive\": false, \"always_show\": false}', '[\"/base.v1.AiToolService/ListAiShortcut\", \"/system.app.v1.AuthService/GetUserProfile\", \"/system.app.v1.AuthService/BindUserPhone\", \"/system.app.v1.AuthService/UpdateUserProfile\", \"/system.app.v1.BaseAreaService/TreeBaseArea\", \"/system.app.v1.BaseDictService/GetBaseDict\", \"/shop.app.v1.CommentService/GoodsCommentOverview\", \"/shop.app.v1.CommentService/PageGoodsComment\", \"/shop.app.v1.CommentService/PageCommentDiscussion\", \"/shop.app.v1.CommentService/CreateCommentDiscussion\", \"/shop.app.v1.CommentService/SaveCommentReaction\", \"/shop.app.v1.CommentService/PagePendingCommentGoods\", \"/shop.app.v1.CommentService/CreateComment\", \"/shop.app.v1.CommentService/DeleteComment\", \"/shop.app.v1.CommentService/PageMyComment\", \"/shop.app.v1.OrderInfoService/CancelOrderInfo\", \"/shop.app.v1.OrderInfoService/CountOrderInfo\", \"/shop.app.v1.OrderInfoService/CreateOrderInfo\", \"/shop.app.v1.OrderInfoService/DeleteOrderInfo\", \"/shop.app.v1.OrderInfoService/GetOrderInfoById\", \"/shop.app.v1.OrderInfoService/GetOrderInfoIdByOrderNo\", \"/shop.app.v1.OrderInfoService/BuyNowOrderInfo\", \"/shop.app.v1.OrderInfoService/ConfirmOrderInfo\", \"/shop.app.v1.OrderInfoService/RepurchaseOrderInfo\", \"/shop.app.v1.OrderInfoService/PageOrderInfo\", \"/shop.app.v1.OrderInfoService/ReceiveOrderInfo\", \"/shop.app.v1.OrderInfoService/RefundOrderInfo\", \"/shop.app.v1.OrderInfoService/GetOrderTradeById\", \"/shop.app.v1.OrderInfoService/DeleteOrderTrade\", \"/shop.app.v1.PayService/H5Pay\", \"/shop.app.v1.PayService/JsapiPay\", \"/shop.app.v1.RecommendService/RecommendAnonymousActor\", \"/shop.app.v1.RecommendService/BindRecommendAnonymousActor\", \"/shop.app.v1.RecommendService/RecommendGoods\", \"/shop.app.v1.RecommendService/RecommendEventReport\", \"/shop.app.v1.UserAddressService/CreateUserAddress\", \"/shop.app.v1.UserAddressService/DeleteUserAddress\", \"/shop.app.v1.UserAddressService/GetUserAddress\", \"/shop.app.v1.UserAddressService/ListUserAddress\", \"/shop.app.v1.UserAddressService/UpdateUserAddress\", \"/shop.app.v1.UserCartService/CountUserCart\", \"/shop.app.v1.UserCartService/CreateUserCart\", \"/shop.app.v1.UserCartService/DeleteUserCart\", \"/shop.app.v1.UserCartService/ListUserCart\", \"/shop.app.v1.UserCartService/SetUserCartSelection\", \"/shop.app.v1.UserCartService/SetUserCartStatus\", \"/shop.app.v1.UserCartService/UpdateUserCart\", \"/shop.app.v1.UserCollectService/CreateUserCollect\", \"/shop.app.v1.UserCollectService/DeleteUserCollect\", \"/shop.app.v1.UserCollectService/GetIsCollect\", \"/shop.app.v1.UserCollectService/PageUserCollect\", \"/base.v1.FileService/DownloadFile\", \"/base.v1.FileService/MultiUploadFile\", \"/base.v1.FileService/UploadFile\", \"/base.v1.LoginService/Logout\", \"/base.v1.LoginService/RefreshToken\", \"/base.v1.OauthService/ListOauthBinding\", \"/base.v1.OauthService/CreateOauthBindingAuthorization\", \"/base.v1.OauthService/UnbindOauthAccount\", \"/base.v1.AiSessionService/ListAiSession\", \"/base.v1.AiSessionService/CreateAiSession\", \"/base.v1.AiSessionService/UpdateAiSession\", \"/base.v1.AiSessionService/DeleteAiSession\", \"/base.v1.AiSessionService/ListAiMessage\", \"/base.v1.AiSessionService/CreateAiSessionBranch\", \"/base.v1.AiMessageService/SendAiMessage\", \"/base.v1.AiMessageService/DeleteAiMessage\", \"/base.v1.AiMessageService/UpdateAiMessage\", \"/base.v1.AiMessageService/RetryAiUserMessage\", \"/base.v1.AiMessageService/RegenerateAiMessage\", \"/shop.app.v1.GoodsInfoService/PageGoodsInfo\", \"/shop.app.v1.GoodsInfoService/GetGoodsInfo\", \"/shop.app.v1.TenantStoreService/GetTenantStore\", \"/shop.app.v1.UserStoreService/CreateUserStore\", \"/shop.app.v1.UserStoreService/GetUserStore\", \"/shop.app.v1.UserStoreService/UpdateUserStore\"]', 900, 1, 1, 1, '2025-04-13 00:46:12', '2026-03-27 16:01:50', 0);

TRUNCATE TABLE `base_role`;
INSERT INTO `base_role` (`id`, `tenant_id`, `name`, `code`, `data_scope`, `menus`, `status`, `remark`, `created_by`, `updated_by`, `created_at`, `updated_at`, `deleted_at`) VALUES (1, 1, '超级管理员', 'super', 1, '[]', 1, '超级管理员拥有对系统的最高权限', 1, 1, '2025-03-13 09:52:39', '2025-03-13 09:52:39', 0);
INSERT INTO `base_role` (`id`, `tenant_id`, `name`, `code`, `data_scope`, `menus`, `status`, `remark`, `created_by`, `updated_by`, `created_at`, `updated_at`, `deleted_at`) VALUES (2, 1, '租户管理员', 'tenant', 1, '[100, 10001, 10005, 10002, 1000202, 1000203, 10003, 1000301, 1000302, 1000303, 1000304, 300, 30001, 3000101, 3000102, 3000103, 3000104, 3000105, 30002, 3000201, 3000202, 3000203, 3000204, 3000205, 30003, 3000301, 3000302, 3000303, 3000304, 30005, 3000501, 3000502, 3000503, 3000504, 400, 40002, 4000201, 4000202, 4000203, 4000204, 40003, 4000301, 4000302, 40004, 4000401, 40005, 4000501, 4000502, 4000503, 40006, 4000601, 40007, 4000701, 4000702, 40008, 500, 50001, 5000101, 5000102, 5000103, 50002, 50003, 600, 60003, 6000301, 6000302, 6000303]', 1, '默认租户管理员权限模板，可由默认租户维护', 1, 1, '2025-03-13 09:52:39', '2026-07-10 00:00:00', 0);
INSERT INTO `base_role` (`id`, `tenant_id`, `name`, `code`, `data_scope`, `menus`, `status`, `remark`, `created_by`, `updated_by`, `created_at`, `updated_at`, `deleted_at`) VALUES (3, 1, '管理员', 'admin', 1, '[100, 10001, 10004, 10002, 1000201, 1000202, 1000203, 10003, 1000301, 1000303, 1000302, 1000304, 10005, 200, 20002, 2000205, 20003, 2000301, 2000302, 2000303, 2000304, 20004, 2000403, 2000405, 20008, 2000801, 2000802, 2000803, 2000804, 20005, 2000501, 2000502, 2000503, 2000504, 300, 30001, 3000101, 3000102, 3000103, 3000104, 3000105, 30002, 3000201, 3000202, 3000203, 3000204, 3000205, 30003, 3000301, 3000302, 3000303, 3000304, 30005, 3000501, 3000502, 3000503, 3000504, 30004, 3000401, 400, 40001, 4000101, 4000102, 4000103, 4000104, 40002, 4000201, 4000202, 4000203, 4000204, 40003, 4000301, 4000302, 40004, 4000401, 40005, 4000501, 4000502, 4000503, 40006, 4000601, 40007, 4000701, 4000702, 40008, 500, 50001, 5000101, 5000102, 5000103, 50002, 50003, 600, 60003, 6000301, 6000302, 6000303, 6000304, 60001, 6000101, 6000102, 6000103, 6000104, 60002, 6000201, 6000202, 6000203, 6000204, 700, 70001, 7000105, 7000101, 7000102, 7000103, 7000104, 70002, 7000201, 7000202, 7000203, 7000204, 900, 90001, 9000101, 999, 99901]', 1, '系统管理员拥有对整个系统的管理权限', 1, 1, '2025-03-13 09:52:39', '2026-07-05 00:00:00', 0);
INSERT INTO `base_role` (`id`, `tenant_id`, `name`, `code`, `data_scope`, `menus`, `status`, `remark`, `created_by`, `updated_by`, `created_at`, `updated_at`, `deleted_at`) VALUES (4, 1, '认证用户', 'authuser', 4, '[999, 99901]', 1, '认证用户没有管理权限，只有设备和APP的使用权限', 1, 1, '2025-03-13 09:52:39', '2026-06-09 09:11:58', 0);
INSERT INTO `base_role` (`id`, `tenant_id`, `name`, `code`, `data_scope`, `menus`, `status`, `remark`, `created_by`, `updated_by`, `created_at`, `updated_at`, `deleted_at`) VALUES (5, 1, '普通用户', 'user', 4, '[999, 99901]', 1, '普通用户只有非常有限的数据读取权限', 1, 1, '2025-03-13 09:52:39', '2026-06-09 09:12:05', 0);

TRUNCATE TABLE `base_user`;
INSERT INTO `base_user` (`id`, `tenant_id`, `user_name`, `nick_name`, `role_id`, `post_id`, `dept_id`, `phone`, `password`, `gender`, `avatar`, `status`, `remark`, `created_by`, `updated_by`, `created_at`, `updated_at`, `deleted_at`) VALUES (1, 1, 'super', '超级管理员', 1, NULL,2, '19999999999', '$2a$10$NoZtpzNfskZdbZSUzWWTV.slfr4/cKQsg5SNrzlxOHehPTn60.l4m', 1, '', 1, NULL, 1, 1, '2025-03-13 09:52:44', '2025-03-13 09:52:44', 0);
INSERT INTO `base_user` (`id`, `tenant_id`, `user_name`, `nick_name`, `role_id`, `post_id`, `dept_id`, `phone`, `password`, `gender`, `avatar`, `status`, `remark`, `created_by`, `updated_by`, `created_at`, `updated_at`, `deleted_at`) VALUES (2, 1, 'admin', '管理员', 3, NULL,3, '19999911111', '$2a$10$NoZtpzNfskZdbZSUzWWTV.slfr4/cKQsg5SNrzlxOHehPTn60.l4m', 2, '', 1, '111111', 1, 1, '2025-03-13 09:52:44', '2025-03-13 09:52:44', 0);
